global_signal	global_signal_derivative1	global_signal_power2	global_signal_derivative1_power2	csf	csf_derivative1	csf_power2	csf_derivative1_power2	white_matter	white_matter_derivative1	white_matter_derivative1_power2	white_matter_power2	csf_wm	tcompcor	std_dvars	dvars	framewise_displacement	rmsd	t_comp_cor_00	t_comp_cor_01	c_comp_cor_00	c_comp_cor_01	c_comp_cor_02	c_comp_cor_03	c_comp_cor_04	c_comp_cor_05	w_comp_cor_00	w_comp_cor_01	w_comp_cor_02	w_comp_cor_03	w_comp_cor_04	w_comp_cor_05	w_comp_cor_06	w_comp_cor_07	w_comp_cor_08	w_comp_cor_09	w_comp_cor_10	w_comp_cor_11	w_comp_cor_12	w_comp_cor_13	w_comp_cor_14	a_comp_cor_00	a_comp_cor_01	a_comp_cor_02	a_comp_cor_03	a_comp_cor_04	a_comp_cor_05	a_comp_cor_06	a_comp_cor_07	a_comp_cor_08	a_comp_cor_09	a_comp_cor_10	a_comp_cor_11	a_comp_cor_12	a_comp_cor_13	edge_comp_00	edge_comp_01	edge_comp_02	edge_comp_03	edge_comp_04	edge_comp_05	edge_comp_06	edge_comp_07	edge_comp_08	edge_comp_09	edge_comp_10	edge_comp_11	edge_comp_12	edge_comp_13	edge_comp_14	edge_comp_15	edge_comp_16	edge_comp_17	edge_comp_18	edge_comp_19	edge_comp_20	edge_comp_21	edge_comp_22	edge_comp_23	cosine00	cosine01	trans_x	trans_x_derivative1	trans_x_derivative1_power2	trans_x_power2	trans_y	trans_y_derivative1	trans_y_derivative1_power2	trans_y_power2	trans_z	trans_z_derivative1	trans_z_power2	trans_z_derivative1_power2	rot_x	rot_x_derivative1	rot_x_power2	rot_x_derivative1_power2	rot_y	rot_y_derivative1	rot_y_power2	rot_y_derivative1_power2	rot_z	rot_z_derivative1	rot_z_derivative1_power2	rot_z_power2	motion_outlier00	motion_outlier01	motion_outlier02	motion_outlier03	motion_outlier04	motion_outlier05	motion_outlier06
3884.889899627105	n/a	15092369.532224698	n/a	5327.807451801916	n/a	28385532.243476026	n/a	4004.038853102464	n/a	n/a	16032327.137154097	4342.941567221841	3180.163912075669	n/a	n/a	n/a	n/a	-0.1074740164	-0.0086843941	0.107865085	0.0835301637	-0.0448722291	0.1058843214	-0.0181762331	0.0426425585	0.1417540506	-0.078094178	0.0245442009	-0.0324804166	0.0164686063	-0.0981125845	0.023599922	-0.0563466502	0.0525696912	-0.2766823148	0.0519778012	-0.1064598341	0.039170699	-0.0112380082	0.0987820352	-0.1681575085	0.0379642605	-0.0058349813	0.0489203992	-0.1166040193	0.0151913715	-0.1259019401	-0.0632772363	0.0222268354	-0.0745119319	0.1202504816	-0.0897856493	0.0416997088	-0.1434929517	-0.1005768618	0.0137870107	-0.0417968591	0.0107120313	-0.0695066909	0.0679888523	-0.0005065142	0.0456764472	-0.0706898677	0.2017313437	-0.1305893011	0.1262188237	-0.0030364155	0.174923524	-0.2557094563	0.0282157464	-0.0493223886	0.0492756671	-0.0302506223	0.0462541058	-0.036006044	0.088823964	-0.2647854041	0.0540095366	0.153366806	0.1532882396	-0.0180677245270857	n/a	n/a	0.0003264426695866	-0.3884198881903984	n/a	n/a	0.1508700095418416	0.6053814191769078	n/a	0.3664866626846469	n/a	-0.0142934234591857	n/a	0.0002043019541836	n/a	-0.0030348504612247	n/a	9.210317321995774e-06	n/a	-0.0012327541848102	n/a	n/a	1.519682880167061e-06	0.0	0.0	0.0	0.0	0.0	0.0	0.0
3876.586123088956	-8.303776538149123	15027919.969725862	68.95270479551583	5351.380212599232	23.57276079731673	28637270.179798607	555.6750516075126	4006.476634803185	2.437781700720734	5.942779620368874	16051855.025223851	4344.200390267285	3163.6495489623417	0.925714	19.405445	0.0984648499658849	0.0529657917986127	-0.1017219074	-0.0111163824	0.0984854148	0.0786567187	-0.0027878824	0.1901589766	-0.2534460321	-0.1088917689	0.1031458706	0.0019273907	-0.1048376704	-0.0345414179	0.0135076953	0.07910659	0.1509207871	0.1098038319	-0.185338452	-0.0656564572	-0.0843885999	0.0455081091	0.2335769654	-0.1645204506	0.0037320841	-0.1446639022	0.0347289141	0.0184871785	0.0419641943	-0.1601220876	0.1533281787	-0.1293378189	0.0816399167	0.1347796629	0.0320128492	0.2955884433	0.1794997973	0.0749325287	0.1132748345	-0.0982544148	0.0055841313	-0.0222225991	0.0154325752	-0.1129624314	0.0382493873	0.043928033	0.104665991	-0.1258254206	0.1283737455	-0.1012261091	0.1223701092	0.0480719782	0.0897553136	0.0663314287	0.2414912505	0.1270879538	-0.0065415006	-0.0838362558	0.0329267955	0.0609135806	0.000409852	-0.1335181812	0.0067550305	0.1531573254	0.1524510324	-0.0187373568352029	-0.0006696323081172	4.4840742807437115e-07	0.0003510885411697	-0.3538193335598265	0.0346005546305719	0.0011971983807431	0.1251881208007197	0.583612908040287	-0.0217685111366208	0.3406040264312405	0.0004738680771051	-0.0138494997581078	0.0004439237010778	0.0001918086435498	1.9706825237870021e-07	-0.0027588479268412	0.0002760025343834	7.611241883435988e-06	7.617739898611493e-08	-0.0011241573824601	0.0001085968023501	1.17932654806667e-08	1.2637298205395435e-06	0.0	0.0	0.0	0.0	0.0	0.0	0.0
3881.03780407172	4.451680982764174	15062454.436633838	19.8174635723042	5308.260547268776	-43.11966533045688	28177630.0376902	1859.3055382106047	4004.029892202524	-2.446742600660855	5.986549353888643	16032255.377651356	4342.757392631782	3162.9790902208924	0.982602	20.597971	0.0834844811538258	0.0371689667587411	-0.1060307015	0.0161033324	0.0516830751	0.0828005017	-0.04811214	-0.0395788616	0.0008049026	0.1289405504	0.0828246101	-0.1375639949	-0.011790566	-0.0999327014	0.0072334929	-0.05548243	0.0046982075	-0.0229473276	-0.0311554847	0.0008652601	-0.1532601093	0.0283019469	-0.0447983501	-0.063677894	0.0634332119	-0.1349512323	0.01665316	0.1016189884	0.0803367407	0.0017911565	0.0291728179	-0.0362764804	0.0036819729	0.0314874722	0.142422571	-0.0038130216	-0.1339203208	-0.0287841627	0.0703666095	-0.1019537025	0.0013144926	-0.010504935	0.0083808876	-0.1037867229	0.0542615562	-0.0543915551	-0.048200484	-0.2088203306	0.0584003006	-0.0383147442	0.0612091128	0.0280214303	0.1020176545	-0.2793171694	-0.0160463432	0.0456394508	0.0451401344	-0.0567350473	-0.0005605775	-0.0424614365	0.0494871334	-0.0072100379	0.0545584143	0.1527386503	0.1507811905	-0.0018373127189192	0.0169000441162837	0.0002856114911323	3.375718027102263e-06	-0.3742920329900983	-0.0204726994302718	0.0004191314219622	0.1400945259598608	0.5587362478668467	-0.0248766601734402	0.3121861946803224	0.0006188482213848	-0.0140852563484924	-0.0002357565903846	0.0001983944464027	5.5581169909772424e-08	-0.0028691791326802	-0.0001103312058389	8.232188895407505e-06	1.2172974981887765e-08	-0.0012027711349131	-7.861375245300003e-05	6.180122074741568e-09	1.4466584029801466e-06	0.0	0.0	0.0	0.0	0.0	0.0	0.0
3873.583034611594	-7.454769460126045	15004645.526030766	55.57358770362796	5313.507540795111	5.246993526335245	28233362.386086505	27.53094106540397	4005.6779888446513	1.648096642127257	2.71622254179114	16045456.15031453	4349.422226902329	3145.8087172626856	0.945664	19.82365	0.0533418212282885	0.026693882778872	-0.1005029279	-0.0170939694	0.091076188	-0.004675643	-0.085655917	0.0763427012	0.0397453256	0.0434649181	0.0939378219	0.0509427303	0.0397847692	0.1489217781	-0.0839711852	0.0729195093	-0.061067708	0.0839901426	-0.1473813631	0.0364418716	-0.0533235934	0.0489450171	0.1786952429	-0.0087819461	0.0082417626	-0.1043729417	-0.0481105621	-0.0567039886	-0.0356266166	-0.0100407672	-0.0635550129	-0.0486884633	0.0219716714	0.1618959505	-0.0835422015	-0.0031849912	0.0856364335	0.0653821127	0.0505710604	-0.1079801697	-0.0034407596	-0.0210685127	-0.0238173143	-0.0763512343	-0.0225829709	-0.0477390868	-0.0848285958	-0.0874591856	0.1311625322	-0.0042811782	0.1806663014	0.0430140436	0.0798696439	0.1061004493	0.197646367	0.0856983662	-0.0434353837	-0.0470527291	-0.1388681919	0.0267115856	-0.013614896	-0.0021399365	0.0230423091	0.1521113526	0.148287834	-0.0202431015562467	-0.0184057888373275	0.0003387730627242	0.0004097831606165	-0.3636416531435316	0.0106503798465666	0.0001134305908761	0.1322352519009605	0.5647530348939611	0.0060167870271143	0.3189459904219396	3.620172612965201e-05	-0.014158560655043	-7.330430655059887e-05	0.0002004648398225	5.373521358864173e-09	-0.0029793574367857	-0.0001101783041054	8.876570736130255e-06	1.2139258695563981e-08	-0.0013846658346026	-0.0001818946996894	3.308568177513334e-08	1.9172994735157147e-06	0.0	0.0	0.0	0.0	0.0	0.0	0.0
3875.021256359605	1.438221748011074	15015789.737238772	2.068481796452029	5310.960934546686	-2.546606248424723	28206306.04828101	6.4852033845158426	4002.3978036733774	-3.2801851712738426	10.759614757844808	16019188.178849475	4347.787079416352	3132.6823389613214	0.904186	18.954168	0.0935724294352382	0.0539052071521105	-0.1099964656	0.0099079025	0.0597623779	0.0639132919	-0.0032706406	0.0561517323	0.1952981253	0.0149202117	0.1000484155	-0.1046030779	0.0231131093	0.1049746343	0.0271310728	-0.1382874815	0.0815756239	0.069227689	-0.0187556443	-0.0276345167	-0.128201934	-0.1596569584	-0.1548009371	0.0533658538	0.0356620946	-0.0874648685	-0.0090979408	0.0283160784	0.0200048132	0.0783973185	-0.0645393707	0.0117059949	0.0798838755	0.0995175376	0.104310081	-0.1076479497	-0.0589208851	0.0566547295	-0.024708994	-0.111107407	0.0031665294	-0.0264736578	-0.0006327584	-0.0576600183	0.035743094	-0.0245741232	0.0041686094	-0.0190006913	0.1310331983	-0.0962895734	0.0748353203	-0.0759204906	0.1403749951	-0.1869490466	-0.0804639941	-0.0474360062	0.0977296424	0.0308585132	-0.0544957205	-0.0160373844	0.0571282981	0.0711417097	-0.0252199833	0.151276289	0.1449845808	-0.0255883039244366	-0.0053452023681898	2.8571188356902905e-05	0.0006547612977293	-0.3824024570349138	-0.0187608038913822	0.0003519677626509	0.1462316391463391	0.5751768374118171	0.010423802517856	0.3308283942950599	0.0001086556589312	-0.0149785244791722	-0.0008199638241292	0.0002243561955731	6.723406728805826e-07	-0.0031497385194185	-0.0001703810826328	9.920852740708644e-06	2.9029713319125083e-08	-0.0011941583282084	0.0001905075063941	3.6293109992536126e-08	1.4260141128294809e-06	0.0	0.0	0.0	0.0	0.0	0.0	0.0
3864.9580130346176	-10.063243324987525	14937900.4425205	101.26886621790598	5331.5713766774825	20.6104421307964	28425653.344606627	424.7903248269072	3996.402223557692	-5.995580115685243	35.94698092360027	15971230.732456869	4344.113271412832	3121.774292542567	0.942606	19.759554	0.1225911142833595	0.0585466202077648	-0.108658469	0.0164131217	0.0565417723	0.0436367404	-0.0762580162	0.1740925201	-0.0573601367	-0.0143379319	0.1060602038	-0.0026792634	0.0705472937	0.0034725859	-0.1379312554	0.0443128504	0.1441845335	-0.0154171046	-0.18502633	-0.0464318963	0.0622499938	0.0305602682	-0.0640957438	0.0051412445	0.0730193748	-0.1193609353	-0.0115715512	-0.0404280142	0.09013406	-0.0729648068	0.0102578641	-0.0977486664	0.0542936293	0.1161589613	-0.0016420365	0.1693001803	0.1950418235	0.0202776529	-0.0442757011	-0.1060669187	0.0090664746	-0.0040277601	-0.0039408771	-0.0665199746	0.0129368277	-0.0122642287	0.1273387546	-0.0522512851	0.019882937	-0.0733334544	0.0884195742	-0.0357398275	0.0179537926	0.1747537364	0.2440046701	0.1111972566	-0.0459935594	-0.1144578566	0.0960231801	-0.0445661739	-0.0335033099	0.1460941142	-0.1201141505	0.1502346003	0.1408894722	-0.0216832334980523	0.0039050704263842	1.5249575035021254e-05	0.000470162614931	-0.3590245012100581	0.0233779558248557	0.0005465288185489	0.128898592469131	0.6224126603279316	0.0472358229161145	0.3873975197364932	0.0022312229665625	-0.0144777855397998	0.0005007389393723	0.0002096062741364	2.50739485403796e-07	-0.0027649573323487	0.0003847811870698	7.644989049708839e-06	1.4805656192284444e-07	-0.0012700835040863	-7.592517587790004e-05	5.764632332090054e-09	1.6131121073521343e-06	0.0	0.0	0.0	0.0	0.0	0.0	0.0
3873.312705649233	8.354692614615487	15002551.315743782	69.80088868471057	5311.477028139176	-20.094348538306804	28211788.22045017	403.7828431789528	4006.7222130408654	10.31998948317323	106.5021829328061	16053822.89247509	4347.243333082933	3135.0516083370985	0.949013	19.893856	0.1267180760361836	0.0658250365792734	-0.1135633587	0.0375631111	0.0943140767	0.0580782909	0.0090264198	-0.1896067003	-0.0370439808	0.1941833547	0.07446115	0.020853617	-0.0393148124	-0.070830005	-0.012673098	0.0161374256	0.0777252266	0.086641173	-0.0228550241	0.1018281895	-0.0945674517	-0.0707240762	-0.0151576244	0.0686821365	-0.0415313065	-0.0953851004	0.0213200142	0.0393586426	0.0211185225	0.0886885744	0.0247024831	0.0382417238	0.0839660351	-0.0637810542	-0.0154529115	-0.1256732351	0.0377959867	0.0060863996	-0.0570824522	-0.1175773448	0.0053520274	-0.0106077934	0.015009122	-0.0445811518	0.0549069015	-0.0403614218	0.0728950352	-0.0917564803	-0.0925922602	-0.0053154411	-0.0294215283	-0.0504350082	0.0325882759	-0.1332301061	0.0100376768	0.0257338411	0.0637623951	-0.1159215336	-0.0947234729	0.0702979778	-0.0899525725	0.1299568829	-0.0959504753	0.1489877092	0.136024874	-0.027452858930431	-0.0057696254323786	3.328857762995109e-05	0.0007536594634541	-0.3767503495483595	-0.0177258483383014	0.0003142056993124	0.141940825884811	0.6109174751896731	-0.0114951851382585	0.3732201614921248	0.0001321392813628	-0.0155306385539151	-0.0010528530141153	0.0002412007338923	1.1084994693316728e-06	-0.003337726436037	-0.0005727691036883	1.1140417761820254e-05	3.280644461398986e-07	-0.0014790097288276	-0.0002089262247412	4.365016738465216e-08	2.1874697779666905e-06	0.0	0.0	0.0	0.0	0.0	0.0	0.0
3869.531463478513	-3.7812421707199055	14973273.746850165	14.297792353630587	5292.547098467427	-18.92992967174905	28011054.78949597	358.3422373773651	4010.4743408203126	3.752127779447165	14.078462873299108	16083904.438378122	4352.601113567423	3121.931331235971	0.991017	20.774376	0.1154885541569708	0.0560357042191542	-0.1193716313	0.0111118147	0.058341128	0.0190192276	-0.0927305558	0.0525384122	0.1272599471	0.1484700984	0.0804822781	-0.0173279731	0.1570662471	-0.1542923472	0.1036046654	0.178905982	-0.0279255517	-0.0929168424	-0.1244748967	0.0458939408	0.1410344713	0.2009941083	0.0463691063	0.0737492267	0.0063424766	-0.0818789376	-0.0326712469	-0.1017171868	0.1273223987	-0.0070343435	0.0287059767	0.1020505576	-0.0313837689	-0.0523923774	-0.0962931466	0.1127266837	0.0661891253	0.116433487	-0.0255495542	-0.1157162096	0.0053224804	-0.016259412	-0.0218692056	0.0308313247	-0.0805033908	-0.1163739788	0.0042185784	-0.1196607464	-0.0574023753	0.0785284736	0.0188347234	-0.0146149601	-0.0514766931	0.2305626777	0.0174382112	0.1226732449	-0.0826610305	-0.0954378639	0.0383486986	-0.0440137342	0.1188291613	0.1688315153	-0.0629440001	0.1475373187	0.1304173552	-0.0230138756844837	0.0044389832459473	1.970457225780084e-05	0.0005296384740208	-0.4138731627778469	-0.0371228132294874	0.0013781032620714	0.1712909948677381	0.599062319778632	-0.011855155411041	0.3588756629785559	0.0001405447098199	-0.0150155056754113	0.0005151328785038	0.0002254654106883	2.653618825156115e-07	-0.003632350468246	-0.000294624032209	1.3193969924166937e-05	8.68033203550899e-08	-0.0010473345941305	0.000431675134697	1.8634342191575933e-07	1.0969097520624992e-06	0.0	0.0	0.0	0.0	0.0	0.0	0.0
3872.482504197662	2.95104071914875	14996120.745316995	8.708641326073973	5330.13573234312	37.58863387569363	28410346.92520093	1412.9053966409429	4003.042179987981	-7.432160832331647	55.23701463764464	16024346.694762928	4363.215734907995	3127.409381316076	0.935954	19.620102	0.1433003570668707	0.0682231451375619	-0.1130905372	0.0051561143	0.0586884364	-0.0380979797	-0.0570611774	0.0086101351	0.1027103759	-0.0166426777	0.0660648174	-0.0153842959	0.087148802	0.1591960837	-0.0101580197	0.0222827161	0.0754012124	0.0149398299	-0.0317154136	0.0661852664	0.0669713621	-0.0504390025	0.0093650358	0.1384894207	-0.0493835114	-0.0095900099	-0.0738711411	-0.0612667971	-0.0126994602	0.1765096912	-0.109739708	0.1913510956	0.072993879	0.0979193689	0.0016084967	-0.0677245416	-0.0150962421	0.0220579095	-0.0913384357	-0.1203089554	-0.0034490672	0.0002035167	-0.0333108861	0.0539718573	-0.0838681106	-0.2141725166	-0.0168220262	0.0938790312	-0.0356284257	0.0476452073	-0.052014591	0.0047361777	-0.0692146124	0.0046129612	-0.3013337402	0.0102810808	0.0442620825	0.0405545388	-0.2394106995	0.0524557001	0.0411571161	0.2999074519	-0.07660796	0.1458854101	0.124097542	-0.0191047354363149	0.0039091402481688	1.5281377479853227e-05	0.0003649909160915	-0.4463040774625995	-0.0324309146847525	0.0010517642272896	0.199187329559742	0.5542445751826577	-0.0448177445959743	0.3071870491194047	0.0020086302306699	-0.0158434593111543	-0.000827953635743	0.0002510152029442	6.85507222940054e-07	-0.003232796198916	0.00039955426933	1.045097126372574e-05	1.596436141398302e-07	-0.001062677839817	-1.5343245686499918e-05	2.3541518819629827e-10	1.1292841912381254e-06	0.0	0.0	0.0	0.0	0.0	0.0	0.0
3864.538611783217	-7.94389241444469	14934658.681963356	63.10542669227189	5339.097727129536	8.961994786415744	28505964.539839774	80.31735055174298	4000.3839815579927	-2.6581984299882606	7.066018893192053	16003071.999905778	4350.514801360749	3125.720210288888	0.983536	20.617552	0.0888212000430441	0.0456971793483641	-0.1194615674	0.0194956271	0.0913406483	0.014510984	-0.0319898513	0.1734539763	0.1886696135	-0.0408056668	0.1047578079	0.0048680973	-0.1191706548	0.093695027	-0.0762394174	0.0654443441	0.079750397	0.155962016	0.0913636302	0.115635467	-0.0488931165	-0.0446861193	0.0966535682	0.0836536991	-0.220340423	-0.0681277002	0.011940864	-0.0431198567	-0.1165232869	0.0913872511	-0.0248072752	-0.017173445	0.1351200637	0.0383917314	-0.0144722951	-0.1172733179	0.1581286996	-0.0359380361	0.0561616713	-0.1240830008	0.0072379542	0.0188317873	-0.0247435709	0.0203417953	0.0305413289	-0.0444474704	0.136087169	0.238644781	-0.0543421765	0.0555141308	-0.0475500897	0.0522769583	-0.1199297601	0.2500793162	0.0080340945	-0.0520191862	0.0698747086	0.0237341283	0.1481603273	-0.0036855531	-0.0740743153	0.1722619668	-0.1284820496	0.1440342395	0.1170999511	-0.0213286524835467	-0.0022239170472318	4.945807032968211e-06	0.0004549114167639	-0.413880976121959	0.0324231013406404	0.0010512575005454	0.1712974623956656	0.5824446128153795	0.0282000376327218	0.3392417269976573	0.0007952421224869	-0.0158511143923142	-7.65508115990049e-06	0.0002512578274782	5.860026756466342e-11	-0.0034689909931595	-0.0002361947942434	1.2033898510621731e-05	5.578798082772924e-08	-0.0007870448347714	0.0002756330050455	7.597355347046773e-08	6.194395719403403e-07	0.0	0.0	0.0	0.0	0.0	0.0	0.0
3869.392712282536	4.854100499318975	14972199.961865202	23.56229165748872	5312.839974680254	-26.257752449281725	28226268.59656049	689.4695636877605	3995.8843693659855	-4.499612192007135	20.24650987845925	15967091.8933434	4345.156822791467	3119.027563446197	0.950539	19.925854	0.0596672785649086	0.0323527430518874	-0.1283034055	0.0524370553	0.0624567711	0.151974661	0.1240558017	-0.1945262702	-0.0135660953	0.0134646164	0.1255632286	-0.00849513	-0.1122158396	-0.1524753033	0.0485024563	-0.0832509982	-0.0168533801	-0.1076961255	0.165609815	-0.0568497997	0.0308847434	-0.1235105751	0.0553976856	-0.00262548	0.0701727365	-0.0892766593	0.07327293	0.0763236203	-0.0275190871	0.1219056438	0.0479083495	0.0213725125	0.0184467849	-0.2223142024	-0.0181754835	-0.0699766745	-0.1949592256	-0.0145427071	-0.1063132623	-0.1311950819	0.0059326051	0.0153866232	0.0066050127	0.0008833912	0.1155439045	-0.0441147488	0.0630059367	0.1293937499	-0.1945491406	0.1030555997	-0.1310272974	0.0589304022	-0.1498715618	-0.049094391	-0.1718201078	-0.0739194268	-0.0046551193	0.0738693235	-0.0376465209	0.0789753699	-0.0198066732	0.0043026767	0.0222280362	0.1419863355	0.1094628008	-0.0120708956542756	0.009257756829271	8.570606150991566e-05	0.0001457065218964	-0.3864475346646401	0.0274334414573189	0.0007525937101921	0.1493416970483782	0.5753837296184159	-0.0070608831969636	0.3310664363095983	4.985607152116333e-05	-0.0157117949489569	0.0001393194433573	0.000246860500518	1.9409907297388235e-08	-0.0034279498081024	4.104118505709976e-05	1.1750839886869282e-05	1.6843788708911087e-09	-0.0009249881479841	-0.0001379433132127	1.902835766009705e-08	8.556030739110552e-07	0.0	0.0	0.0	0.0	0.0	0.0	0.0
3868.79578723248	-0.5969250500561429	14967580.843307786	0.3563195153845288	5320.614210559475	7.7742358792211235	28308935.57760743	60.43874350576903	3988.951456392728	-6.932912973257771	48.06528229476591	15911733.721457664	4342.723680209764	3145.385283057369	0.965837	20.246523	0.1069831751607021	0.0461989743174574	-0.1317818164	0.03242736	0.0773550716	0.0649399037	-0.0577648972	0.0443655336	-0.0123488321	-0.0545296914	0.0604112478	0.0696045099	-0.0634080603	0.1027497467	-0.127354828	-0.1399036156	0.0474269411	-0.2203051851	0.311697793	0.0580367212	0.1328208709	-0.0593913163	-0.0124814411	-0.1296432296	-0.1590636606	-0.0612885366	0.0026803196	-0.0369611099	-0.0485615775	0.177443867	-0.0895074538	-0.1527469189	0.0193328038	-0.1793711632	-0.0557320573	0.0210281743	-0.012040212	-0.1948379867	-0.1018365768	-0.1288097738	0.0209011932	-0.0202381653	-0.0207376098	0.1171384636	0.0638948324	-0.0883154237	-0.1584112859	0.1659154505	-0.0976716764	0.0423212149	-0.0234128513	-0.0077537223	-0.0790108911	0.2645749357	-0.051926092	-0.0094662665	-0.1337593378	0.0329229801	0.1001608883	-0.0893885022	-0.0666775434	-0.182991695	-0.0239461836	0.1397444952	0.1012278027	-0.0095257067073504	0.0025451889469252	6.4779867755502085e-06	9.07390882744604e-05	-0.4136168344414273	-0.0271692997767871	0.0007381708503609	0.171078885733347	0.6093960875604907	0.0340123579420748	0.3713635915340332	0.0011568404927798	-0.0152628637688392	0.0004489311801176	0.0002329550104261	2.015392044818707e-07	-0.0035900955524423	-0.0001621457443398	1.2888786075665984e-05	2.6291242407540173e-08	-0.0006709385025434	0.0002540496454407	6.45412223485454e-08	4.501584741951799e-07	0.0	0.0	0.0	0.0	0.0	0.0	0.0
3876.782687070884	7.986899838404042	15029444.002772544	63.79056902869852	5308.040712418095	-12.573498141380696	28175296.204687998	158.09285551130384	4006.92373422476	17.972277832032432	323.0027704717644	16055437.811893696	4347.482697762849	3149.6327323344217	0.954249	20.003611	0.075314528029628	0.0389580713488033	-0.1408207496	0.034018094	0.0733674242	0.1314320733	-0.011280222	0.0179061974	0.0379990661	-0.0455991553	0.2127210156	-0.0253456563	-0.0190966475	0.0138238432	-0.0523206652	-0.0307834149	-0.0661160474	-0.0106131626	0.086017006	-0.0081035661	0.1212067274	0.1204007289	-0.2022859784	-0.0343502504	0.1142008115	-0.1654281494	0.0477058937	0.0336122131	-0.0354844488	0.0382732819	-0.0594112062	0.0345006506	-0.0346629566	0.0132027787	-0.0360982047	-0.105535963	0.0157719458	-0.0388063187	-0.098958356	-0.1402775523	0.0180824395	-0.0291976437	0.0489433664	0.0472377891	0.115181323	0.0314916734	0.0386678436	0.1776174332	-0.0655267705	0.0309153387	-0.0613173297	-0.0871734429	0.0027536769	-0.0375937525	-0.1603539586	-0.1541548096	0.0062064307	0.1463238314	0.0579513552	-0.0291410575	0.030865976	-0.1725092874	0.0854617453	0.1373117808	0.0924399334	-0.0121895398224864	-0.0026638331151359	7.09600686529516e-06	0.0001485848810839	-0.4126418492769232	0.000974985164504	9.505960710030106e-07	0.170273295774679	0.5763240958921827	-0.0330719916683079	0.3321494635059418	0.0010937566329086	-0.0158166847664623	-0.0005538209976231	0.0002501675170016	3.0671769740824626e-07	-0.0036935302641851	-0.0001034347117428	1.3642165812451254e-05	1.0698739593316133e-08	-0.0007857571548111	-0.0001148186522677	1.3183322908571024e-08	6.17414306336835e-07	0.0	0.0	0.0	0.0	0.0	0.0	0.0
3873.8437228383546	-2.938964232529542	15006665.188974122	8.637510760087963	5314.362560641381	6.321848223285997	28242449.425946813	39.96576495826432	4006.118635441707	-0.8050987830533813	0.6481840504740356	16048986.521233324	4347.237249688787	3132.9647201614	0.876042	18.36418	0.1085005149025177	0.046791304995971	-0.1395119995	0.0478109915	0.0798836803	0.1586788692	0.0306345532	-0.092020034	-0.0991931344	0.0375988312	0.1587252332	-0.1197401747	-0.0208880007	-0.1578193529	-0.0077246939	-0.0048561184	0.0099001744	-0.0507957382	0.0187510035	0.0511790714	0.0432027267	-0.1127168788	-0.0042937138	-0.0437175623	0.035058237	-0.1336359337	0.065937848	0.0935251558	0.107583667	0.0673463072	0.0072845509	0.021803607	0.0417507723	-0.1052143142	0.0968370134	0.0230252926	-0.0575484066	-0.0764636702	-0.0718100115	-0.1359217334	0.0184877184	-0.0353392968	0.0478621243	0.0452304244	0.1194189587	0.0306294084	-0.0088041859	0.0257215658	-0.1783041206	0.0745879013	-0.1395887844	-0.0467943537	-0.0323357907	-0.0014417965	-0.0072970607	-0.0596886147	-0.0312152382	0.0347106729	0.0841139318	0.0751143793	-0.1168985124	-0.1679685966	0.1480395412	0.1346915149	0.0831471893	-0.0024021942547136	0.0097873455677728	9.579213326300188e-05	5.770537237379027e-06	-0.3916958322208614	0.0209460170560618	0.0004387356305128	0.1534256249791932	0.5574994168067846	-0.018824679085398	0.3108055997399049	0.0003543685426682	-0.01550296887637	0.0003137158900923	0.0002403420439816	9.841765969640473e-08	-0.0031813725611511	0.000512157703034	1.012113137284511e-05	2.6230551277706294e-07	-0.0011387330255505	-0.0003529758707393	1.2459196532423758e-07	1.2967129034793956e-06	0.0	0.0	0.0	0.0	0.0	0.0	0.0
3881.2391555492695	7.3954327109149745	15064017.382568806	54.69242498167121	5325.505687098349	11.143126456968275	28361010.823316857	124.16926723598635	4010.593328387921	4.474692946213963	20.022876962897	16084858.8457097	4352.089796352736	3170.24916646018	0.930214	19.499773	0.0787269036570303	0.0455935437214034	-0.1395355588	0.0210680151	0.1244591673	0.0645531739	-0.123082815	-0.0545477291	-0.2223222124	-0.1021392951	0.1990904722	0.0700462123	-0.0403091407	-0.041206111	0.0729909689	0.0355747851	-0.1091359659	0.0186630376	0.029336561	0.1086233863	0.1030965964	0.2730281851	-0.0448405077	0.1459984889	-0.1065535965	-0.1806865497	0.064300102	-0.0462109289	-0.0243312579	0.0054719191	0.0712462239	0.0593714405	-0.2110187271	-0.0163985501	-0.1726370382	-0.0765980179	0.0906969926	-0.1319975313	0.106421624	-0.1406083226	0.0290942176	-0.0536220852	0.0500749385	0.0315130791	0.0304855302	0.0157822829	-0.1418804263	0.0055100269	-0.0751056272	0.1683988419	-0.0301710598	-0.0433275405	0.0273883734	-0.0077685931	-0.0235029323	-0.1019897427	-0.0092465145	0.1827865047	0.0179826709	-0.0267204288	0.0377138484	-0.1450008259	0.1784033429	0.1318872767	0.0734003241	-0.0025275882618558	-0.0001253940071422	1.5723657027178116e-08	6.388702421471224e-06	-0.3778094128281992	0.0138864193926622	0.0001928326435489	0.1427399524215886	0.5209706897740887	-0.0365287270326959	0.2714104596036897	0.0013343478986292	-0.0153738132299964	0.0001291556463735	0.0002363541332308	1.6681180990182243e-08	-0.0034462629984992	-0.000264890437348	1.1876728654824696e-05	7.016694379846761e-08	-0.0009690518447816	0.0001696811807688	2.8791703107128097e-08	9.39061477874622e-07	0.0	0.0	0.0	0.0	0.0	0.0	0.0
3885.087545969041	3.848390419771477	15093905.239843745	14.81010882298888	5317.169416858304	-8.336270240044541	28272290.60757328	69.49340151505227	4003.978821739784	-6.614506648136739	43.75169819824512	16031846.40494071	4351.252182509873	3398.513107755291	2.136852	44.794132	0.403210986649092	0.2396908973540718	-0.0972906489	-0.5073621209	0.1014072195	0.0807447647	-0.1231317074	0.1378059479	0.0777024238	0.0158784908	0.1109459574	0.0416870129	0.1173057741	0.0863984818	-0.0501858797	-0.0997625643	-0.2038668015	0.0953933659	-0.0455705998	-0.0449485379	-0.0879288604	-0.0505259388	0.1027280573	-0.0548726342	0.0554975439	-0.0815741295	-0.0050347647	-0.1320381786	0.0238482442	-0.0509042201	-0.0493452092	-0.1387546605	0.0403753814	0.0869475439	0.0411675797	-0.0338796783	-0.3252606678	0.0570896744	0.1150241762	-0.12222389	0.0175453242	-0.1074854316	0.0659096833	0.0145742759	-0.6929426511	0.5384541904	-0.1752731095	0.0866842352	-0.023570157	-0.1438590469	-0.2113051444	0.1320972331	-0.1338167998	-0.1090714098	0.0268123513	0.0240283159	-0.0156914445	-0.0495018643	-0.0124029134	-0.0057429159	-0.0223486789	-0.0155520797	-0.0078111044	0.1289028963	0.0632525717	-0.0013237204625937	0.0012038677992621	1.449297678100172e-06	1.7522358630892789e-06	-0.2470574114519195	0.1307520013762796	0.0170960858639026	0.061037364553323	0.4076671345103335	-0.1133035552637551	0.1661924925598663	0.0128376956354068	-0.0129778270009042	0.0023959862290922	0.0001684239936653	5.740750009999465e-06	-0.0030673381202313	0.0003789248782678	9.408563143824084e-06	1.435840633703428e-07	-0.0005849317079458	0.0003841201368358	1.4754827952275374e-07	3.421451029603906e-07	1.0	0.0	0.0	0.0	0.0	0.0	0.0
3745.210752593231	-139.87679337580994	14026603.581339955	19565.517325099023	5082.672145720451	-234.4972711378532	25833556.140882537	54988.97017109984	3972.439972393329	-31.53884934645521	994.699018098398	15780279.334268313	4312.291794996995	2818.840246380858	4.385714	91.936302	5.02417705527105	3.1640063690837343	0.2026845761	0.7858092333	-0.8209070799	0.4022867876	-0.2300751034	-0.0644802484	0.0277304041	-0.0647064331	-0.2569536818	0.7319827532	-0.0987359286	-0.2949580567	-0.0076132642	-0.1936744756	0.1215748116	0.0624399121	-0.0930148538	0.0873416424	0.017394609	-0.1452845328	-0.0565884992	0.047223269	0.0444801089	0.4918434733	0.8004290656	-0.111195503	0.0954473417	0.1003303487	-0.0942967623	-0.0617446584	-0.0121501691	0.0793192736	-0.0164926209	0.0230416647	0.0307187735	0.0344777151	0.0605014162	0.3437785714	0.8357909818	0.2807518879	0.2468471699	-0.030553487	-0.0434687971	-0.0615172029	-0.0364780784	0.0251473998	0.0301979595	-0.0021099545	-0.0228773859	-0.0244693449	-0.0167945306	-0.008318727	0.0046958378	0.0148983112	-0.0197904107	0.0071972952	0.012563818	0.0193737259	-0.0095729343	-0.0010236985	-0.006120722	0.1257424501	0.0527593557	-0.073300769272123	-0.0719770488095293	0.0051806955553293	0.005373002775885	0.872997302537371	1.1200547139892905	1.2545225623296312	0.762124290237526	-0.3738406592344674	-0.781507793744801	0.1397568384968611	0.6107544316838663	0.0352347659465546	0.0482125929474588	0.0012414887313084	0.0023244541187173	0.0063208084537025	0.0093881465739338	3.995261950839699e-05	8.813729609366494e-05	0.0028270787452102	0.003412010453156	1.1641815332445814e-05	7.99237423161928e-06	0.0	1.0	0.0	0.0	0.0	0.0	0.0
3872.611622997564	127.40087040433308	14997120.782575827	16230.981779781676	5300.301944855721	217.62979913526945	28093200.70664133	47362.72947165772	3995.8627572866585	23.422784893329663	548.6268521591923	15966919.175070535	4356.617334163233	3090.683546298772	3.852471	80.75811799999998	2.8648478963850854	1.8800982120148664	0.3574037246	-0.0804713097	-0.1225879306	-0.3542337054	0.028759808	-0.296878657	0.0491909343	-0.0216080426	-0.3014961485	0.0601497785	0.0980303224	0.0250264176	-0.0119597697	-0.0848721091	-0.0430855989	0.0997884977	0.0767529242	-0.334940105	0.1206491023	0.1873056824	0.2392987161	0.2164186534	0.0480773305	0.2660297939	-0.171897364	-0.1691583011	-0.0902200917	-0.3190692358	0.1735338135	-0.3558077635	-0.0328692538	-0.2411329098	-0.3701174028	-0.0663341238	-0.0055547162	-0.1152877497	-0.0198127186	0.3200920403	-0.0041608297	-0.275502448	-0.3975995887	-0.2105548783	-0.0579519236	0.0112902154	0.0239685688	0.0864922281	0.3095317493	0.4198855235	-0.3278878581	-0.3832148693	0.0351600264	-0.0477574196	0.0208767413	0.0886898854	-0.123227375	-0.0265421419	0.0081581057	0.0744158128	0.0323737035	-0.0200568545	-0.0527159227	0.1224102548	0.0419779864	-0.0125997904367523	0.0607009788353707	0.0036846088315721	0.00015875471905	0.1063926909788506	-0.7666046115585203	0.5876826304627899	0.0113194046937211	-0.2846776036493779	0.0891630555850895	0.0810413380195523	0.0079500504812697	0.0042648975176204	-0.0309698684289342	1.8189350835804647e-05	0.0009591327505054	0.0008880633873262	-0.0054327450663762	7.886565799092844e-07	2.9514718956236023e-05	0.0002621072323986	-0.0025649715128116	6.579078861535029e-06	6.870020127565373e-08	0.0	0.0	1.0	0.0	0.0	0.0	0.0
3859.7144233176746	-12.897199679889582	14897395.42956649	166.33775958294393	5285.118515506868	-15.18342934885277	27932477.72295352	230.5365267916036	4015.682200270433	19.81944298377448	392.8103201870874	16125703.533568786	4367.83163463327	3031.573825874139	1.700954	35.656548	0.6283053008838667	0.3388393287270538	0.3354061972	0.0984970759	-0.2163677301	-0.255049395	-0.0904745897	0.0580144888	-0.2496741315	-0.2808534813	-0.1828479678	-0.0093176623	0.0945386349	-0.1167682188	0.2364393371	0.2081129287	-0.232823934	0.1106497526	-0.0547813256	-0.4426443385	-0.1672631161	-0.0470031675	-0.1239359472	0.1525657397	-0.1321943093	0.1978639414	-0.0572612217	-0.1908907942	-0.0016362401	-0.136423605	0.4510320625	0.0153518892	-0.2001153815	-0.035132785	0.4543080559	-0.1205249565	0.074814571	0.2540600806	-0.2102219115	0.3328476545	0.1465792315	-0.3046138337	-0.5454290875	0.0762588766	0.0652223637	0.1506290262	0.0336332818	0.0092028872	-0.445434624	-0.1932762638	0.2889054355	0.2235789726	0.146942354	-0.0073274972	-0.0264398511	-0.112578995	0.0215763406	0.0300601204	0.0080989912	-0.0018688889	0.0107035869	0.0233810525	0.0047677114	0.1189108618	0.0309673479	-0.0377303928734562	-0.0251306024367038	0.0006315471788316	0.0014235825463853	0.1758928757160731	0.0695001847372225	0.004830275678508	0.0309383037276699	-0.1146689104986151	0.1700086931507627	0.0131489590349394	0.0289029557468302	0.0104611683424203	0.0061962708247999	0.0001094360430884	3.839377213426644e-05	0.0017558208233501	0.0008677574360239	3.082906763709823e-06	7.53002967774773e-07	5.281908203884963e-05	-0.0002092881503597	4.380152988100548e-08	2.7898554274267274e-09	0.0	0.0	0.0	1.0	0.0	0.0	0.0
3866.760829041612	7.046405723937369	14951839.309010576	49.651833626337314	5357.580904068485	72.46238856161744	28703673.14363929	5250.797756054827	4010.847376427284	-4.8348238431490245	23.375521594282304	16086896.676993627	4372.872907813216	3044.8482756163944	1.850488	38.79118	0.8520056986516188	0.5562793458059062	0.2715735026	-0.0767391512	-0.0774244741	-0.1433457269	0.2373945081	0.1693268978	-0.1254735009	-0.170391686	-0.2906572161	-0.1173030955	0.0234278769	-0.1376428612	-0.2423551461	0.070191674	-0.0765359177	-0.2052037313	-0.0493948712	0.0737107604	-0.3071423488	0.1665637341	-0.0826887672	0.0047978296	-0.1156959916	0.1615349936	-0.0967870618	0.1944304663	0.0341241316	-0.2480231877	-0.1411558573	0.1527469491	-0.1099428038	0.1501307942	0.2669968393	0.0657407241	0.1562590623	-0.2714676964	0.2176304473	0.2629906437	-0.1056865902	-0.1963420702	0.129848629	0.0098419114	0.0061141664	-0.0056235617	0.1224848801	-0.1949855584	0.1241581547	-0.143225324	-0.0047414939	-0.0599949406	-0.3493754355	0.1712704601	-0.0120407846	0.1000685541	0.4731179787	0.3800892501	-0.0073499851	-0.2256608074	-0.2000111425	-0.121822859	0.0665721388	0.1152490509	0.0197875765	-0.0180520267450958	0.0196783661283603	0.0003872380934818	0.0003258756696056	-0.0081119951664589	-0.184004870882532	0.0338577925084972	6.580446558065257e-05	0.0347597067321387	0.1494286172307538	0.0012082372121042	0.0223289116474951	0.0020050393824674	-0.0084561289599529	4.020182925245252e-06	7.150611698735412e-05	0.0004468401831436	-0.0013089806402065	1.99666149271806e-07	1.713430316435419e-06	-0.0001599482060012	-0.00021276728804	4.526991885991745e-08	2.558342860300231e-08	0.0	0.0	0.0	0.0	1.0	0.0	0.0
3865.060510755567	-1.700318286044876	14938692.751802083	2.8910822738585846	5295.095923639113	-62.48498042937263	28038040.84053955	3904.37277925908	3993.231758939303	-17.615617487981126	310.3099794828665	15945899.88060148	4360.994782723787	3022.570414282196	1.195306	25.05681	0.1802356148115176	0.0862811066327916	0.2668920554	-0.0616498267	-0.1112246405	-0.2006090402	0.0625834055	-0.1484510601	0.0670483473	-0.0603587589	-0.2329007576	-0.015281551	0.0781396751	0.0709023822	-0.088143574	-0.056282485	-0.0833480592	-0.1296348285	-0.1007022969	-0.0771326182	0.0605133224	0.0030370271	-0.059163551	-0.2153408458	-0.1367671414	0.2281251175	-0.1392571897	-0.018694284	-0.0614441517	-0.0537352881	-0.1890844958	0.0626670871	-0.0731278948	0.0065959395	0.0909956675	0.1097655056	-0.1594529095	0.0173677666	-0.2063988747	0.2574975074	-0.1292132263	-0.1775520837	0.1484718323	0.0959441565	-0.0419410471	-0.1928611306	-0.0542894013	0.0260710011	0.1163318174	-0.0305547519	0.0940779773	0.1517810299	-0.2086582509	-0.0826951901	-0.166363044	0.1691547874	-0.147071557	-0.2640334772	-0.0700843042	-0.3628138682	0.0255620435	-0.0100068323	0.0317296985	0.1114298236	0.0084997322	-0.0007105593106189	0.0173414674344768	0.000300726492781	5.048945339072064e-07	0.0244370544268832	0.0325490495933421	0.0010594406294298	0.0005971696290624	-0.03563512033584	-0.0703948270679787	0.0012698618013497	0.0049554316779306	0.0016614624828935	-0.0003435768995738	2.7604575820626336e-06	1.1804508592081373e-07	-0.0002622547367199	-0.0007090949198635	6.877754693202406e-08	5.028156053762235e-07	-0.0003062818008782	-0.000146333594877	2.141352098962597e-08	9.380854154919336e-08	0.0	0.0	0.0	0.0	0.0	0.0	0.0
3868.6716871258272	3.611176370260182	14966620.622768994	13.040594777125504	5330.305597120716	35.209673481603204	28412157.758696437	1239.721106681112	3997.4143855168254	4.182626577522569	17.49436508699816	15979321.769536858	4352.064788035857	3030.774864500435	1.097011	22.996279	0.113794616182739	0.0891245693932106	0.2482771039	-0.0815124156	-0.0412979764	-0.1322104755	0.1892093773	-0.1138864294	0.093044188	-0.1091655886	-0.2452647212	-0.1390966643	-0.2225603443	0.1758941556	-0.1075272829	0.1932387334	-0.1949263897	0.0809722923	0.1690057524	0.0199738168	0.1614749619	-0.0957112298	-0.0667229308	0.0488091249	0.1459930909	0.1651291426	-0.0739958238	0.1336808083	-0.3395370266	-0.2145154549	-0.0104345631	0.1860737676	-0.0446955222	0.1519485483	-0.0385800905	-0.1046834179	-0.1707396023	-0.1116530103	-0.0501502451	0.236330009	-0.1650315388	-0.0941247004	0.2414999192	0.0154554848	0.1115105006	0.0403315496	0.079733172	0.1244352824	0.0624177966	-0.0681706268	0.0229096402	0.1139625388	-0.1108223851	0.0395644055	0.073387098	-0.110833197	-0.012902311	-0.090279453	0.0174272202	0.168482557	0.1831899586	0.0283306631	-0.2907226872	0.1074583966	-0.0028345346	7.938617768843415e-05	0.0007899454883073	6.240138744971125e-07	6.302165207979639e-09	0.0211468670279657	-0.0032901873989174	1.0825333119995502e-05	0.0004471899850984	-0.0535244764125266	-0.0178893560766865	0.0028648695752351	0.0003200290608384	-7.80325469952517e-05	-0.0017394950298887	6.0890783905661666e-09	3.025842959007669e-06	-0.0002829910341983	-2.0736297478400023e-05	8.008392543662343e-08	4.2999403311269925e-10	-0.0002300105838688	7.627121700940002e-05	5.817298544094991e-09	5.2904868691666274e-08	0.0	0.0	0.0	0.0	0.0	0.0	0.0
3876.140994421375	7.469307295547878	15024469.008633928	55.79055147532476	5332.716401130922	2.410804010206448	28437864.214890737	5.811975975627491	3995.891811899039	-1.5225736177862927	2.31823042157884	15967151.372401783	4364.29451407967	3083.779885059565	1.005479	21.07753	0.0794725976307339	0.0378972433807042	0.2375164487	-0.0832415261	-0.0631078735	-0.0347127049	0.310110224	-0.0921920666	-0.1052352903	-0.0162458479	-0.2151041795	-0.1020319501	-0.027373806	-0.0556849689	-0.1839430516	-0.1605387397	-0.0050467613	-0.0581723451	0.0758007257	0.1112777622	0.0735522786	0.0059958854	-0.0750130891	-0.0428899589	0.2166258859	0.1454084456	-0.0483314909	0.2033812815	0.0394457259	-0.1097274776	-0.1121382575	-0.0472846435	-0.0989019456	-0.0649099986	0.0653667402	-0.0328403201	-0.0195156916	-0.171777892	-0.0773221915	0.231117605	-0.1571375844	-0.1121823998	0.2770882833	0.0193239651	0.1769084642	0.0560016765	-0.1038347543	-0.0418027912	-0.0549757018	0.0339123385	-0.0442624307	0.084942977	-0.0403584963	-0.1561643569	-0.0787768487	-0.1004302363	-0.0133969444	-0.1794414443	0.0125215173	0.3276115044	-0.0453824627	0.1349779541	0.2653278437	0.1033401944	-0.0141533203	0.0061886359790293	0.0061092498013408	3.732293313518341e-05	3.829921528093594e-05	-0.0047821747140233	-0.0259290417419889	0.0006723152056578	2.286919499544383e-05	-0.0725045952647533	-0.0189801188522266	0.0052569163345056	0.0003602449116446	-0.0004130596706024	-0.0003350271236071	1.706182914781632e-07	1.1224317355247941e-07	-0.0005149517703524	-0.000231960736154	2.651753257890709e-07	5.3805783117151975e-08	-0.0002321064688111	-2.095884942300021e-06	4.392733691359963e-12	5.387341286395814e-08	0.0	0.0	0.0	0.0	0.0	0.0	0.0
3869.051663093426	-7.089331327948912	14969560.771686006	50.25861867743789	5314.562765798261	-18.153635332661	28244577.391609263	329.55447579123773	3998.659292367789	2.767480468749909	7.658948144912216	15989276.136439268	4376.542805542439	3060.1583878816064	1.094481	22.943254	0.1961877078903268	0.1206166904059324	0.2345019213	-0.1109056361	-0.0790173678	-0.185131867	0.09071681	0.0247892594	-0.0018563377	0.0009508368	-0.2349050737	-0.1027937557	0.1221381906	0.083760821	-0.193197067	-0.0133802992	-0.2078976173	-0.1639651493	-0.1185103888	0.1303692408	-0.0556087399	-0.1152849318	0.0270853515	0.0198496415	0.1574208709	0.1840585037	-0.1647839435	-0.0024837648	0.0667725305	-0.0494102612	-0.198441731	0.0134939123	-0.1642584085	-0.0596888293	-0.0059367362	0.1868378841	-0.0567039826	-0.0717274291	-0.1242575433	0.2137845146	-0.1719822929	-0.0727115511	0.2427769714	0.1193747328	-0.0401457347	-0.0497639703	-0.1650473856	-0.011177883	-0.012192916	0.0250426455	0.0082417453	-0.0148481506	0.1709228491	0.1517224067	0.0969735634	-0.165421113	-0.2497379737	-0.0855687516	0.0422340274	0.1116160873	-0.0546826706	0.0559264005	0.1119379698	0.0990808418	-0.0253948054	0.0226624594712063	0.016473823492177	0.0002713868604514	0.000513587069284	-0.024640783842031	-0.0198586091280077	0.0003943643564989	0.0006071682283496	-0.0309939876631162	0.041510607601637	0.0009606272712613	0.001723130543457	-0.00218297001527	-0.0017699103446676	4.765358087567904e-06	3.1325826281613826e-06	-0.0003382060475576	0.0001767457227947	1.1438333060453361e-07	3.1239050526256265e-08	0.0001881308170966	0.0004202372859077	1.7659937646707005e-07	3.5393204341434366e-08	0.0	0.0	0.0	0.0	0.0	0.0	0.0
3873.407261872206	4.3555987787799495	15003283.816324342	18.97124072170939	5351.324299473917	36.7615336756553	28636671.758140005	1351.4103581863387	4005.794728440505	7.135436072715947	50.91444794781598	16046391.40640174	4372.056031614869	3074.429219810524	1.064058	22.30551	0.1574650442137779	0.1028071619349904	0.1974390965	-0.1141755811	-0.0030747324	-0.1818253952	0.1364151102	0.1251563571	0.075606912	0.0086482249	-0.1892193013	-0.157742817	0.0520234465	-0.0799697067	-0.0998886069	0.1364972257	0.1080542825	0.3178264046	0.0332347806	0.1128791291	0.0350162453	0.1848057899	-0.1735482698	-0.129225981	-0.0540363696	0.1195714607	-0.1281682256	0.1373746491	0.0295791618	-0.208902815	-0.2213358171	0.079440307	0.1594284488	0.0065811498	-0.0389863361	-0.1967987402	0.1813530841	0.2332312997	0.0610190442	0.1743732136	-0.1819067038	0.0954944634	0.2005914793	0.0729989552	-0.0853982311	0.0243700064	0.1285845852	0.0593328977	-0.1020354048	-0.0707654018	-0.0386745218	-0.1343368912	0.3341734219	0.0285964013	0.092586261	-0.0837007147	-0.042537503	0.3029360556	-0.006312463	0.0179389317	0.0966565252	-0.0593604943	-0.1565408665	0.0946861568	-0.0364975928	0.0307724015678161	0.0081099420966098	6.57711608103638e-05	0.0009469406982509	-0.0618777603423836	-0.0372369765003526	0.0013865924188878	0.0038288572249894	-0.003398042474437	0.0275959451886792	1.154669265807793e-05	0.0007615361908565	-0.0037160067387097	-0.0015330367234397	1.3808706082135902e-05	2.350201595414732e-06	-0.0003380581503762	1.4789718140001106e-07	1.1428331303577747e-07	2.1873576266067772e-14	3.0871829154974304e-05	-0.0001572589879416	2.473038928842437e-08	9.530698353739215e-10	0.0	0.0	0.0	0.0	0.0	0.0	0.0
3872.229781290695	-1.1774805815111904	14994163.479114585	1.386460519835931	5311.5767103625885	-39.747589111328125	28212847.150066257	1579.87084016297	3998.72883582482	-7.065892615684788	49.92683845638882	15989832.30245692	4384.468242938702	3072.7279277820494	1.021272	21.408598	0.124040988165856	0.0800672409292551	0.1557576131	-0.0607165443	-0.1079800032	-0.1527397657	0.0965980073	-0.0070320017	0.006769466	0.3098918804	-0.1988926072	-0.151083098	0.0101893037	-0.0205802992	0.0804174079	0.0923554461	0.0500933625	0.0892615585	0.0585011516	0.1240375757	0.0232256356	-0.1360840459	-0.0097520366	0.0249882758	-0.0406365029	0.1805094968	-0.0961890412	0.139695398	0.1189028877	0.1013425495	0.1179798008	0.1251501116	0.1757131591	0.0027795659	-0.0229875987	-0.0696297063	0.0252264589	-0.003827191	-0.063711331	0.1368770288	-0.1752237797	0.2196392836	0.0911840984	0.0431717181	-0.0759401294	-0.0485273503	0.0409804775	0.00804816	-0.2345133788	0.0854533628	-0.1684254808	0.0357539545	0.3389806554	-0.1596656787	0.0476358661	0.1329452994	-0.0064731655	0.0765413713	-0.0144997536	-0.2335092552	-0.0837870794	0.015674386	-0.1587380648	0.0901621419	-0.0474010431	0.0405053441031668	0.0097329425353507	9.47301703964389e-05	0.0016406829009159	-0.0694042502775005	-0.0075264899351168	5.664805074341596e-05	0.0048169499565819	-0.0230396736838827	-0.0196416312094457	0.0005308265634597	0.0003857936765678	-0.0052430212501421	-0.0015270145114324	2.748927182944163e-05	2.331773318125132e-06	-0.0001225827678625	0.0002154753825137	1.502653497683156e-08	4.6429640469425346e-08	3.11804249277293e-05	3.085957727549937e-07	9.523135096225172e-14	9.722188986737623e-10	0.0	0.0	0.0	0.0	0.0	0.0	0.0
3865.808914324828	-6.420866965866935	14944478.562073303	41.22753259336126	5333.035753803869	21.4590434412803	28441270.3513504	460.4905454147551	3993.172830904447	-5.556004920373198	30.869190675211183	15945429.257473435	4375.40870258485	3071.410867605636	1.115222	23.378042	0.145517186933322	0.0986173413741059	0.0898494774	-0.0778423182	-0.0318077268	-0.2320839742	-0.0391683536	-0.0354226594	-0.0306920469	0.0854752764	-0.1193115153	0.1147411241	0.0538076671	0.2139398329	0.2602917693	0.0871366248	0.0660707019	0.066910363	0.0085420256	0.1521686804	0.0933880841	0.129632026	0.0624182192	-0.259288678	-0.0839108933	0.1387454437	-0.1244434158	-0.1255261062	-0.034977237	0.1733068754	0.0643889699	0.1626519099	0.0479392309	0.0612184484	-0.127448274	-0.0415155979	0.0626295556	0.2021750544	0.0936697311	0.0872050014	-0.1321808287	0.2712911974	-0.0760281883	0.0221535713	-0.1386824023	-0.057862388	-0.0217036858	0.0197577503	-0.0297391644	0.1611357727	0.089434466	0.05013092	0.1240576809	0.049814567	0.058359069	0.1721064123	0.1048968369	0.1911408875	-0.1182920841	0.0577386468	0.114338701	-0.0079059631	0.139132924	0.0855149763	-0.0580456054	0.0405515002717606	4.615616859379723e-05	2.130391899259034e-09	0.0016444241742905	-0.0852846343448874	-0.0158803840673869	0.0002521865981277	0.0072734688553411	0.0462873818419851	0.0693270555258678	0.0021425217177857	0.0048062406278867	-0.0061930137614256	-0.0009499925112835	3.8353419449206864e-05	9.024857714947312e-07	-0.0001981543892632	-7.557162140069999e-05	3.9265161984271796e-08	5.711069961130737e-09	0.000210888115673	0.0001797076907452	3.2294854112997853e-08	4.447379733210863e-08	0.0	0.0	0.0	0.0	0.0	0.0	0.0
3866.26225880614	0.4533444813118876	14947983.853868756	0.2055212187359444	5334.239623039	1.2038692351316058	28454112.355999257	1.4493011352963576	3987.4072979266825	-5.765532977764451	33.24137051768942	15899416.959558968	4363.683240953383	3073.099836207148	0.9742940000000002	20.423811	0.0499612389364125	0.0239478801225947	0.0650827364	-0.0462675528	-0.0346127393	-0.1254707593	0.0345192034	0.0546334302	0.1989543018	-0.016119641	-0.1045322562	0.0568302175	-0.0360964864	0.1510004139	0.1636998911	-0.0500699594	0.123121786	-0.1222205436	0.0225911135	-0.1305713058	0.1623567534	0.1068828554	0.0284960776	-0.0765819554	0.0720090425	0.1375244231	-0.1053059493	0.009496083	-0.1083973242	0.1712707024	0.0463269805	-0.0178468535	0.0894716605	0.0249821973	-0.0474310041	0.0851053315	-0.071259793	0.0842685191	0.0468648159	0.0560652097	-0.1122862106	0.2852125035	-0.1028499661	-0.0666195014	-0.075123929	0.0099973858	0.0689361497	0.1896750652	0.0298261695	0.0216613872	0.0917084888	0.0059626692	0.0183730616	-0.036733225	-0.000454976	0.0696941322	0.0893100963	-0.0427595477	0.1344173081	-0.0663317097	-0.0637043845	0.1667269025	0.0244036154	0.0807510076	-0.0683731426	0.032003771466023	-0.0085477288057376	7.306366773643632e-05	0.0010242413880494	-0.0895518359214833	-0.0042672015765959	1.8209009295302603e-05	0.0080195313169082	0.0467598355236091	0.0004724536816239	0.0021864822181949	2.2321248128007007e-07	-0.0064904584486554	-0.0002974446872298	4.212605087372226e-05	8.847334196123355e-08	-0.0003356578895561	-0.0001375035002929	1.1266621882125506e-07	1.8907212592799555e-08	0.0005094170255994	0.0002985289099263	8.911951006184463e-08	2.5950570597053973e-07	0.0	0.0	0.0	0.0	0.0	0.0	0.0
3869.603162402886	3.3409035967461023	14973828.634478416	11.161636842751042	5324.604237218057	-9.635385820943156	28351410.283000488	92.84065991843242	3989.534120530349	2.126822603666369	4.523374387466193	15916382.498875864	4371.823661608573	3065.4434645164074	0.93599	19.620853	0.0791357443126688	0.0329652097113269	0.0657418554	-0.0374975967	-0.0503390204	0.0056787751	0.1140454393	-0.0155081442	-0.0931364712	0.0281807783	-0.1043881851	-0.1049209557	-0.2099137045	-0.0339776107	0.3208985666	0.0009956436	0.1010086554	-0.2157565287	-0.0536037505	0.0317356639	0.0724057351	-0.0291239979	-0.019845869	-0.1411560321	0.0251751012	0.0940981297	-0.0526400296	0.1688505627	-0.0376453054	0.1328243283	0.1619712229	0.0683250825	-0.0027073634	-0.1644023015	-0.0523529285	0.2675265341	-0.0156473212	0.2170791774	0.1482397471	0.0538745825	-0.1039767714	0.27135779	-0.0884875167	-0.070236169	0.0820309981	0.1628270838	-0.0276836804	0.0474959672	-0.0934250547	0.0027255642	0.0852046979	-0.0341874491	-0.1531072453	0.0794294436	0.0208693306	0.2821991926	0.0266880329	-0.0008878704	-0.0920331599	0.1932510789	0.0991945387	-0.0728501092	0.0455673986	0.0758767427	-0.0783272495	0.0270882249538999	-0.004915546512123	2.4162597512845547e-05	0.000733771931153	-0.1082607518667799	-0.0187089159452965	0.0003500235358481	0.0117203903947604	0.0703709863981032	0.0236111508744941	0.004952075726642	0.0005574864456181	-0.0062398533153879	0.0002506051332675	3.893576939755736e-05	6.280293282002165e-08	-0.0006224092611761	-0.00028675137162	3.8739328839777873e-07	8.222634912595137e-08	0.000610063140327	0.0001006461147276	1.0129640409761234e-08	3.721770351856409e-07	0.0	0.0	0.0	0.0	0.0	0.0	0.0
3865.3388147644905	-4.26434763839552	14940844.152924957	18.18466078108945	5314.60578967679	-9.998447541267524	28245034.699666053	99.9689532354786	3997.088948880709	7.554828350359912	57.07543140340187	15976720.06526429	4371.069527315133	3092.835290785453	0.927129	19.43511	0.054551946221868	0.0295186497549055	0.0562901315	-0.0244957869	-0.0457794001	-0.0296389097	0.1279510806	-0.0086494947	0.0129372576	0.1610599969	-0.0624979935	-0.0398429091	-0.0149172216	0.1017135121	0.1464504299	-0.1315804889	0.1841751457	0.113475975	0.0502147088	-0.0725527326	0.0480769011	-0.0664734572	-0.0341527081	0.120232707	-0.0306592302	0.076049129	-0.0807508016	0.1139274024	0.012713793	0.2150898884	0.078517375	-0.040080482	-0.0030303908	0.0442675018	-0.0485876945	-0.2531447403	0.0590347864	-0.0026035156	0.0237027339	0.0443457812	-0.0930169916	0.2509235291	-0.0969115115	-0.0212411608	0.0543163617	0.0660852192	-0.2115422233	-0.0615610301	-0.1212951797	0.0372490229	0.0585865571	-0.1315362293	-0.1256388937	-0.0731937624	0.0218067258	0.0337760751	0.1209412434	-0.2288588882	0.1869892289	-0.0795056164	0.0097083644	-0.028115923	-0.0035555484	0.0708988393	-0.0878535601	0.0263583451268942	-0.0007298798270057	5.327245618698746e-07	0.0006947623578284	-0.1157036769676409	-0.007442925100861	5.5397134057026776e-05	0.0133873408638321	0.0664320028876019	-0.0039389835105013	0.0044132110076583	1.5515591096001152e-05	-0.0066942258404975	-0.0004543725251096	4.4812659603584463e-05	2.0645439157447457e-07	-0.0007569213751128	-0.0001345121139366	5.729299681026521e-07	1.8093508795719756e-08	0.0008699816569507	0.0002599185166237	6.755763528386463e-08	7.568680834306855e-07	0.0	0.0	0.0	0.0	0.0	0.0	0.0
3862.843649575557	-2.495165188933697	14921561.061066208	6.225849320066533	5303.355740454889	-11.250049221900554	28125582.109815825	126.56360749518524	3998.593564077524	1.5046151968153936	2.2638668904878254	15988750.490682198	4364.074496873569	3059.2216035833408	0.918804	19.26059	0.1097963215102046	0.0667945081616897	0.0269872322	-0.0287132983	-0.0056392134	-0.0762780535	-0.0520202335	-0.089329019	0.0122702151	0.0424386031	-0.0021447765	0.0123001963	0.0292655249	0.0294394707	0.2261714792	-0.0294183394	0.0876673807	-0.0050054841	0.04768802	0.1155351476	-0.1876395913	0.1005028907	-0.016040381	-0.0945547403	-0.1261613311	0.0251091293	-0.0743623135	-0.0369613752	0.0260772736	0.1509360493	-0.1454488248	0.0480296805	-0.0496381005	-0.1624247505	-0.0084238851	-0.0942717837	0.1137355766	0.1451728413	0.2670777001	0.0321283494	-0.0730895254	0.2243420893	-0.1194365638	0.0925108259	-0.019104834	0.0115582326	-0.211251763	-0.0529013683	0.0081415161	-0.0532043611	0.1704912987	-0.2476821712	-0.0996173541	0.0526829738	-0.0957196396	-0.0954177108	0.0191508347	-0.1727788588	-0.0758744977	-0.0335326739	-0.0190086371	-0.1796471261	0.0760484272	0.0658240966	-0.096900045	0.0130964568425895	-0.0132618882843046	0.0001758776808653	0.0001715171818298	-0.1362601465758643	-0.0205564696082233	0.0004225684427538	0.018566827544876	0.1245510328621435	0.0581190299745416	0.0155129597870267	0.0033778216451816	-0.0067283600521147	-3.413421161719936e-05	4.5270828990892925e-05	1.1651444027277475e-09	-0.0004359390630168	0.000320982312096	1.900428666639655e-07	1.0302964467849397e-07	0.0008720438061002	2.062149149499983e-06	4.252459114783502e-12	7.604603997577233e-07	0.0	0.0	0.0	0.0	0.0	0.0	0.0
3860.868879480861	-1.9747700946959408	14906308.504543798	3.8997169269054166	5313.498879709551	10.143139254661946	28233270.34467465	102.8832739394641	3989.29211331881	-9.301450758714054	86.51698621678226	15914451.56538766	4350.328753237322	3057.028788704184	0.933338	19.565271	0.1124440058187333	0.0527498660432217	0.0312186944	-0.012171163	-0.0177491176	-0.0207525147	0.0806051146	-0.010296794	0.2620460036	-0.012109193	-0.0444579238	0.0411402989	-0.1705170014	0.0904257868	0.0256064878	0.0408720896	0.1397182502	0.0711217151	0.1883004165	0.0911932502	-0.1510379946	0.1267408629	-0.1507522119	0.0992603185	-0.0748121497	0.0264022934	0.000640505	0.0643406291	-0.202385934	0.0219967342	0.0072954074	-0.0254305899	0.1633365979	-0.08530299	0.0579454121	-0.1753963589	0.1044870419	-0.0451044059	0.1465618297	0.0273942329	-0.0724520705	0.2311049766	-0.0965537438	-0.0064068582	0.0113009766	0.0417942642	0.091237217	0.1090017838	0.0556801078	-0.0458193967	0.0373582829	-0.1153754876	-0.1528424531	-0.0794118371	-0.0226842221	-0.1954299721	0.0556589377	-0.0935418588	0.0489756947	-0.0842028845	0.086054114	-0.1238367566	0.0209193138	0.0606594461	-0.1054172954	0.0071474472593706	-0.0059490095832188	3.53907150212303e-05	5.10860023254843e-05	-0.1075364710910378	0.0287236754848265	0.0008250495333576	0.0115640926147136	0.0784286868511756	-0.0461223460109679	0.0061510589211997	0.0021272708015554	-0.007091876075294	-0.0003635160231793	5.029470626732743e-05	1.3214389910809337e-07	-0.000344226048891	9.171301412579996e-05	1.1849157273510913e-07	8.411276960039185e-09	0.0010497942635895	0.0001777504574892	3.159522513765544e-08	1.1020679958654206e-06	0.0	0.0	0.0	0.0	0.0	0.0	0.0
3865.595932870385	4.727053389523917	14942831.91622406	22.345033747409552	5315.654534124559	2.15565441500803	28256183.126158983	4.646845956943611	3985.5017493614782	-3.79036395733192	14.366858929040893	15884224.194163404	4358.51743503892	3068.534263117396	1.057022	22.158016	0.2044517969443868	0.1167835504757176	-0.0281905292	0.0168292955	0.0361753753	0.0501164677	0.1456595988	-0.1513501776	-0.0250105417	0.0090230008	0.0439772125	0.0086288733	-0.1435721522	0.0958425364	0.0578132911	0.0320585707	-0.1026761784	-0.1648441702	0.0867613202	0.1190804551	0.0441413528	-0.0200558774	-0.0518092971	0.0069387582	0.003035639	-0.0085249254	0.0177868621	0.0711974968	-0.1347286191	0.1293740589	0.1565044602	0.0437013158	-0.0681195045	-0.106335468	-0.0112509967	0.1098752459	0.0468100644	-0.2703454679	0.0835376556	-0.0196091483	-0.0133898635	0.1247454841	-0.0906347744	-0.0599511304	0.147961798	0.1113715635	0.0132112029	-0.074689329	0.0573681165	-0.000179159	-0.0975338039	0.1181902708	-0.2454200423	-0.16267287	0.1468175538	-0.1607095602	-0.0761614518	0.1611073592	-0.259313088	0.105561315	-0.0076585308	0.0372647752	-0.0564250208	0.0554119421	-0.1133587932	-0.0135461404100141	-0.0206935876693847	0.0004282245706305	0.0001834979200078	-0.1339084131804782	-0.0263719420894403	0.0006954793295687	0.0179314631205136	0.0998434281549123	0.0214147413037367	0.0099687101457251	0.0004585911451059	-0.0088582157219154	-0.0017663396466214	7.846798577598916e-05	3.1199557472266125e-06	0.0002783188029564	0.0006225448518474	7.74613560790834e-08	3.8756209256170114e-07	0.0007192482444218	-0.0003305460191677	1.092606707876135e-07	5.173180371038414e-07	0.0	0.0	0.0	0.0	0.0	0.0	0.0
3864.99247515748	-0.6034577129048557	14938166.833023945	0.3641612112643593	5314.280130693989	-1.3744034305700552	28241573.30748892	1.8889847899627368	3984.0655865009016	-1.4361628605765873	2.062563762099526	15872778.597540772	4354.891030112466	3097.862031509628	1.007983	21.130016	0.0676555452222732	0.0325156246363998	-0.0383480172	0.00395831	0.0022746231	-0.0119886552	-0.0086644904	-0.0711079281	-0.025168693	-0.018631823	0.030241567	0.1535223519	0.0895516278	0.0429267232	0.1230917188	0.1428276551	-0.1903440586	0.0053218163	-0.0910694603	0.0998702011	-0.0541458118	-0.1140069128	0.0143128932	0.0380931151	0.1114253567	-0.019948184	0.0077930777	-0.1062919107	-0.0133926776	-0.009863252	0.1290059577	0.1429963673	-0.1604970557	0.005664279	-0.0674839203	0.0576956782	-0.1266864141	-0.0547539449	0.0687548628	-0.0265794435	-0.0005309389	0.0779358874	-0.0998858559	0.0133855552	0.0245535953	0.0210197327	-0.0924468198	-0.215014483	0.1534192249	0.028860181	-0.0594114702	0.0958979349	-0.0681060256	0.0739553683	0.1442445933	-0.2747709308	-0.0197596738	0.0152356349	0.0900199701	-0.0206521442	-0.0028936891	0.0806003683	-0.0568826204	0.0500887521	-0.1206811645	-0.0253494649551697	-0.0118033245451555	0.0001393184703182	0.0006425953735133	-0.1494248166239629	-0.0155164034434847	0.0002407587758209	0.0223277758231049	0.0972566780192494	-0.0025867501356628	0.0094588614193399	6.6912762643520126e-06	-0.0091532797246492	-0.0002950640027338	8.378252971767414e-05	8.706276570929219e-08	0.0005570485785582	0.0002787297756018	3.103031188737112e-07	7.76902878070298e-08	0.000538060680798	-0.0001811875636237	3.2828933211928554e-08	2.895092962208073e-07	0.0	0.0	0.0	0.0	0.0	0.0	0.0
3868.0072679031214	3.014792745641444	14961480.224551369	9.088975299172274	5331.476489651588	17.19635895759893	28424641.55970762	295.714761398593	3995.2408146784855	11.175228177583904	124.88572482106524	15961949.167272808	4365.236940265138	3097.4787624226283	0.954582	20.010603	0.0418138647346864	0.0297876883931793	-0.0297986615	-0.0349675323	0.0456863732	-0.0760091723	-0.1378319959	-0.1714140984	-0.1343578264	-0.1021474327	0.0960174596	0.0735338755	0.2410371305	0.2316051373	0.1344703192	0.0521113403	0.0906804069	-0.1707179808	-0.1705574757	0.0330957409	0.0134946966	-0.0140092291	-0.2136351224	0.0521728321	0.045003175	-0.0348557218	-0.0471090939	-0.1916810828	0.020267172	0.0560896455	-0.0767311372	0.1322589958	-0.024633868	0.0656502263	-0.0604000716	0.2054110043	0.0185783803	-0.0011556629	0.0504150985	-0.028807129	0.005574019	0.073021765	-0.112403959	0.0924851941	-0.1086340086	-0.0921795674	-0.0025558118	-0.0968587264	0.1312351419	-0.0174105013	0.0663798429	0.0153748924	-0.033764035	0.0912854576	-0.038021706	-0.1571354035	-0.1181533155	0.0242977822	-0.2211187432	0.0487973242	-0.0938890764	0.0763940841	0.0983479805	0.0446971468	-0.1273444172	-0.0245911257722326	0.000758339182937	5.75078316377708e-07	0.0006047234667457	-0.1516622004299535	-0.0022373838059905	5.005886295308935e-06	0.0230014230392553	0.1000082739945824	0.0027515959753329	0.0100016548673754	7.571280411468712e-06	-0.0090691222188552	8.415750579400007e-05	8.224897782053307e-05	7.082485781467155e-09	-1.4238672440214373e-05	-0.0005712872509984	2.0273979285972032e-10	3.263691231533253e-07	0.0006039468394141	6.588615861609999e-05	4.340985897185887e-09	3.647517848382807e-07	0.0	0.0	0.0	0.0	0.0	0.0	0.0
3872.6267114995057	4.619443596384372	14997237.646619476	21.339259140176576	5335.72557609312	4.249086441532199	28469967.42337426	18.054735587612768	3989.330692232572	-5.910122445913657	34.92954732569243	15914759.37198881	4352.754090473329	3086.1378478244765	0.926576	19.423515	0.0533403638577524	0.0282689348773294	-0.0383179036	0.0089462191	0.0567337126	0.000547204	-0.0305122988	0.0073020116	0.1312306589	-0.1217267462	-0.0022038028	0.0963342373	0.0010381423	0.0485783947	0.0178200129	-0.0227961391	0.0466539239	-0.2454039556	0.0590916071	-0.0289110924	-0.1258648751	0.0359179824	0.1961854364	0.0782278821	0.0773522167	-0.0274282211	0.027395751	-0.0687585071	-0.1213114721	0.0244438495	-0.0639186094	-0.0473236776	0.084466718	-0.0495131382	0.0443615113	0.1256877729	-0.188851152	-0.0507231788	0.1961411922	-0.0386900159	0.0022809407	0.0696828478	-0.0928432391	0.0202126947	-0.0435504274	-0.0495795741	0.1758285657	0.0574251533	0.1690488907	-0.0570009663	0.0025131868	0.0841970037	-0.0241098827	-0.1470031597	-0.0670788422	-0.1966157386	-0.0937850766	0.0462698749	0.0302275266	-0.1856605026	-0.047443952	0.1076874179	0.0729650414	0.0392444906	-0.1333121588	-0.0145846276633534	0.0100064981088792	0.000100130004403	0.0002127113640786	-0.151953019205095	-0.0002908187751415	8.457555997480513e-08	0.0230897200455439	0.0908743957258906	-0.0091338782686918	0.0082581557985457	8.342773222728037e-05	-0.0095771497407931	-0.0005080275219379	9.172179715757336e-05	2.580919630463638e-07	-1.3082793864915844e-05	1.1558785752985284e-06	1.7115949531187967e-10	1.336055280834156e-12	0.0004349468658265	-0.0001689999735876	2.8560991072609518e-08	1.8917877609229537e-07	0.0	0.0	0.0	0.0	0.0	0.0	0.0
3877.849390706868	5.2226792073620345	15037715.897005623	27.27637810301173	5312.199772004158	-23.525804088962104	28219466.41768103	553.4634580322261	4007.14994929387	17.81925706129823	317.52592221662684	16057250.716125866	4364.943462218121	3106.7848242384875	0.972975	20.39616	0.0692232904904022	0.0348303068088375	-0.030450132	0.0031731528	0.0344400437	0.1035689599	0.0355328714	-0.1073690279	-0.0212552827	-0.0036546678	0.0167475304	-0.0137457635	-0.1264654952	0.0128394052	-0.0379164988	-0.0778868699	-0.0854811249	-0.0327382659	-0.1947929079	0.0933859816	-0.1537259907	0.0003375455	0.0968171981	0.1169658566	-0.0245190599	-0.0360322403	0.0216596242	0.0858954411	-0.0849895943	0.0179642103	-0.0010438164	-0.0326433106	-0.021640831	-0.0571083361	-0.0548710276	0.1372168017	0.0475869237	0.0209756079	0.0836256464	-0.0329081843	0.0133218149	0.0476408387	-0.0436929598	-0.05220146	0.1003291153	0.1140556343	0.1545205966	-0.0092497788	0.109389001	-0.0797978884	-0.0680491283	0.1339518592	-0.0215270097	0.1028400183	0.0634285158	0.0634098462	-0.1764773623	0.0700463993	-0.0988294863	0.0142048078	-0.1164036851	0.053090645	0.0518366159	0.0337382312	-0.1385517956	-0.0196762143908131	-0.0050915867274597	2.59242554032438e-05	0.0003871534127532	-0.1413131535774141	0.0106398656276808	0.0001132067405751	0.0199694073739938	0.0795706637453648	-0.0113037319805257	0.0063314905288779	0.0001277743566875	-0.0092792082527521	0.000297941488041	8.610370579794267e-05	8.876913029608607e-08	0.0004488802611526	0.0004619630550175	2.014934888524264e-07	2.1340986420111642e-07	0.0003510892857903	-8.385758003619996e-05	7.0320937295276825e-09	1.2326368659674298e-07	0.0	0.0	0.0	0.0	0.0	0.0	0.0
3881.0069651579615	3.157574451093751	15062215.06360461	9.970276414200004	5334.826382544733	22.6266105405748	28460372.53189532	511.9635045548507	3990.861848332332	-16.28810096153802	265.3022329332558	15926978.29247456	4365.337816399096	3134.075889511488	0.906795	19.008856	0.0440824517229088	0.0325090662172362	-0.0317275524	0.023990258	0.027484203	0.0824991318	0.1206613203	-0.0396170202	-0.0578265296	0.0401013157	0.0335975911	-0.0960816466	-0.0821366266	-0.1292821765	0.1178553896	-0.0936350695	-0.0466795287	0.0401626912	0.1413528576	0.0969248908	-0.0920372822	-0.0543934877	0.0234652569	0.0187799096	-0.0222565526	-0.0358801614	0.0497419586	0.1234865125	0.0789170112	0.016229187	0.0997159781	-0.0977723183	-0.0445959687	-0.1051840946	-0.0205609909	-0.1366126539	-0.012844762	-0.020998741	0.1397453804	-0.0404337712	0.0214133668	0.022208113	-0.0323577127	-0.0142802283	0.1410127055	0.083646092	-0.0777429997	-0.1657391899	0.0055941426	-0.0907617198	-0.129408399	0.0593778018	0.0674154936	-0.0373812019	-0.0496627156	0.0803395669	-0.0328053316	0.020409263	0.0450609171	-0.082089922	-0.3019727217	0.2870917736	-0.0229279128	0.0281858894	-0.1430347106	-0.0214357672991951	-0.0017595529083819	3.096026437395552e-06	0.0004594921197052	-0.1698060532356606	-0.0284928996582464	0.0008118453309349	0.0288340957154719	0.0796545540290551	8.389028369029661e-05	0.0063448479775676	7.037579697638445e-09	-0.0095252151098977	-0.0002460068571456	9.072972288982346e-05	6.051937376265616e-08	0.0004419422590464	-6.938002106199987e-06	1.9531296033103534e-07	4.8135873225635455e-11	0.0003291119675903	-2.19773182e-05	4.830025152640511e-10	1.083146872111587e-07	0.0	0.0	0.0	0.0	0.0	0.0	0.0
3885.741983410703	4.735018252741611	15098990.761640543	22.420397853796217	5344.359016664566	9.532634119833348	28562173.29900385	90.87111326261088	4001.524481670673	10.662633338341038	113.69174970790176	16012198.17740975	4364.005947015225	3157.024609921584	0.962374	20.173933	0.0863188834254726	0.056909983565221	-0.0511456586	-0.0247077857	0.1006504378	-0.0294994662	-0.1310105749	-0.0811988393	-0.1800275977	-0.1918488776	0.0234512261	-0.0446280687	0.0249093019	-0.0414495672	0.0359189997	0.1323244278	-0.0657201861	0.0263676188	-0.0122572118	0.1432350972	-0.1051544926	-0.0573592344	0.111639511	-0.0286548543	-0.0815163266	-0.0698095709	-0.0001575705	-0.0877904242	0.0210573666	-0.1157515044	-0.049665774	0.074301401	-0.1866509358	-0.0460006727	-0.1105679718	0.0318902796	0.1293923974	0.1398649178	0.1200211637	-0.0421697444	0.0182916709	-0.0124184554	-0.0463630639	0.0648461585	0.0322352091	0.0404921895	-0.1194407513	-0.1747807287	0.1397149128	-0.0342224144	-0.0521219393	0.0346960369	0.1586483579	0.2022443515	-0.1122048983	0.0512822733	0.013677766	0.1333445599	0.1180717584	0.1637926294	-0.1827903144	-5.01843e-05	0.020602917	0.022595049	-0.1467364196	-0.0142745311234051	0.00716123617579	5.128330356544339e-05	0.000203762238793	-0.2152783890662277	-0.0454723358305671	0.0020677333258878	0.0463447847989501	0.0803166345541157	0.0006620805250606	0.0064507617860993	4.383506216645218e-07	-0.0100267423493304	-0.0005015272394326	0.0001005355621398	2.51529571892984e-07	0.0004360927731246	-5.8494859218000215e-06	1.9017690677150387e-07	3.421648554933665e-11	0.0004821998601169	0.0001530878925265	2.3435902838235826e-08	2.3251670509675798e-07	0.0	0.0	0.0	0.0	0.0	0.0	0.0
3885.720531572938	-0.0214518377651984	15098824.049487475	0.0004601813435043	5334.406941075479	-9.952075589087144	28455897.41299425	99.04380853090424	3994.483626615084	-7.040855055588963	49.57363991381266	15955899.443295997	4366.428122943137	3121.9824770267924	0.975112	20.44095	0.0416884720414505	0.0214065080052862	-0.0487521047	-0.0065469874	0.0094720382	-0.0059832843	-0.1291773717	0.1034097769	0.0881270422	-0.067068016	0.0226613197	0.0172888169	0.2557202924	-0.0117917939	-0.0693461026	-0.0971815486	-0.0816634142	0.0600670635	0.0430127742	0.0600290872	0.155649669	-0.0279966202	0.1014042733	0.1031982326	-0.0256184121	-0.0447870272	-0.0103924557	-0.0998116712	0.1607798898	-0.037614253	-0.2195374872	0.0006199767	0.0281586751	0.0207442602	-0.0387411344	-0.1290349058	-0.2488972377	0.0687964649	0.0286616884	-0.0365613189	0.023270471	-0.0030209724	-0.0500284706	0.1320971195	-0.1017562198	-0.0663492774	0.0780441797	-0.0869232646	0.1508870124	-0.1595251792	-0.0005770692	-0.0297850633	0.1520687748	0.0088833681	-0.315663223	0.0527778973	0.0211346224	-0.0080706549	0.1723163553	0.1537944212	0.0260157126	0.051805406	-0.0442827985	0.0169733466	-0.1496367051	-0.024122400473189	-0.0098478693497839	9.698053073041316e-05	0.0005818902045889	-0.2122233945758438	0.0030549944903839	9.332991336276018e-06	0.0450387692052942	0.0867897710260834	0.0064731364719677	0.0075324643547599	4.1901495784718514e-05	-0.0096872533391635	0.0003394890101669	9.384287725713435e-05	1.1525278802410181e-07	0.0004789834079497	4.28906348251e-05	2.2942510509110878e-07	1.839606555700081e-09	0.0004183300705226	-6.386978959430003e-05	4.079350022820156e-09	1.750000479034435e-07	0.0	0.0	0.0	0.0	0.0	0.0	0.0
3885.8033318358166	0.0828002628786634	15099467.533706332	0.0068558835327757	5354.065786054058	19.6588449785786	28666020.441394657	386.470185891785	3991.102759728065	-3.3808668870192378	11.430260907743152	15928901.238708977	4360.093289888822	3161.404305149667	0.932235	19.542141	0.0843749205256013	0.0450325263483999	-0.0419949787	-0.005278346	0.0154188446	0.0397942648	-0.0042377864	0.1047840756	-0.1139230409	-0.0767754007	-0.0020176955	-0.034981423	0.0586827826	-0.1861711638	-0.0446582869	0.057593706	-0.0486614886	0.0315485074	0.0283177156	-0.0634728031	0.0982160708	-0.2089150076	0.1946552672	-0.2557782094	0.0212523914	-0.046411473	0.0496706369	-0.0037716361	0.1255541231	-0.2031414173	0.044863074	0.0804969695	0.1324398242	-0.0233455128	0.0605269485	0.0662353527	-0.2419307789	0.0330717351	0.0040530422	-0.031676735	0.0211687976	0.012880562	-0.0390373045	0.0510956884	-0.0194279307	-0.0093787557	0.2555102169	-0.0333985359	0.0600649924	-0.0804624208	-0.1150634237	0.1602870044	0.0535853726	0.1614974251	-0.1477952375	0.1575994404	-0.0608186553	-0.095907706	0.0910165681	0.1002576785	0.1274478083	-0.2415595116	-0.0316574618	0.0113284606	-0.1517197269	-0.0138578764314729	0.0102645240417161	0.0001053604538029	0.0001920407391899	-0.1963587845239089	0.0158646100519349	0.0002516858520999	0.0385567722597068	0.0575863532206781	-0.0292034178054053	0.0033161880772567	0.000852839611517	-0.0095558458267854	0.0001314075123781	9.131418946529193e-05	1.7267934309400524e-08	0.0004624428529271	-1.6540555022599983e-05	2.1385339222335546e-07	2.7358996045565747e-10	0.0008512293756528	0.0004328993051302	1.8740180838221e-07	7.245914499742557e-07	0.0	0.0	0.0	0.0	0.0	0.0	0.0
3879.9102481858768	-5.893083649939854	15053703.533977792	34.72843490518843	5334.50524311681	-19.5605429372481	28456946.18884073	382.6148399999266	4000.7989971454326	9.696237417367684	94.01702005396112	16006392.6155599	4377.312454838456	3149.7198183809346	0.930503	19.505836	0.0719330669473956	0.0372203522463351	-0.0472174238	0.0222182543	-0.0062143784	-0.0066810561	0.0266653195	0.1022309628	-0.0168642674	0.2232126353	0.0635775213	-0.0411286879	-0.0267431787	0.0103165531	0.0339257964	0.0768592254	0.0896049436	0.0724104412	0.0202399578	-0.0879132979	-0.087836867	-0.02379289	0.0170131323	-0.1268598823	0.0752883833	-0.0416282262	0.0229941412	0.0425280774	0.0614315162	-0.0209409958	0.1196596366	0.0134061848	0.0976739557	0.1563233747	0.0097634365	0.0506421785	0.0548173337	-0.035446724	0.086596574	-0.0428349037	0.0280079964	0.0078115609	-0.0418956566	-0.0191824319	0.0840612293	-0.0121677403	0.0494030598	-0.0828437641	0.027495753	0.0746179867	-0.1928052863	0.2469561	0.0075944704	-0.070646712	-0.0744063008	0.0188552351	-0.0031321938	-0.1269397334	0.1349240655	0.0214296954	-0.0615246262	-0.1670742219	-0.1897931468	0.0056681013	-0.1529741081	-0.0141630690934846	-0.0003051926620116	9.314256094578773e-08	0.0002005925261468	-0.1694221531016921	0.0269366314222168	0.0007255821123763	0.0287038659616131	0.051600624750641	-0.0059857284700371	0.0026626244746564	3.582894531701271e-05	-0.0100537738568018	-0.0004979280300164	0.0001010783687637	2.479323230760137e-07	0.0004153832580553	-4.70595948718e-05	1.7254325107263598e-07	2.2146054694979447e-09	0.0006221067126784	-0.0002291226629744	5.2497194688480495e-08	3.870167619595253e-07	0.0	0.0	0.0	0.0	0.0	0.0	0.0
3875.5929809882377	-4.317267197639012	15020220.954285296	18.63879605580981	5303.411192863218	-31.094050253591377	28126170.280586865	966.839961172866	4001.666979980469	0.8679828350364005	0.7533942019178272	16013338.618666008	4374.558596432864	3110.3863305428727	0.922653	19.341269	0.1326323018281706	0.0768452883252904	-0.0754185456	0.0384737525	-0.0125713527	-0.0114774548	-0.0958572766	0.0419005597	-0.0325545073	0.1164381457	0.0727764852	0.0187908528	0.0110168745	-0.0317588832	0.0357780392	-0.1067446676	-0.0528008	-0.0624156863	-0.1784356115	-0.0677413745	-0.0151249115	-0.1450097359	-0.2595600186	-0.1510016684	-0.1702992171	-0.0298715462	-0.0188244946	-0.0608273784	0.0636799375	0.2066992759	-0.0506788831	0.0178229143	-0.1644090098	0.0250213826	0.1821639847	0.0936611387	0.0838819924	-0.0778688996	-0.2000231611	-0.0654785327	0.0461823221	-0.050162381	-0.0132728949	0.0420682724	0.0649120132	-0.0355244781	-0.1969559329	-0.0160069844	0.0269712692	0.0609192929	0.0487311088	0.1293445625	-0.0682686974	-0.0102459243	-0.0250437052	-0.0232306793	0.0189417932	0.0478262395	0.00137428	-0.0393855971	0.1937162375	-0.0940601615	-0.2750521732	0.0	-0.1533929978	-0.0186467515439119	-0.0044836824504273	2.0103408316269763e-05	0.0003477013431403	-0.191807104692387	-0.0223849515906948	0.0005010860577177	0.0367899654104763	0.1198559601312112	0.0682553353805702	0.0143654511789744	0.0046587908079141	-0.0101731577220133	-0.0001193838652115	0.0001034931380369	1.4252507272837684e-08	-7.587402815656397e-05	-0.0004912572862118	5.756868148703062e-09	2.413337212562453e-07	0.0007616322093846	0.0001395254967061	1.9467364231111823e-08	5.800836223720671e-07	0.0	0.0	0.0	0.0	0.0	0.0	0.0
3876.683171479148	1.0901904909101177	15028672.412029624	1.1885153064708434	5308.990144791142	5.578951927923299	28185376.357489467	31.124704614079096	3999.657029371995	-2.0099506084739005	4.039901448504603	15997256.352604812	4355.219194908282	3127.411974683923	0.938415	19.671684	0.0931446982920634	0.0511525013640446	-0.0750043272	-0.00207017	0.0423989214	0.026736477	-0.04048045	0.0007867194	0.1079007649	0.0676444376	0.0655614831	0.0065613423	-0.0813829295	-0.0214554424	-0.1314942592	-0.143936494	-0.0458379662	0.0811128323	-0.0373856296	-0.1438142507	0.0371806314	-0.0348186428	-0.0513686635	-0.1471906559	0.1038639364	-0.0788669957	0.0339746019	-0.0113416373	-0.0772632389	-0.0329775567	-0.1055247675	-0.2239815676	-0.0423507354	0.0103719453	0.1000271696	-0.0998032666	0.0442230573	-0.0188773765	-0.1041938998	-0.0694804659	0.0533280876	-0.0772359728	0.0189532189	0.0460240958	0.0344152999	0.065473245	-0.0627976573	0.0291616608	0.0999160241	-0.1070280355	0.0147238012	-0.1184938783	0.0578162878	0.1480291098	-0.077625518	-0.1339567782	0.0357528539	-0.056311161	0.0724966307	0.0500282896	0.2069676758	0.0482673329	0.0630306468	-0.0056681013	-0.1529741081	-0.014513183350175	0.0041335681937369	1.7086386012273343e-05	0.0002106324909557	-0.2312505523451022	-0.0394434476527152	0.0015557855627324	0.0534768179599148	0.1171171611483217	-0.0027387989828895	0.0137164294354419	7.501019868676595e-06	-0.0105620245022472	-0.0003888667802338	0.000111556361586	1.5121737276948022e-07	-0.0004390100124604	-0.0003631359843038	1.9272979104048057e-07	1.3186774309631585e-07	0.0009462071141013	0.0001845749047167	3.4067895451178916e-08	8.953079027759107e-07	0.0	0.0	0.0	0.0	0.0	0.0	0.0
3881.912131629008	5.228960149860086	15069241.797688467	27.342024248824814	5322.285182829826	13.295038038684652	28326719.56736992	176.75803645007184	3999.62883582482	-0.0281935471753058	0.0007948761023261	15997030.824361404	4367.713692354196	3120.122233756146	0.959042	20.104094	0.0776901506369438	0.0400245280168956	-0.0564253969	0.0367819502	0.0045264656	0.0948385682	0.0245777611	0.0280832537	-0.0306443637	0.0939578609	-0.0030110227	-0.1164171664	0.1739667531	-0.1814584338	-0.0461345716	-0.0561196297	0.1096455683	-0.0801043014	0.1108820407	-0.0440046006	0.0869686107	0.0562254135	0.0965276739	0.0373965615	-0.1239362211	-0.0426930938	0.0368848867	0.0890157308	0.211618775	-0.0732288655	-0.066894437	0.0422429028	0.0823268227	-0.1337008737	-0.0306885086	-0.0090928485	-0.03171678	-0.0706928441	-0.0410699541	-0.0576364716	0.0335297851	-0.0356245295	0.030190096	-0.0068481848	0.0114970363	-0.0044246544	0.1449828438	-0.117743795	-0.138361337	-0.0914135609	-0.1044673979	-0.1677094951	0.0209749602	0.0160945447	-0.0826137001	-0.0688582874	-0.1144171716	-0.0536909059	-0.2158415418	-0.2044671221	0.0887980462	-0.023917192	-0.0463270841	-0.0113284606	-0.1517197269	-0.009119965278117	0.005393218072058	2.9086801172773014e-05	8.31737666740597e-05	-0.2086399008604758	0.0226106514846264	0.0005112415605592	0.0435306082310691	0.0890056954537072	-0.0281114656946144	0.007922013823198	0.0007902545034994	-0.01062108752574	-5.906302349279954e-05	0.0001128075002294	3.488440744110991e-09	-0.0004350783913789	3.931621081500018e-06	1.892932066448513e-07	1.5457644328495372e-11	0.0005777054509627	-0.0003685016631386	1.357934757359143e-07	3.337435880720166e-07	0.0	0.0	0.0	0.0	0.0	0.0	0.0
3875.5286879713385	-6.383443657669432	15019722.611288844	40.74835293064009	5315.015024492817	-7.270158337008979	28249384.710584383	52.85520224518117	3990.089224947416	-9.539610877403902	91.00417569228284	15920812.02304147	4357.453937907795	3116.2464148678	0.955531	20.030479	0.0454335783840436	0.0259262623803983	-0.0636792709	0.0468435568	0.0297840235	0.0451648036	-0.1419657413	-0.0251062406	-0.0619817202	0.1511462404	0.0681613774	0.1140813395	0.0529102092	0.149702086	-0.0998064041	0.1656200177	0.0918997849	0.1986614634	0.1070197131	0.0334076203	0.1139655934	-0.1275258629	0.0251715238	0.119430559	0.0010696612	-0.040930312	0.0602103947	-0.1518460701	-0.0553824161	-0.0769978592	0.1738431904	0.0270021479	0.1230978386	0.2179277625	-0.1275186212	-0.0796538637	-0.0405845401	-0.0683543484	-0.0962298632	-0.0589747995	0.0445641691	-0.0793787271	0.0025407663	0.0222080916	-0.034141671	-0.1014621685	0.0217599201	-0.0464202671	-0.0400461667	0.1051703267	-0.0749931532	0.1181194283	-0.0212618667	-0.0091798224	0.2440747485	-0.066110074	-0.0620179901	0.0205749242	0.1180740074	-0.1119988991	0.0728542996	-0.055720427	0.0697687244	-0.0169733466	-0.1496367051	-0.0112260445241503	-0.0021060792460333	4.435569790572193e-06	0.0001260240756582	-0.1925583344092984	0.0160815664511773	0.0002586167795236	0.0370787121504831	0.0871167300404138	-0.0018889654132934	0.0075893246529343	3.568190332618728e-06	-0.0106212098839309	-1.2235819090052058e-07	0.0001128100993985	1.4971526880448238e-14	-4.0163431760609214e-05	0.0003949149596182	1.6131012507891127e-09	1.5595782533031622e-07	0.0006898074786243	0.0001121020276616	1.2566864605842133e-08	4.758343575660141e-07	0.0	0.0	0.0	0.0	0.0	0.0	0.0
3879.861966276036	4.333278304697615	15053328.87735535	18.777300865963035	5343.592081377583	28.577056884765625	28553976.332161207	816.6481801951304	4002.3894005408656	12.300175593449694	151.29431962969554	16019120.91356187	4371.681552090488	3117.630618878265	0.93292	19.556498	0.0612035004130423	0.030204507200458	-0.0625382186	0.0198812283	0.0621326201	0.0104120862	-0.0689976221	-0.0297027831	-0.0497589249	-0.0862261884	0.1548602231	0.051194958	-0.0737972892	0.0596949121	-0.000870525	-7.11364e-05	-0.2028279818	-0.0716337672	0.0144050977	-0.0574945353	0.1167549142	0.07315857	-0.1390771537	0.1457185583	-0.0352129747	-0.081629175	0.0242577683	-0.0686006425	-0.1269190019	0.0769507482	-0.0185759374	0.0251706633	-0.1953406237	0.0249728777	-0.0411918499	-0.0201736982	0.1009084169	-0.1208235607	-0.1250094626	-0.0638279284	0.0497809025	-0.0869439377	0.0040695583	0.0366650097	0.0241336349	-0.0623574179	-0.1214834303	0.0947470425	0.0661126333	0.0723621475	0.0387990262	0.0723731976	0.0410642515	-0.0892465556	0.1721575703	-0.0559017069	0.0770476289	0.0954692175	-0.2189514159	0.073532451	-0.1646877998	-0.0241117372	-0.1304754925	-0.022595049	-0.1467364196	-0.005466755894588	0.0057592886295623	3.31694055186056e-05	2.988542001101265e-05	-0.1874336339239448	0.0051247004853536	2.6262555064583428e-05	0.0351313671259353	0.1038670675612607	0.0167503375208468	0.0107883677237754	0.0002805738070622	-0.0107775372919705	-0.0001563274080395	0.0001161553100798	2.443825850437956e-08	-0.000437863549124	-0.0003977001173633	1.917244876514656e-07	1.581653833508548e-07	0.0008071634287669	0.0001173559501425	1.3772419033872416e-08	6.515128007387384e-07	0.0	0.0	0.0	0.0	0.0	0.0	0.0
3877.5164662328266	-2.3455000432095403	15035133.945906706	5.501370452695955	5302.664577361076	-40.927504016506646	28118251.619999923	1675.0605850211675	4000.3305138221153	-2.058886718750273	4.239014520646265	16002644.219816308	4359.111255240528	3110.0488196985048	0.9231990000000002	19.35273	0.085264619860478	0.0469301406962207	-0.0766918312	0.0163165808	0.0266094274	0.0750403081	-0.083412168	0.0423889364	0.1720376997	-0.0302238596	0.0862990163	0.0365037391	-0.0269793302	-0.1374993504	-0.0021823265	-0.1111398762	-0.2390385559	0.1637701389	-0.0077676546	0.0264677399	-0.059577083	0.1319148999	0.0791075674	-0.0765876387	-0.0255117661	-0.0767864895	0.0333131227	-0.0485733914	-0.0429845052	-0.0091648909	-0.0845701849	-0.143827915	-0.1563772802	-0.1148459457	0.0490950402	-0.1571115044	0.019882722	0.1423519205	-0.0450860407	-0.0703392876	0.0478010362	-0.087404019	0.0438166775	0.0352713382	0.0477606404	0.0804787129	-0.0392679195	0.1165522684	0.0392462396	-0.0542949313	0.1141343996	-0.1613644338	-0.0086398024	-0.0339398546	0.065514397	-0.0139557378	-0.0250552807	0.0686652231	0.1033130494	-0.0934214039	0.1137018639	0.2383190598	0.2049707327	-0.0281858894	-0.1430347106	-0.0134833497269255	-0.0080165938323375	6.426577667267165e-05	0.0001818007198585	-0.2168467259035793	-0.0294130919796345	0.0008651299798024	0.047022502535102	0.1411866662539367	0.0373195986926759	0.0199336747279005	0.0013927524465823	-0.0106210393347303	0.0001564979572402	0.0001128064765498	2.4491610620355638e-08	-0.0004370181459802	8.45403143799996e-07	1.909848599159714e-07	7.147064755469167e-13	0.0007542000820343	-5.2963346732599935e-05	2.8051160971176043e-09	5.688177637405449e-07	0.0	0.0	0.0	0.0	0.0	0.0	0.0
3882.787925098559	5.2714588657322565	15076042.071291173	27.78827857310721	5339.800626693233	37.1360493321572	28513470.73283345	1379.0861600004132	3994.535541240986	-5.794972581129514	33.58170721604286	15956314.190237416	4354.504590827467	3111.288682244904	1.010259	21.177744	0.078471655903146	0.0491560627942307	-0.0851194676	0.0319540946	0.0992260707	0.1484474097	-0.0457050783	-0.0824237635	0.0399964606	-0.0953473229	0.0882673958	0.0141611288	0.0070948343	-0.1460289097	0.011523552	0.02946617	-0.0208479786	0.0851216555	0.1488494053	0.0758917717	-0.076814239	0.1280593824	0.0551579765	0.0652144859	0.0484663473	-0.1327516433	0.0933128694	0.0036847583	0.0647005311	-0.135538292	-0.0077661056	0.1158072081	0.0874634977	-0.1482499791	0.103654208	-0.2190827859	-0.1396420774	0.039372175	0.0997067495	-0.0712240494	0.0599219104	-0.1001063152	0.0566972623	0.1245224896	-0.0751933994	-0.0207925497	0.2271078288	-0.0743117455	-0.0751130704	0.0168178583	0.0653786909	-0.2296679497	-0.0636287078	-0.1042190322	0.0907544699	0.0976778731	0.084695634	0.0645194355	-0.0365887952	0.156611885	0.0721736502	0.0266021118	0.0627793391	-0.0337382312	-0.1385517956	-0.0056901373484805	0.0077932123784449	6.073415917554837e-05	3.2377663044572695e-05	-0.233418009961511	-0.0165712840579316	0.0002746074553286	0.054483967374392	0.181734044946026	0.0405473786920893	0.0330272630924441	0.0016440899187996	-0.0108470315631003	-0.00022599222837	0.0001176580937308	5.107248728363879e-08	-0.0004368602651894	1.5788079079997414e-07	1.9084689130135293e-07	2.492634410362519e-14	0.0007091545757015	-4.504550633280008e-05	2.029097640778332e-09	5.029002122383745e-07	0.0	0.0	0.0	0.0	0.0	0.0	0.0
3888.369330690314	5.581405591755356	15119416.051853042	31.15208837967796	5345.1626714891	5.362044795866495	28570763.98468049	28.751524392878967	4005.129895958534	10.594354717547958	112.24035188123068	16041065.483500816	4372.7852452316565	3131.180675297828	0.947516	19.862474	0.0743214157787421	0.0394615653732329	-0.0789288339	0.0377640782	0.0427774986	0.083661519	-0.1394717657	-0.0717732963	-0.060909003	0.1382097749	0.0869898462	0.0335397966	0.0978473904	-0.1050330818	-0.0313386431	0.1268250371	-0.0776091781	-0.0810568195	0.0980621543	-0.12409239	0.0307917135	-0.0904652034	0.0359465521	0.043087776	0.1302628947	-0.0705303012	0.0448561337	-0.1318032539	0.091258741	-0.0866840028	0.1544988691	0.0328984821	0.1590778176	-0.0331357601	0.0009656977	0.0016255616	-0.1691928174	-0.0738938401	0.0351850014	-0.0673718391	0.0481232854	-0.0957848707	0.0175978883	0.1185563687	-0.0769460137	-0.1127380423	0.1071581855	-0.0797930872	-0.1504048533	0.114570522	0.0162705876	-0.0292825723	-0.0997882053	-0.2302039138	0.1187055586	0.206855106	-0.0236002488	0.0130744971	0.1791018611	0.001039612	0.0536979049	0.0769682749	0.1362947933	-0.0392444906	-0.1333121588	-0.0058440213000068	-0.0001538839515263	2.3680270537348677e-08	3.415258495493317e-05	-0.2097228188652309	0.0236951910962801	0.0005614620810892	0.0439836607527784	0.1700371026240503	-0.0116969423219756	0.0289126162687818	0.0001368184596836	-0.0106203390153083	0.000226692547792	0.0001127916008	5.1389511224428915e-08	-0.0008679153874859	-0.0004310551222964	7.532771198347998e-07	1.858085184580505e-07	0.0008269148737922	0.0001177602980907	1.3867487806410542e-08	6.837882084987701e-07	0.0	0.0	0.0	0.0	0.0	0.0	0.0
3890.151063201793	1.7817325114788218	15133275.294530042	3.17457074246063	5353.224125031502	8.061453542401978	28657008.53281929	64.98703321630539	4001.760409780649	-3.369486177884937	11.353437102957642	16014086.377287786	4364.937394474016	3151.8057703046657	0.921988	19.327332	0.0583149412816876	0.0357564513185684	-0.0609164949	0.0152744884	0.0691365939	0.0049580487	-0.1968362787	-0.0227000849	-0.0886022608	-0.1470100324	0.1104264542	0.1336894553	0.0673839241	0.0505740814	-0.1064471763	0.0864575503	-0.1210112468	0.0149574086	0.0672470573	-0.1046563836	-0.143299391	-0.1913377854	-0.0273039139	-0.0190230341	-0.2838961479	-0.0831708652	0.0459255588	-0.2079573626	-0.0367347402	-0.0205935312	0.0091650641	0.0677051085	-0.006121231	0.0388938592	0.1214329045	0.0337023267	-0.0664086131	-0.0669673489	-0.0635191911	-0.059516645	0.0419256196	-0.088523504	0.0171993405	0.0986325859	-0.0718585097	-0.1074331141	-0.007695141	0.1004479751	0.038466203	0.0920116375	0.1156599843	0.1131320094	0.0146627863	-0.0314006236	-0.016544717	0.2351957344	0.0147145718	-0.0212570191	-0.0925243249	0.0613144141	-0.0016293457	-0.0777248064	0.1168374944	-0.0446971468	-0.1273444172	-0.0056678075974048	0.000176213702602	3.105126898470631e-08	3.2124042961199566e-05	-0.2215438037427617	-0.0118209848775308	0.0001397356834748	0.0490816569768113	0.1373886412403706	-0.0326484613836797	0.0188756387418752	0.0010659220307216	-0.010620927816599	-5.888012907014767e-07	0.0001128041076854	3.466869599317249e-13	-0.00066503892857	0.0002028764589158	4.422767765135336e-07	4.115885758225482e-08	0.0007569945076413	-6.992036615090008e-05	4.8888576026759335e-09	5.730406845990942e-07	0.0	0.0	0.0	0.0	0.0	0.0	0.0
3894.7542221381777	4.603158936384716	15169110.450863162	21.189072193618472	5348.024198470577	-5.199926560924723	28601362.82742686	27.039236239010418	3999.2802584134615	-2.480151367187318	6.151150804161123	15994242.585335644	4365.126492566678	3142.5694478922223	0.894487	18.750849	0.1066413044832891	0.0530624824743873	-0.0557602403	0.0173591222	0.0395662018	0.0506688267	0.0146400143	0.0317233676	0.1186027815	-0.1171907238	0.0433710649	-0.0609504724	-0.1216831916	0.0569116516	-0.0415587579	-0.0819617545	0.0730666301	-0.0610892544	0.1105693672	-0.118780283	-0.0281823628	-0.0188621908	0.1223613261	0.1222279681	-0.1036098827	-0.0755028153	0.0185919946	0.0414534066	-0.1247504194	-0.015373963	0.011442401	-0.1119762043	0.1121554234	0.0550519256	0.0092668137	0.0542642379	-0.0393160841	0.0589862611	-0.0065256282	-0.0529443784	0.029488966	-0.0632192818	0.0319018065	-0.0335396668	0.0195140987	-0.0145517225	0.1248907797	0.1668355427	0.0325713473	-0.060552386	-0.0253184065	0.042151338	0.0443634898	-0.0315697753	-0.0497080127	0.0947502498	-0.0221229054	0.0013064214	-0.0105668577	-0.0417180614	-0.0119272293	-0.0089977968	0.0683076062	-0.0500887521	-0.1206811645	-0.0020358980792849	0.0036319095181199	1.3190766747809923e-05	4.144880989235944e-06	-0.2269443941037536	-0.0054005903609919	2.916637624723877e-05	0.0515037580151198	0.0957594498957732	-0.0416291913445973	0.009169872244341	0.0017329895720051	-0.0114235843600892	-0.0008026565434901	0.000130498279632	6.442575268076347e-07	-0.0004159502147131	0.0002490887138569	1.73014581119874e-07	6.204518737088464e-08	0.0006891474997968	-6.784700784450001e-05	4.603216473451646e-09	4.749242764761804e-07	0.0	0.0	0.0	0.0	0.0	0.0	0.0
3895.234043246676	0.4798211084980721	15172848.251667846	0.2302282961603187	5347.063308223601	-0.9608902469763052	28591086.02215112	0.9233100667341848	4000.826908991887	1.5466505784256697	2.3921280117444583	16006615.955713578	4377.702839274983	3146.9840536924144	0.923234	19.353455	0.0717076602283919	0.0504620195353229	-0.0424010092	0.0378829885	-0.0073755791	0.1617399155	0.1359098506	0.0818182213	-0.0855553925	0.031756592	0.0159074322	-0.0557220419	-0.116346764	-0.1240392798	-0.0687613203	-0.0539084702	-0.0397235289	-0.0228193538	0.0460833913	0.000583231	0.2296664196	0.1034205901	-0.0147095	0.0874661744	-0.0494403936	-0.0351078505	0.0484806656	0.1781764713	0.0558262351	0.0052964146	0.0429904457	-0.0575187029	-0.0909467508	-0.021486531	-0.0470229495	0.0613336827	0.0329491103	-0.0150271565	-0.1262673761	-0.0408093697	0.0261046666	-0.0630931095	0.0495804012	-0.0906853406	0.1457192156	0.0724871358	-0.0241856928	0.0211720173	-0.0648366688	0.017112461	-0.0669492621	0.0743830507	-0.003199184	-0.0594656505	-0.0789084158	0.2247322444	0.0048220358	-0.0384412848	-0.0637122841	0.0474586944	-0.00256174	-0.0717197714	0.0200387923	-0.0554119421	-0.1133587932	-0.0055093482732928	-0.0034734501940079	1.2064856250253518e-05	3.0352918396434355e-05	-0.2045170016277069	0.0224273924760467	0.0005029879332746	0.0418272039547874	0.0952326599912609	-0.0005267899045122	0.0090692595290111	2.7750760349607616e-07	-0.0106210524879556	0.0008025318721336	0.0001128067559519	6.440574057902612e-07	-0.0004500388753003	-3.40886605872e-05	2.0253498928155899e-07	1.1620367806293227e-09	0.0007581275201525	6.898002035570004e-05	4.758243208272792e-09	5.747573368125793e-07	0.0	0.0	0.0	0.0	0.0	0.0	0.0
3889.8078163950127	-5.426226851663159	15130604.848487737	29.44393784571028	5337.7117575368575	-9.351550686743394	28491166.80654721	87.45150024673084	4001.132943021334	0.3060340294468915	0.0936568271795008	16009064.827730564	4370.512040693681	3153.189633004108	0.922193	19.331631	0.1146873244449863	0.0740614313028635	-0.0546455404	0.0247546212	0.0333135903	0.0502916083	0.0262887423	0.0399724806	-0.1301394941	0.1029416264	0.0622693037	0.0611401663	-0.0384026152	0.0062695332	0.0395315599	0.0122544474	-0.015260769	-0.0252584946	-0.0453513211	-0.1392311163	-0.0478226991	0.0430678671	-0.0036045955	0.0819815206	0.0156923824	-0.0730535749	0.0305092077	-0.0028932393	-0.0237313701	0.0395479044	0.0485364506	-0.0151255504	-0.1775540562	0.0828734996	0.0248373129	0.0088803537	0.0300360739	-0.0314948071	-0.0102137932	-0.0557592813	0.0364451503	-0.0869587036	0.0395904686	-0.0168410054	0.0762805576	0.0265726083	-0.2082054896	-0.0135967177	-0.0321192887	0.1044375147	0.0021830897	0.0262159958	0.0548882157	-0.0774792468	-0.0095092229	0.098673841	0.1592644514	0.0154134665	0.0918336446	-0.0753420059	0.144136821	-0.0688521566	-0.1616225966	-0.0606594461	-0.1054172954	-0.0046408564891748	0.0008684917841179	7.54277979080466e-07	2.153754895311585e-05	-0.2475588524351195	-0.0430418508074126	0.0018526009209275	0.0612853854189932	0.1134031693751467	0.0181705093838858	0.0128602788243282	0.0003301674112698	-0.0115346262440864	-0.0009135737561307	0.0001330476025907	8.346170078909374e-07	-0.0003978853009825	5.215357431780001e-05	1.583127127379346e-07	2.7199953141222886e-09	0.0006717254012097	-8.640211894280002e-05	7.465326157805761e-09	4.512150146303324e-07	0.0	0.0	0.0	0.0	0.0	0.0	0.0
3889.894684363761	0.0868679687482654	15131280.655441444	0.0075460439944496	5335.958124960623	-1.7536325762348497	28472449.111333285	3.075227212432076	4003.5916043795073	2.458661358173231	6.045015674174236	16028745.734658075	4372.498635763651	3152.093054282725	0.909712	19.069992	0.0677672100175358	0.0333474795321872	-0.048395921	-0.0038128344	0.0013909785	0.0628369721	-0.0395563401	0.0969658518	0.0858956098	-0.0593641425	0.0903375463	-0.0097070663	0.0020677348	0.0122836526	-0.057828553	0.0452263809	-0.051882735	0.1061376992	-0.1633235255	0.0437800621	0.0015426984	0.0085645712	0.1034655508	-0.2286981674	0.1414487869	-0.0784485023	-0.0143440217	0.0274727083	0.0450063424	0.0374193596	-0.0823453145	-0.0599419921	-0.0432921408	0.1547107153	0.1439118406	0.0405528301	-0.0272363912	0.1161182966	-0.0369583753	-0.0485523321	0.0352397498	-0.1094936429	0.0466913883	-0.0255431884	0.0185735878	0.0222652867	-0.1543776474	0.1083783586	0.0548305115	-0.0480791485	0.0372520687	-0.0625554238	0.0986942901	0.0802469314	-0.059766145	0.0361541974	0.1370978807	-0.0344544578	0.033534363	0.0720377005	0.0340858806	0.084295994	-0.1155983046	-0.0658240966	-0.096900045	-0.0058349258772096	-0.0011940693880347	1.4258017034418004e-06	3.404635999253022e-05	-0.2565326297644219	-0.0089737773293024	8.052867955590234e-05	0.0658089901338499	0.1003033705261131	-0.0130997988490336	0.0100607661388987	0.0001716047298851	-0.012005006208496	-0.0004703799644096	0.000144120174066	2.2125731091797727e-07	-0.0007723298634156	-0.000374444562433	5.964934179235593e-07	1.402087303357157e-07	0.0007168921633903	4.516676218060001e-05	2.0400364058788797e-09	5.139343739304245e-07	0.0	0.0	0.0	0.0	0.0	0.0	0.0
3889.630476977921	-0.264207385840109	15129225.247435488	0.0698055427324642	5374.399017333984	38.44089237336175	28884164.797520496	1477.7022064603814	4000.960344989483	-2.6312593900242973	6.923525977591037	16007683.682178363	4377.148093199118	3150.7004581280607	0.887518	18.604765	0.0419570305341019	0.0220330029272189	-0.0428471048	0.0131885399	-0.0171831415	0.05639348	0.1056605429	0.1903014626	-0.003438951	-0.0988994591	0.0560128069	-0.0483230816	-0.065505165	-0.0346026175	-0.2477420502	-0.070752211	0.0258404338	0.0919798394	-0.1306568706	0.0468826647	0.0096028314	-0.0344959632	-0.0747006017	-0.0085437704	-0.0302108634	-0.0618728864	0.0618148831	0.0969008847	0.0461575039	-0.1560523747	-0.1233720753	-0.0919054236	-0.0859648699	0.2649047575	0.0123018226	0.0096086152	0.1219618921	-0.005880134	-0.0047734747	-0.0470934471	0.0387370321	-0.0935525778	0.0869653691	-0.0844526573	0.0421667245	0.0789760916	0.0276232012	0.0358492956	-0.0289523362	-0.0762192616	-0.0144197223	-0.1715441783	0.1001715716	0.0343967154	-0.016984655	-0.0910048934	-0.0117203205	-0.0255166976	-0.1562946768	-0.1618119069	0.0490375799	-0.0972569457	-0.1394735212	-0.0708988393	-0.0878535601	-0.0115431492352087	-0.0057082233579991	3.258381390480653e-05	0.0001332442942662	-0.2480551543742422	0.0084774753901797	7.186758899110304e-05	0.0615313596116291	0.1040224306793362	0.003719060153223	0.0108206660844373	1.3831408423291806e-05	-0.011928105212561	7.690099593500067e-05	0.0001422796939619	5.91376317579499e-09	-0.0008639448744858	-9.161501107020006e-05	7.464007461502847e-07	8.393310253392881e-09	0.0004043627377415	-0.0003125294256488	9.76746418963688e-08	1.6350922367380113e-07	0.0	0.0	0.0	0.0	0.0	0.0	0.0
3880.395964781428	-9.234512196492688	15057472.84349199	85.2762155071722	5332.517412739416	-41.88160459456867	28435741.95716907	1754.0688034157956	3996.212440842849	-4.747904146634028	22.5425937856246	15969713.87234716	4377.325861557063	3106.889260021608	1.020975	21.402374	0.1072578093264088	0.0521887334993235	-0.0363672526	0.0428623254	-0.0485233007	0.0233742502	-0.0067410369	0.0450036995	-0.0210274392	0.255781632	0.0525280072	-0.063307869	0.1208021459	-0.1206899701	-0.0092241561	0.1075001347	0.1621116108	-0.1370910007	0.0066854827	0.0101328358	-0.038907974	0.0593548932	-0.0623181511	0.0968690549	0.1041269215	0.0072914597	0.0052946586	0.0253591416	0.1981902479	0.0212812657	0.0376065593	0.064909711	0.1751053395	-0.1189123466	0.0291719197	0.0813320819	0.1340052874	-0.0709424861	-0.1248057615	-0.0417628837	0.0303753947	-0.0661068523	0.0460114872	0.0043576068	-0.0644718831	-0.0636031391	0.1406602282	-0.1003870029	-0.2073949628	-0.0041895916	-0.0103517179	-0.1371751808	-0.0893015061	0.0087788176	0.0959843535	0.0045212326	-0.0487333027	-0.093886891	-0.1171909429	-0.0318539471	0.0849913169	0.0770211124	-0.0798530269	-0.0758767427	-0.0783272495	-0.0137083137811657	-0.0021651645459569	4.687937511069178e-06	0.0001879178667228	-0.2354404464969803	0.0126147078772619	0.0001591308548286	0.0554322038466974	0.1508915981700411	0.0468691674907049	0.0227682743983091	0.0021967188612717	-0.0115246247580387	0.0004034804545222	0.0001328169758135	1.6279647718152136e-07	-0.0005298538174003	0.0003340910570855	2.807450678136704e-07	1.1161683442450689e-07	0.0005789666143834	0.0001746038766419	3.048651373837984e-08	3.3520234057057664e-07	0.0	0.0	0.0	0.0	0.0	0.0	0.0
3874.498356052376	-5.897608729052081	15011737.511052564	34.7817887209913	5342.776080716041	10.258667976625476	28545256.24867146	105.240268654641	3993.104448054387	-3.10799278846207	9.659619173132237	15944883.13307173	4373.223691388364	3102.15891793474	0.936991	19.64185	0.055597045932963	0.0266752148271234	-0.0334597253	0.0476137381	0.0034596749	-0.0169502853	-0.1130292604	0.0052508568	-0.0559442153	0.1529676734	0.0179028592	0.0160113159	0.0275435506	0.0623358825	-0.0029104654	0.254106451	0.2120369589	0.0622870758	0.1686311518	-0.1101576479	-0.0837061551	-0.0907412849	-0.0714252017	-0.1095564107	0.3283212643	0.0074697434	-0.0042420481	-0.0907762901	-0.0362246374	0.0101048217	0.2361511464	0.0913190554	0.2322173042	0.1275839317	0.0562403057	-0.0140938826	0.1551642861	-0.1266197341	-0.0882394936	-0.036300204	0.0235210518	-0.0601982401	0.0191717087	-0.0173695136	-0.0435107017	-0.129532848	0.0073299537	0.0056179854	-0.0697557673	0.1492036624	-0.013517685	0.0653060795	-0.0833683959	-0.0233433816	0.2431578866	-0.1310896269	0.0099419628	-0.0391962631	0.0786243697	-0.0873368584	0.0630709073	0.0130647276	0.0030267119	-0.0807510076	-0.0683731426	-0.0160142735658581	-0.0023059597846923	5.3174505286186166e-06	0.0002564569578421	-0.235475842293539	-3.539579655870151e-05	1.2528624140249855e-09	0.0554488723038516	0.1335599867403942	-0.0173316114296468	0.0178382700580942	0.0003003847547482	-0.0119275375651854	-0.0004029128071467	0.0001422661523689	1.6233873016283405e-07	-0.0007256904236567	-0.0001958366062564	5.266265909870407e-07	3.8351976350024266e-08	0.0006986987794216	0.0001197321650382	1.4335791344734764e-08	4.881799843652337e-07	0.0	0.0	0.0	0.0	0.0	0.0	0.0
3880.3003682174167	5.802012165040651	15056730.94758822	33.6633451632797	5332.386348601311	-10.389732114730576	28434344.17074962	107.94653341586393	3996.1333928034855	3.028944749098628	9.174506293092149	15969082.093079096	4368.892334431519	3115.6201284607846	0.892136	18.701567	0.0377741779446793	0.0166327906760984	-0.0300383129	0.0112909526	0.0321747922	-0.0458001076	-0.0691277492	-0.1200319997	0.0190451779	-0.0731057357	0.0084287665	0.069031429	-0.134799788	0.1667007869	-0.0978778731	-0.0435823906	0.0921315246	-0.0470515977	-0.04640455	-0.0134525049	-0.1340266472	-0.0026989296	-0.1032847756	0.0540282816	-0.001733694	-0.0045640526	0.0019050812	-0.0663627581	-0.2000381611	0.1292866681	-0.0763468191	0.0133543403	0.0128768443	-0.0087771921	0.0425679786	0.0538961145	0.1585773609	-0.1144179748	-0.0268226584	-0.0336037036	0.027056558	-0.0731939015	0.0151931386	-0.0210845524	-0.0184084372	-0.0912421394	-0.1136858713	0.1460499822	0.0120894524	0.0646552599	0.0765075353	0.0396130161	0.0305987633	-0.0489368566	0.1420436	-0.0636720385	0.1722884185	0.0124797591	-0.1945189546	0.0368063014	-0.1366169832	0.0013039773	-0.07705313	-0.0855149763	-0.0580456054	-0.0052542652946669	0.0107600082711912	0.0001157777779961	2.760730378674105e-05	-0.2318903922845976	0.0035854500089413	1.2855451766617837e-05	0.0537731540339045	0.141399243861521	0.0078392571211267	0.0199937461646098	6.145395221113711e-05	-0.0120015031312056	-7.396556602019995e-05	0.0001440360774083	5.470904956688558e-09	-0.0008661414446602	-0.0001404510210035	7.502010021580583e-07	1.9726489300925608e-08	0.0006013261155769	-9.73726638447001e-05	9.481435664212968e-09	3.615930972748032e-07	0.0	0.0	0.0	0.0	0.0	0.0	0.0
3883.572669108487	3.2723008910702447	15082136.676246418	10.707953121699118	5339.037655738092	6.651307136781725	28505323.089389306	44.23988662780351	4011.019004469652	14.885611666166367	221.5814346759083	16088273.454216717	4377.971390385331	3102.199409276099	0.883382	18.518051	0.0345476724967117	0.0187408862626066	-0.0285541557	0.0106653273	-0.041669659	0.0337419776	0.0363560963	0.1653414785	0.19782453	-0.0799524622	0.0132833468	0.0446426847	-0.1070733534	0.0606086573	-0.0571378995	-0.1146392752	0.0286779035	-0.001165526	-0.2540756839	-0.0140054044	0.0426436249	0.2078069991	-0.0579265095	0.0154519236	0.1799306727	0.0055380225	0.003982811	0.0620455531	-0.0837855312	0.1218061365	-0.0798152951	-0.2207341534	0.0274035664	0.0772881247	0.0071745584	0.0581367828	0.0491195605	0.1611516321	-0.0923373352	-0.0297857891	0.0258028827	-0.0682279057	0.0338676192	-0.0864916271	0.0608987032	0.0722890771	-0.0699786049	0.1934245122	0.0264929299	-0.0516154053	0.0945903153	-0.0842365937	0.020662237	-0.0035482923	0.073550612	0.011122018	0.0739706294	0.0699481862	0.0349239969	-0.0037333975	0.0954464911	0.1507197216	0.1056050155	-0.0901621419	-0.0474010431	-0.0051382719696135	0.0001159933250534	1.3454451456943711e-08	2.64018388337158e-05	-0.2338245692522065	-0.0019341769676088	3.7410405420287273e-06	0.0546739291859799	0.1554180487932654	0.0140188049317444	0.0241547698907058	0.0001965268917143	-0.0119274268566298	7.407627457580064e-05	0.0001422635114202	5.487294455029408e-09	-0.0008080289792744	5.811246538580002e-05	6.529108313472287e-07	3.377058633215805e-09	0.0008387113210614	0.0002373852054845	5.6351735782918336e-08	7.034366800765588e-07	0.0	0.0	0.0	0.0	0.0	0.0	0.0
3888.548810372176	4.976141263688987	15120811.850646865	24.76198187618823	5377.833922355406	38.79626661731345	28921097.696436528	1505.1503034416698	4000.69728910006	-10.321715369591857	106.53780817086876	16005578.79901257	4371.532245789692	3142.275525259141	0.895466	18.771366	0.0832996341337485	0.0489240059520088	-0.0243621473	0.0159677086	0.0525415572	0.1028264612	0.110971051	0.0078100618	-0.1060200413	-0.0882906696	0.0391429818	-0.1162054013	0.0437481938	-0.0685772415	0.0600282425	-0.1552560335	0.0077679267	-0.0268863165	-0.1057441825	-0.0279395608	-0.0575526408	0.0860584012	0.0407255183	0.0338836366	-0.0483410264	-0.0630563273	0.016978668	0.0960450002	0.108607366	-0.0038500617	0.050235953	-0.0405133842	-0.0322187007	-0.043851273	-0.0034715262	0.0821941011	-0.0009501919	-0.0405958233	0.027458323	-0.0304467943	0.025972764	-0.0647233905	0.0567577565	-0.0781128193	0.0601634253	0.1075544841	0.0071287748	-0.0155499236	-0.0703863692	-0.0489012471	0.0376768135	-0.1339490724	-0.0210748114	0.1059089001	0.0446874424	0.079332378	-0.1190601979	-0.0348262798	-0.0685022459	-0.0373170747	0.0687460446	0.0576470904	0.2213050634	-0.0946861568	-0.0364975928	-0.016326325964556	-0.0111880539949425	0.0001251725521937	0.0002665489195009	-0.2733073609617236	-0.0394827917095171	0.0015588908411771	0.0746969135558618	0.1633719806737943	0.0079539318805288	0.0266904040692786	6.326503236009396e-05	-0.0122695187594348	-0.000342091902805	0.0001505410905881	1.1702686996474565e-07	-0.0006767947230801	0.0001312342561942	4.580510971890693e-07	1.722242999887116e-08	0.0008588822930373	2.017097197589996e-05	4.068681104525415e-10	7.376787932930105e-07	0.0	0.0	0.0	0.0	0.0	0.0	0.0
3889.516653232814	0.9678428606380294	15128339.79577539	0.936719802888004	5351.571927962765	-26.2619943926411	28639322.1001591	689.6923494791125	3998.1805354191706	-2.516753680889451	6.334049090270601	15985447.593804726	4374.751405373598	3174.8972134566425	0.8909089999999998	18.675848	0.0989694529988775	0.056118310416587	-0.0126647557	0.0014178613	0.0220056466	0.0077225202	0.0251135067	0.0648132279	-0.0005726906	0.0648339257	0.0013147833	0.0015584046	0.094715092	-0.0793564554	-0.0286956344	-0.014366427	0.206328075	0.0668467699	0.044650229	0.0045687641	0.0963224963	0.0617284355	-0.0775287047	0.0408853799	0.060788899	-0.006571843	0.0213368702	0.0634666163	0.1479387059	-0.0483772483	0.0104712599	-0.0154046792	0.0208736269	0.0813943781	-0.1889696659	-0.1172107203	0.0549029568	-0.0655314049	-0.03339409	-0.0167955867	0.0127596656	-0.0496205907	0.0524885412	-0.1048292817	-0.0172363469	0.0043712253	-0.0406725922	-0.1173423274	-0.1151158949	0.0387065992	-0.0687623117	-0.0754136466	0.0840346362	0.0781885093	-0.0152881416	-0.0241512254	0.175819928	-0.0850703492	0.1467606156	0.057468693	-0.1109710565	0.0459600569	0.0416391911	-0.0990808418	-0.0253948054	-0.0155685716925688	0.0007577542719871	5.741915367148508e-07	0.0002423804245466	-0.2813780550458347	-0.008070694084111	6.513610299930584e-05	0.0791736098613767	0.1099010541814351	-0.0534709264923592	0.0120782417101907	0.0028591399799512	-0.0124925101575626	-0.0002229913981278	0.0001560628100368	4.972516363899115e-08	-0.0009896725371896	-0.0003128778141094	9.794517308673e-07	9.789252656193877e-08	0.0006613499422662	-0.0001975323507711	3.90190296011569e-08	4.37383746135506e-07	0.0	0.0	0.0	0.0	0.0	0.0	0.0
3892.521147114459	3.004493881644976	15151720.880733265	9.026983484842091	5345.732568556263	-5.839359406501899	28576856.694523137	34.09811827830221	4003.0684006911056	4.88786527193497	23.89122691658792	16024556.620611643	4380.360323392428	3137.147258777524	0.936473	19.630978	0.0704304924252221	0.0300999015610116	0.0032266467	-0.008891825	0.004852666	-0.0672384055	-0.1130876011	-0.0068068309	-0.0999185488	-0.0187675116	-0.0016211879	0.045264956	0.1539581606	0.0132103416	-0.0198982722	-0.0001658642	0.0876806115	-0.0555543044	-0.0739776338	0.0163387669	0.1160325993	0.1908607678	0.2172369392	-0.072292064	-0.2294672423	0.033094132	-0.0446954887	-0.0889014369	0.113142363	0.0169277328	-0.1095507075	0.003887057	0.0509675487	-0.1132365542	-0.1755410094	0.1812558252	0.0794647538	0.1060676488	-0.124414378	-0.0057579985	0.0019511873	-0.0377713445	-0.0025026891	-0.0630857348	-0.14369913	-0.1537685934	-0.0413272798	-0.0365985488	-0.0512816606	0.034030749	0.0624096174	-0.0157651833	0.0835421973	0.0953236222	-0.1268150424	-0.0360108667	-0.0549968298	0.004544825	-0.1172873175	-0.0714788602	-0.0513290372	-0.1093017074	0.1163375574	-0.1033401944	-0.0141533203	-0.0056028815294411	0.0099656901631277	9.931498042746024e-05	3.139228143295224e-05	-0.2728980305651163	0.0084800244807183	7.191081519358311e-05	0.0744733350863191	0.1211938093538762	0.0112927551724411	0.0146879394257036	0.0001275263193846	-0.0121114807499118	0.0003810294076508	0.0001466879659554	1.4518340949471953e-07	-0.0012972954390686	-0.000307622901879	1.6829754562281917e-06	9.463184976045693e-08	0.0005361617996173	-0.0001251881426489	1.5672071059881334e-08	2.874694753688617e-07	0.0	0.0	0.0	0.0	0.0	0.0	0.0
3889.707122490861	-2.814024623598016	15129821.498756131	7.918734582215954	5345.218205605784	-0.5143629504791534	28571357.665539514	0.26456924482562	4010.196552922176	7.128152231070544	50.810554229315976	16081676.393068904	4376.368542346326	3150.040737740436	0.897648	18.817097	0.088340667380494	0.0545991585448748	0.0128590006	-0.0371618425	-0.0190427378	-0.0796980556	-0.1109751297	0.1001506901	0.1747976685	-0.006514687	-0.0240364859	-0.0884201045	0.0220339347	0.1426384513	-0.2344613349	-0.0382873089	0.1723871073	0.0778926146	-0.0322200257	-0.1342255408	-0.0687345813	0.1517130182	0.1189911964	-0.0021388732	-0.1097922063	0.0403456944	-0.065497676	-0.0722013301	-0.0752780075	-0.0265025842	-0.0972752449	-0.1072224877	0.2350727831	0.0900571886	0.0179941477	-0.0449175977	0.0470425987	0.0359582352	-0.1466311799	0.0081672678	-0.015967047	-0.0163387313	-0.0093362652	-0.1243954058	-0.1420811277	-0.1325522112	0.0195721515	0.132384545	0.0280265608	0.0055942603	0.0312616453	0.0556826384	0.1198991624	0.0882172747	-0.0760610837	0.0033280709	0.1735889741	-0.1412100862	-0.0873549744	0.1321858877	-0.2228918386	-0.1016952167	0.0730385251	-0.1074583966	-0.0028345346	-0.0054992010711174	0.0001036804583237	1.0749637438212549e-08	3.024121242057876e-05	-0.2608307492344863	0.01206728133063	0.0001456192787125	0.0680326797462234	0.0700422103485109	-0.0511515990053653	0.004905911230505	0.0026164860808056	-0.0122542519662185	-0.0001427712163066	0.0001501666912515	2.038362020569448e-08	-0.0013019935914029	-4.698152334299934e-06	1.6951873120542216e-06	2.207263535628792e-11	0.0008890545626998	0.0003528927630825	1.245333022360015e-07	7.904180154573326e-07	0.0	0.0	0.0	0.0	0.0	0.0	0.0
3886.0192166231886	-3.687905867672271	15101145.3519647	13.600649688811565	5348.242263301726	3.024057695942247	28603695.306966767	9.144924948387532	4001.78671875	-8.409834172176033	70.72531080349975	16014296.942363892	4373.296526227678	3116.835852703645	0.845608	17.72621	0.0808463178668715	0.0447057782401017	0.0175903088	0.0052182087	-0.046170275	-0.0069712651	0.1019747129	0.0677497787	0.1926386234	-0.0767483556	0.000875092	-0.0042991843	-0.1080106538	0.1178509947	-0.0876456797	-0.0010851181	0.1350057353	-0.0793370889	-0.1481994163	-0.1665305849	0.0568268344	-0.0645089421	0.064014184	-0.0742254739	-0.0087969347	0.0277162355	-0.0014587567	0.0778542853	-0.1214472845	0.0457323802	-0.059939969	-0.1601975236	0.1842983058	0.0796794836	0.0203165339	0.0664080252	-0.0979912226	0.1385130036	-0.1242500735	0.0083876876	-0.0124653125	0.0117716919	0.0054747028	-0.1977642885	-0.0333332613	-0.0541128447	0.0924505315	0.1841270859	0.0012456365	-0.05445194	0.0371625836	0.0255884285	-0.0060611876	0.038217642	-0.0595277132	-0.0615118842	0.0016504039	-0.0972262578	0.070892907	-0.131946031	-0.08796851	-0.0159610912	0.0291617729	-0.1114298236	0.0084997322	-0.0082021075692608	-0.0027029064981434	7.30570353770582e-06	6.727456857772531e-05	-0.248592309159136	0.0122384400753502	0.0001497794154779	0.0617981361730714	0.1068044413138338	0.0367622309653229	0.0114071886843601	0.0013514616255477	-0.0121524152707788	0.0001018366954396	0.0001476811969134	1.0370712538078188e-08	-0.0008989620721195	0.0004030315192833	8.081328071093852e-07	1.6243440553588558e-07	0.0008110679708618	-7.798659183799999e-05	6.081908506506806e-09	6.578312533578776e-07	0.0	0.0	0.0	0.0	0.0	0.0	0.0
3885.442679099041	-0.5765375241476249	15096664.812564334	0.3323955167502732	5334.963478334488	-13.278784967237698	28461835.315162823	176.32613020613786	4012.6484149639423	10.861696213942196	117.97644464396625	16101347.30211264	4378.804366003463	3127.2465581182223	0.90773	19.028444	0.0311266290435413	0.0212199207088061	0.0157467269	-0.0029964282	-0.0398461974	0.0619819027	0.1533154622	0.0356042697	0.0107536316	-0.0272875933	-0.0398354627	-0.0781015546	-0.2566068333	-0.084689453	0.0261284667	0.0445740263	-0.0483035075	0.108758628	-0.2341350598	-0.035354763	0.0633080137	-0.0020802758	-0.1995106579	0.114727562	-0.0046004135	0.0008440661	-0.0237145067	0.1699441791	-0.0929213796	0.0523642466	0.119366445	-0.0663123641	-0.0388871919	-0.0322724421	0.0290482425	0.0392843573	0.0930114174	0.1107557662	-0.1181739929	0.0128958446	-0.0179031969	0.0170098447	0.0430972316	-0.2486426909	0.0474634462	0.0759735937	0.0209976047	0.0939917066	-0.0580120062	-0.0126936933	0.032834026	0.0095167931	-0.0654750302	0.1262358097	0.0158526601	0.0570010227	-0.02709418	-0.044520227	-0.0986823735	0.0411029099	0.0210166339	-0.0128708259	-0.0957818907	-0.1152490509	0.0197875765	-0.0061880559425304	0.0020140516267304	4.056403955135372e-06	3.829203634788579e-05	-0.2495755509058455	-0.0009832417467094	9.6676433247234e-07	0.0622879556099562	0.1052404430420423	-0.0015639982717915	0.0110755508516853	2.446090594166808e-06	-0.0121853303423381	-3.291507155929983e-05	0.0001484822755519	1.0834019357538288e-09	-0.0012998951652807	-0.0004009330931612	1.6897274407201386e-06	1.607473451918075e-07	0.0007136093876161	-9.745858324570004e-05	9.498175448259042e-09	5.092383580938251e-07	0.0	0.0	0.0	0.0	0.0	0.0	0.0
3892.230496708736	6.787817609695139	15149458.239509534	46.07446790248744	5328.86675336284	-6.096724971647745	28396820.87509582	37.1700553799132	4005.0772273137018	-7.571187650240517	57.32288243515453	16040643.59674681	4371.53954183837	3166.722359538672	0.909854	19.072973	0.0673422965392754	0.0419354517565603	0.0181226603	-0.0188272631	-0.0524600986	0.0414353155	0.1386806689	-0.0479530682	0.0302897984	0.0676891867	-0.0284237627	-0.095021613	-0.0305708671	-0.0631057097	0.0633533407	-0.166107238	0.0694361457	0.1791518971	-0.1221617373	0.0843024317	0.1403884634	-0.0568555356	-0.0793454126	0.1000661051	-0.1542929312	0.0273545998	0.0103882954	0.1735233175	0.0906605337	0.0855973659	0.0479865976	-0.0525152521	-0.0982053632	0.0103354751	-0.2154591331	-0.1853509208	0.0433684883	0.0113858824	-0.1467298644	0.0085068127	-0.009235694	0.003402099	0.0416723714	-0.1877996873	0.0173124352	0.0262640499	-0.1128130325	-0.0779327388	-0.1013038775	0.060649279	-0.0263547193	-0.0390246272	0.0026123362	0.016344559	-0.0271410418	-0.0540164605	0.2303211971	-0.0802200463	0.0589917447	0.0198239601	-0.1083452983	0.055503353	-0.1080583592	-0.1189108618	0.0309673479	-0.0086486438908792	-0.0024605879483488	6.0544930515593565e-06	7.47990411512421e-05	-0.2781910724845602	-0.0286155215787147	0.0008188480752218	0.0773902728101098	0.1294749920355542	0.0242345489935119	0.0167637735626068	0.0005873133649189	-0.0123963391272527	-0.0002110087849146	0.0001536692237578	4.4524707311136224e-08	-0.001300160392756	-2.652274753000422e-07	1.6904170468914365e-06	7.03456136540345e-14	0.0007429681356002	2.935874798410006e-05	8.619360831938993e-10	5.520016505172372e-07	0.0	0.0	0.0	0.0	0.0	0.0	0.0
3891.005803658602	-1.2246930501341922	15139926.164104924	1.4998730670469909	5352.171154391381	23.30440102854027	28645736.065899163	543.0951072990288	3999.268445763221	-5.808781550480944	33.7419431012078	15994148.101277368	4374.581231309381	3144.89088067961	0.996483	20.888943	0.1069408267422115	0.0624362618277918	0.0098315069	-0.024422428	0.004886792	-0.1342193628	-0.1395217004	-0.051624837	-0.0863241304	-0.0671481156	0.0202166956	0.0280580161	0.1660341164	-0.0497493743	0.0514050179	-0.1366645468	-0.0020899551	0.065041906	-0.0149652169	0.0031016421	0.0680542922	0.0190425836	-0.1205943115	-0.1853938078	0.1990440623	0.0034558331	-0.0493870992	-0.1807896616	0.1596579072	-0.0484284821	-0.0536032132	-0.0263606342	-0.112248364	-0.0836570645	0.0258075347	-0.0283892203	-0.0013480217	0.1405587166	-0.0686568613	0.0079106573	-0.0119297865	-0.0056751204	-0.0178596838	-0.02481689	-0.1466231147	-0.1422328254	-0.0644427345	-0.0629873799	-0.0868188904	-0.0367161262	0.0706542146	-0.0601031915	-0.0263144993	0.0308028597	0.0227433224	-0.0611154618	-0.0800331008	0.0500984987	-0.0429276374	0.0677508738	-0.0585412241	-0.1064158427	-0.1429352263	-0.1224102548	0.0419779864	-0.0088975251858869	-0.0002488812950076	6.19418990047098e-08	7.91659544334917e-05	-0.2979480646488923	-0.019756992164332	0.0003903387393814	0.0887730492280205	0.177948300867051	0.0484733088314967	0.0316655977814705	0.0023496616690736	-0.0126804623290166	-0.0002841232017638	0.0001607941248776	8.072599378056965e-08	-0.0009490994058314	0.0003510609869246	9.007896821495164e-07	1.2324381654047426e-07	0.0008770168359392	0.000134048700339	1.796905406257502e-08	7.691585305208057e-07	0.0	0.0	0.0	0.0	0.0	0.0	0.0
3894.059179151709	3.053375493107069	15163696.890735682	9.323101901906837	5351.618412140877	-0.5527422505037975	28639819.62916524	0.3055239954920029	4000.464645620493	1.1961998572719494	1.430894098537432	16003717.380859494	4366.667497460222	3139.617859342205	0.956595	20.052784	0.0964707058735889	0.0577624228135558	0.0168466925	-0.0173260384	0.0221183912	-0.0357198488	0.0194733565	-0.0174166563	0.1825208733	-0.093200071	-0.0395947097	-0.013556278	0.0116577119	0.0207149929	-0.0515497192	-0.0287823365	0.013581118	-0.1732442449	0.0112379016	0.0929492815	0.0104044743	0.0430873477	0.0807921317	0.1040855103	0.0787364954	0.0317411679	-0.0046637525	-0.0137251935	-0.0746927827	-0.0373797744	-0.1304906212	-0.0961111868	0.0427803426	-0.1124898209	-0.0052025	0.0922845663	0.0202547504	-0.0099920714	0.0164876149	0.0118061983	-0.0299711348	0.0143334782	0.0073822422	-0.096605328	-0.0685664749	-0.0473894769	0.0572810612	0.1722991039	0.0670896459	0.0299848932	0.1654813617	0.0424676635	-0.0289280209	-0.1194379299	0.0026640458	-0.1022087215	0.0413270108	-0.0772154069	0.1519109223	0.0221326475	-0.0835932148	-0.0256903932	-0.0844123031	-0.1257424501	0.0527593557	-0.0056996897990444	0.0031978353868424	1.0226151161342116e-05	3.248646380533079e-05	-0.2521227747218262	0.045825289927066	0.0020999571968996	0.0635658935334327	0.1513259689746107	-0.0266223318924402	0.0228995488861048	0.0007087485553912	-0.0126187565971025	6.170573191410095e-05	0.0001592330180569	3.807597351054896e-09	-0.00130209708621	-0.0003529976803786	1.695456821916572e-06	1.2460736235267224e-07	0.0008788183969913	1.8015610521000208e-06	3.2456222244437333e-12	7.723217748903583e-07	0.0	0.0	0.0	0.0	0.0	0.0	0.0
3902.00271956162	7.943540409910838	15225625.223466275	63.09983424388645	5370.145747030935	18.527334890058228	28838465.34435444	343.2621381283689	4010.1379075270434	9.67326190655058	93.57199591272254	16081206.037385374	4375.692495939932	3164.3954017601204	0.955291	20.025463	0.0330103895099236	0.015163661880891	0.0265738328	-0.0356847011	0.0029910501	0.0595350387	0.1506567413	0.0703485405	-0.0816961727	-0.141626726	-0.0572716598	-0.0132974459	-0.1982678375	-0.0005060832	0.0058171824	0.0027317629	-0.0234012229	-0.0592930346	-0.068466176	0.0528312775	0.0312202795	0.0071003848	0.1519467554	0.0206721817	-0.034441319	0.0315956072	0.0171839168	0.114759339	-0.1131879259	-0.1029019768	0.0213853912	-0.0912654738	-0.0406109416	-0.0187584431	-0.0462790975	0.155627034	-0.0576729489	0.0477052264	0.1246810409	0.0218904564	-0.0244249455	0.0170910822	0.0467890437	-0.1985207265	0.046850848	0.1122427541	0.0468931405	0.0777378158	0.031881102	-0.0324140467	0.0999647036	0.0396483641	-0.0032017925	0.0768618303	0.0186633995	-0.0017116603	-0.2019501608	0.0530102831	-0.0406740734	0.0231625199	-0.0104342631	-0.1391975088	0.0127603827	-0.1289028963	0.0632525717	0.000450362535517	0.0061500523345614	3.782314371784413e-05	2.028264133973011e-07	-0.2649968431391869	-0.0128740684173607	0.0001657416376148	0.0702233268737348	0.1501989883211791	-0.0011269806534316	0.0225597360927056	1.2700853932091477e-06	-0.012512342069832	0.0001064145272704	0.0001565587040724	1.1324051614203766e-08	-0.0012499349275567	5.216215865330005e-05	1.5623373231261728e-06	2.7208907953720444e-09	0.0007802093208237	-9.860907616760004e-05	9.723749902627549e-09	6.087265843001792e-07	0.0	0.0	0.0	0.0	0.0	0.0	0.0
3899.469502703324	-2.533216858295873	15205862.402513308	6.417187651154413	5377.893755512853	7.748008481918077	28921741.24558414	60.03163543587447	4016.193378155048	6.055470628004514	36.66872452662538	16129809.250736456	4385.940076890883	3181.7141988573976	0.922708	19.342426	0.0767561139475278	0.0467871994752851	0.0250073852	-0.0046485408	0.0080892102	0.0308285648	0.1285030786	0.0807341896	-0.1100375977	0.0800982496	-0.019157503	-0.128910775	0.0331982968	-0.1642210369	0.0548004545	-0.0289324671	0.1106398397	0.0453311329	-0.0085202273	0.0631746185	-0.1263670318	-0.0812782022	0.0273677257	0.1059281039	0.0796054142	-0.0051302723	0.0018250295	0.1528938564	0.1730372246	-0.087326406	0.0284809057	0.0033148553	-0.0122468376	0.0349064283	-0.0124930795	-0.0638171821	0.0894825825	-0.0340676065	0.0516557404	0.0199699445	-0.0247077722	0.028669447	0.0334230616	-0.1463700917	0.0175964279	0.0447820367	0.0355487971	-0.1396702834	-0.0931181455	-0.024804934	-0.0136663867	-0.0910869284	-0.0252060044	-0.0335955134	-0.0992058137	-0.0543909721	-0.1866619959	-0.0330555317	-0.0294174521	-0.0777650958	-0.2648378457	-0.1026622462	-0.0170269984	-0.1318872767	0.0734003241	-0.0055013562150918	-0.0059517187506088	3.542295608634837e-05	3.0264920205329176e-05	-0.3028724915683369	-0.0378756484291499	0.0014345647439285	0.0917317461488123	0.1734254445021932	0.0232264561810141	0.0300763848007832	0.0005394682667285	-0.0126133986282554	-0.0001010565584233	0.0001590978249552	1.0212428000382046e-08	-0.001160945219548	8.898970800869988e-05	1.347793802791354e-06	7.919168131473663e-09	0.0007762097755207	-3.999545302999993e-06	1.599636263074931e-11	6.025016156138955e-07	0.0	0.0	0.0	0.0	0.0	0.0	0.0
3892.656816393792	-6.812686309532182	15152777.09021705	46.412694752087226	5357.351629441784	-20.542126071069102	28701216.48148254	421.97894351969705	3995.140297288161	-21.05308086688683	443.2322139876764	15961145.995015737	4376.281398451809	3164.094161000418	0.9100990000000002	19.078117	0.0814499507699628	0.0440509549227801	0.0216794426	-0.0266931032	-0.0067627707	-0.0900257791	-0.0897479553	0.0749928954	-0.0955342668	0.1735340984	-0.0737138762	0.029066805	0.2124823969	0.0180116725	0.0096629936	0.0904690375	0.0760626109	0.0453907959	-0.0150551942	0.1270410725	0.0409901893	-0.0962749613	0.0792542268	0.1750584761	0.1282189479	0.0525386463	-0.0470211863	-0.1251714832	0.1220963703	-0.1060252655	0.0304207917	0.0810002734	0.0389451701	0.1293788809	-0.2054767734	-0.0654185123	0.01935117	-0.04619481	0.0057084507	0.0243404274	-0.022121543	0.015080124	-0.0133937809	-0.0017897867	-0.1294846005	-0.0594341159	0.0394792795	-0.2061203154	-0.055643733	0.0419153179	0.0398863487	-0.0287144268	-0.0768997874	0.0335341602	0.0492447793	-0.0785256814	-0.098907219	0.0690744146	0.2152369514	0.0306751993	-0.0175505448	-0.0940692142	0.0557966194	-0.1346915149	0.0831471893	-0.0137863707739995	-0.0082850145589077	6.864146624131258e-05	0.0001900640191181	-0.3216223496201422	-0.0187498580518052	0.0003515571769628	0.1034409357751809	0.2140040697208931	0.0405786252186999	0.0457977418571048	0.0016466248246397	-0.012486358443052	0.0001270401852033	0.0001559091471683	1.6139208656514078e-08	-0.0013003341153503	-0.0001393888958023	1.6908688115438477e-06	1.942926427298445e-08	0.0007659097977154	-1.0299977805300015e-05	1.0608954278967296e-10	5.866178182364449e-07	0.0	0.0	0.0	0.0	0.0	0.0	0.0
3893.690291970861	1.0334755770691118	15160824.089788128	1.0680717683983336	5360.858220254221	3.5065908124370253	28738800.857667256	12.296179125867758	4008.959711162861	13.819413874699876	190.97619984024743	16071757.965727009	4378.045388693338	3155.9921825276087	0.918098	19.245792	0.094308505856718	0.0498159308612017	0.0146434683	-0.0382553126	0.0500790828	-0.1288057439	-0.1813532104	-0.0869918684	-0.0215280316	-0.0088448738	-0.0209707109	0.0003923391	0.1541822909	0.0736803066	0.0507502332	-0.0242029688	-0.0307438412	-0.0394596215	-0.023763874	-0.0086022479	-0.0307025203	0.0241152439	-0.2325207164	-0.0213104886	-0.091626826	0.0461795157	-0.0920374526	-0.1893929485	-0.014700252	0.0055553868	-0.0895469613	0.13676444	-0.0220637635	-0.072676405	0.0542543565	-0.0048274282	0.0569009226	0.0303066499	0.0044941596	0.0156856024	-0.0283877309	0.0188845112	-0.0346366139	0.0588359463	-0.1226866613	-0.151119806	-0.0236528296	0.0187711114	0.0269624734	0.0172381213	0.1052699896	0.0507093915	-0.0324220594	-0.1439943407	0.0083319801	-0.0462975196	-0.0841403407	0.0968936274	-0.0039821352	0.1287269921	-0.1396677663	-0.0238150715	0.0351426124	-0.1373117808	0.0924399334	0.0037583094624409	0.0175446802364404	0.0003078158045989	1.4124890015472804e-05	-0.3395484442548877	-0.0179260946347455	0.0003213448688538	0.1152931459959146	0.2351631892365802	0.0211591195156871	0.0553017255719196	0.0004477083386791	-0.0130674112022437	-0.0005810527591916	0.0001707572355285	3.37622308964287e-07	-0.0013799586916802	-7.962457632989996e-05	1.9042859907437292e-06	6.340073155716065e-09	0.0006730149038401	-9.28948938753e-05	8.629461308103249e-09	4.529490607908991e-07	0.0	0.0	0.0	0.0	0.0	0.0	0.0
3895.072442520355	1.382150549493872	15171589.332481485	1.910340141466212	5349.724558184224	-11.133662069996715	28619552.848439395	123.9584310888836	4004.592014723558	-4.3676964393030175	19.076772185900257	16036757.204387683	4367.625672951723	3138.839128029287	0.8820529999999999	18.4902	0.0586424656389735	0.0280666271789777	0.0250992965	-0.0154914042	-0.0055637486	-0.0357547491	-0.0082007931	0.0065129152	0.1691989413	-0.0861123892	-0.021385606	0.058042576	-0.1397988541	0.1781337269	0.0150325342	0.0944890505	0.0264144694	-0.0340000726	-0.0493139079	0.0058231327	-0.2879478657	-0.0176303234	0.1423413348	0.0643309016	0.1357207991	0.0246091343	-0.02645766	-0.0090779019	-0.2053155866	0.0391435924	-0.054635503	-0.0086385644	0.1351137614	0.1264840991	0.0314992313	0.0731893682	-0.0728772262	0.0252137247	0.1920207702	0.0285416392	-0.0312274615	0.0441211806	-0.008231766	-0.0510730811	-0.0478193567	-0.0252287633	0.1330422843	0.0986283814	0.0765552864	-0.0025528119	0.0765680941	0.0405762611	-0.0241235867	-0.0618461026	0.0305767147	-0.061390931	-0.0669646591	0.1205307286	0.2341970998	0.0165760007	-0.0874763239	0.1230553377	0.0509625362	-0.1397444952	0.1012278027	-0.0063129546753799	-0.0100712641378208	0.0001014303613337	3.985339673340095e-05	-0.331652502187822	0.0078959420670657	6.234590112645824e-05	0.1099933822074432	0.2174864052930232	-0.0176767839435569	0.0473003364872811	0.0003124686905871	-0.0129700642375819	9.734696466179998e-05	0.000168222566327	9.476431528865737e-09	-0.001170921298466	0.0002090373932141	1.3710566872013035e-06	4.3696631761788043e-08	0.0005194297519055	-0.0001535851519346	2.3588398894774173e-08	2.6980726716460925e-07	0.0	0.0	0.0	0.0	0.0	0.0	0.0
3901.5597666694425	6.487324149087726	15222168.612893716	42.08537461533679	5369.9188951061615	20.194336921937065	28836028.940018177	407.8112437167106	4013.3399939903848	8.74797926682686	76.5271412528326	16106897.907362742	4376.563492659684	3146.5636714346965	0.896764	18.798567	0.0458202910276492	0.0230247697137451	0.0165784995	0.0008948522	0.0128857997	0.059801939	0.1222065325	-0.0294830131	-0.0657737676	-0.1352006117	-0.0124458124	-0.0629627325	-0.1766612339	-0.0262854107	0.1862566205	0.0508169196	-0.0894026951	-0.1355390565	-0.0708381358	0.066181979	0.0983297214	-0.0577556202	0.1373263702	0.1400007612	0.050192449	-0.0184232068	0.0430649743	0.1559329466	-0.0830115421	0.0268081567	0.1692618713	0.1077335256	-0.0757127145	-0.0604001031	-0.0491579705	0.0871973214	-0.1635825938	0.0769875412	0.0845712507	0.0227224969	-0.0238388413	0.0420567209	0.0059542761	-0.0708544337	0.0757785753	0.0610004746	0.0528796869	0.0390811429	-0.0060883331	-0.0067154658	0.0098103548	0.075440103	-0.0930482669	-0.1018606943	-0.0721551106	0.1345593973	-0.1229200346	0.1308242302	-0.0252853315	0.1299209878	0.0443364566	-0.0415896774	0.0771617319	-0.1419863355	0.1094628008	-0.006068738196987	0.0002442164783929	5.964168831862987e-08	3.682958330356903e-05	-0.3418953249959457	-0.0102428228081237	0.0001049154190786	0.1168924132540833	0.2310597488433359	0.0135733435503127	0.0533886075355454	0.0001842356551348	-0.013094449993733	-0.000124385756151	0.0001714646206383	1.5471816333280785e-08	-0.0013001456546477	-0.0001292243561816	1.6903787232992965e-06	1.6698934230574827e-08	0.0007010178033891	0.0001815880514836	3.2974220441610585e-08	4.914259606684788e-07	0.0	0.0	0.0	0.0	0.0	0.0	0.0
3902.135817440728	0.5760507712852814	15226663.937753815	0.3318344910983675	5360.123655257687	-9.79523984847492	28730925.599653024	95.946723689151	4003.7230788010816	-9.6169151893032	92.4850577582506	16029798.491724413	4374.632038046589	3192.125963808885	0.967582	20.283119	0.1052303713833246	0.056254022520449	0.0084163134	-0.0108396303	-0.0306490745	0.0058473742	0.0840366636	0.0158620008	-0.0565985017	-0.0556470223	-0.0114578592	0.0688853646	-0.0324545048	0.1212861261	-0.132328651	-0.0676015268	-0.1051109636	0.1135954019	0.0699581029	0.0653621045	0.1080436534	-0.1703831063	0.0531516784	0.031228131	-0.0601608383	0.008790017	0.0466477138	0.0160562086	-0.0506571973	0.044502876	0.0493119386	0.0057342314	-0.175522905	0.2598698446	-0.1230984173	-0.0804427427	-0.1283430009	-0.1730552573	-0.0519324641	0.0173854019	-0.0133068377	0.0341026719	0.0047855149	0.0335568097	0.0758571706	0.0729586301	-0.1629687948	-0.035760961	0.0712059336	0.1548316121	0.068573836	0.1575280593	-0.0159876903	-0.0284015666	-0.0966960495	0.1287702509	-0.1575573945	0.2053200731	0.1424118675	-0.1204353047	0.0788902802	0.0407834832	-0.0339178537	-0.1440342395	0.1170999511	-0.0242739722862666	-0.0182052340892796	0.0003314305482454	0.0005892257305544	-0.3565182083092253	-0.0146228833132796	0.0002138287163937	0.1271052328560201	0.2654777757664064	0.0344180269230705	0.0704784494258783	0.0011846005772772	-0.013561142889112	-0.0004666928953789	0.0001839045964589	2.1780225859723387e-07	-0.001215892765584	8.425288906369999e-05	1.4783952173995078e-06	7.098549315580137e-09	0.0004922790466779	-0.0002087387567111	4.357186855333753e-08	2.423386597981021e-07	0.0	0.0	0.0	0.0	0.0	0.0	0.0
3902.587429812345	0.4516123716171023	15230188.647329325	0.2039537341976237	5360.397996471775	0.2743412140880537	28733866.680578616	0.0752631017473073	4006.043079552284	2.320000751202315	5.382403485579305	16048381.155228749	4375.730659233344	3200.863359593633	1.005539	21.078796	0.1118094533289713	0.0599001433648875	0.0175721697	-0.0391671102	0.0078939882	-0.0093927477	0.0685645511	0.0999375019	0.0692953563	-0.1199067852	0.0283812745	0.0028258092	-0.0436760955	0.0538510188	0.0677404839	-0.1684101843	-0.1649362	0.0843715497	0.1223887649	-0.0990219765	-0.1050606861	0.0466475559	0.0237116892	-0.115317101	-0.0396537531	-0.009930603	-0.0506059044	0.0217796028	-0.0587696607	0.0693209466	-0.0374923891	-0.1523334085	-0.1380062197	-0.0238989467	0.1777053514	-0.1755288682	-0.0811676559	0.022842428	0.0834622845	0.0158916774	-0.0117393011	0.0065570398	-5.39388e-05	0.011287633	0.0716267712	0.1191520936	-0.0865509349	0.0319036281	0.1048912617	-0.1319968484	0.0033048542	-0.0884069976	0.0603201907	-0.0561933179	-0.1214543286	0.021897002	-0.0539213164	0.1478228492	0.082776188	-0.0975167487	0.0784845718	0.116769805	-0.0883001112	-0.1458854101	0.124097542	-0.0232354451870691	0.0010385270991974	1.0785385357675703e-06	0.0005398859130412	-0.395778595833633	-0.0392603875244076	0.0015413780285666	0.1566406969200422	0.2564845718750703	-0.0089932038913361	0.0657843356099381	8.087771623114315e-05	-0.0142928898625541	-0.0007317469734421	0.0002042867006231	5.354536331416754e-07	-0.0014012068374671	-0.000185314071883	1.963380601364552e-06	3.434130523789474e-08	0.0001589933957225	-0.0003332856509554	1.1107932513276476e-07	2.5278899883371483e-08	0.0	0.0	0.0	0.0	0.0	0.0	0.0
3899.742945873913	-2.8444839384319494	15207995.043893345	8.091088875997334	5397.717019357989	37.31902288621404	29135349.02106689	1392.7094691817674	4009.232251915565	3.189172363281159	10.170820362716332	16073943.249799952	4393.849265968406	3154.7958645796894	0.9492330000000002	19.898472	0.0578052324416482	0.0262085476273639	0.0282864825	0.0048680097	-0.0255350183	0.0522245665	0.1794531255	0.0683669909	-0.1282372087	0.0560851076	-0.0738238754	-0.1289405016	0.0228865238	-0.0839214516	0.2021995336	-0.1180191033	0.0166017753	-0.0219868057	0.0032777609	0.089493985	0.0177348925	-0.1251077165	0.1426092512	0.0075863996	-0.007259969	0.0380752288	-0.0339761368	0.2089682201	0.2021651524	0.0614906115	0.0152183965	0.0509106278	-0.0936419381	0.0353553813	0.0352428656	0.0396442287	-0.0611778208	0.0619483765	0.1246928969	0.025876294	-0.0186128704	0.0415361419	0.0133016129	-0.0289553268	0.0645511759	0.095157122	0.0194228979	-0.1512981721	-0.0492164551	-0.0526083601	-0.0100705592	-0.1171508937	-0.0561673028	-0.0405858566	-0.1098053302	0.0590754038	-0.1121640424	0.0018820792	-0.0762688232	0.0267676208	-0.0016607751	0.1008718759	-0.1217470495	-0.1475373187	0.1304173552	-0.0278440669599717	-0.0046086217729026	2.1239394645671903e-05	0.0007752920648713	-0.3924268844538403	0.0033517113797927	1.12339691734321e-05	0.1539988596421477	0.2672706540468681	0.0107860821717978	0.0714336025146406	0.0001163395686167	-0.0139051961800828	0.0003876936824713	0.0001933544808065	1.503063914281583e-07	-0.0016899173275106	-0.0002887104900435	2.8558205738205685e-06	8.335374706115799e-08	0.0002637655655508	0.0001047721698282	1.0977207570530137e-08	6.957227357033336e-08	0.0	0.0	0.0	0.0	0.0	0.0	0.0
3895.479791537468	-4.263154336445041	15174762.806276796	18.174484896350155	5359.403047623173	-38.31397173481582	28723201.026872557	1467.9604300962658	4013.647194260817	4.414942345251802	19.491715911897483	16109363.799997726	4383.2492134737	3157.736131203116	0.890093	18.658737	0.046465384150678	0.0255700468310148	0.0211656723	-0.0197111954	-0.012084348	-0.0548249147	-0.0464867623	-0.0279581311	-0.0480981929	0.231638308	-0.0102707412	-0.0216264879	0.103711646	-0.084324821	0.0868669206	0.0107834781	-0.0342186488	0.1525592728	0.0317021399	0.1148807166	-0.0008783623	-0.1222260154	-0.0448586086	0.044255507	0.0311717845	0.0361800049	-0.008003759	-0.03161867	0.1273948915	-0.0022890291	0.0713787646	0.1143782256	0.0037166696	0.0262372657	-0.0404628716	-0.1223710645	0.0336700745	0.0390127341	0.0650551702	0.0249994521	-0.0215721568	0.0382958549	-0.0077055726	0.0770908413	-0.0567822302	-0.0037866726	0.0461259081	-0.1832367388	-0.0619928633	0.0676214195	0.0235472241	-0.0686143013	-0.1047303228	-0.012059324	-0.0777597765	-0.0377100291	0.012462347	0.0304587742	0.0930586436	0.1050456459	0.0430865361	0.0363751232	-0.1060829189	-0.1489877092	0.136024874	-0.0297424209359888	-0.001898353976017	3.603747818259928e-06	0.0008846116031335	-0.386470990278525	0.0059558941753152	3.547267542755447e-05	0.1493598263268637	0.2924034012418488	0.0251327471949807	0.0854997490578016	0.0006316549815668	-0.013707667332291	0.0001975288477917	0.0001879001436927	3.9017645709955774e-08	-0.0016968348619528	-6.917534442200078e-06	2.879248548738378e-06	4.785228275902435e-11	0.0003288869594041	6.512139385330003e-05	4.240795937396623e-09	1.0816663206607415e-07	0.0	0.0	0.0	0.0	0.0	0.0	0.0
3891.674157823898	-3.805633713569932	15145127.750674346	14.482847961860074	5349.127276020666	-10.27577160250712	28613162.615068268	105.59148202689175	4011.27202336238	-2.375170898436864	5.6414367967813766	16090303.245409722	4377.813464936756	3137.563788798318	0.856214	17.948532	0.03426790211452	0.0152443571331317	0.0270985589	-0.031794852	0.002805024	-0.105354484	-0.1041503518	-0.1638067818	-0.01527195	0.0437315068	0.0044459379	0.0108441907	0.196494319	0.0890322817	-0.0418258159	0.0450025967	-0.1056484047	-0.1907806631	-0.0065294274	0.1727378845	0.0541409964	-0.1282982345	-0.0621296105	-0.0002076458	-0.1322080208	0.0420945064	-0.0606319716	-0.1517883242	0.0688804988	0.0937970176	-0.1411955621	0.2143778055	-0.0066070594	-0.077257004	-0.0279900356	0.0504168626	-0.0138159143	-0.1924850295	-0.0034864092	0.0290006474	-0.0106240715	0.0288512066	-0.0135190244	0.1251142759	-0.11599249	-0.0277406112	-0.0098039463	-0.1442524202	0.0708651778	0.0662803006	0.107549611	0.0343333521	-0.0558798532	0.0142379128	-0.1205049184	-0.075367627	0.0487403365	0.0242868978	-0.1043002056	0.1069815836	0.2082109067	0.0153993083	-0.1253744302	-0.1502346003	0.1408894722	-0.0406193942266241	-0.0108769732906352	0.0001183085479651	0.0016499351873379	-0.3931334675845619	-0.0066624773060369	4.438860385345695e-05	0.1545539233350618	0.2973630351815117	0.0049596339396628	0.0884247746923609	2.459796881545581e-05	-0.0137695633359311	-6.189600364009916e-05	0.0001896008744622	3.831115266615168e-09	-0.0016799272782459	1.6907583706900122e-05	2.8221556601946773e-06	2.858663868058345e-10	0.0004854597236208	0.0001565727642166	2.4515030494458323e-08	2.356711432579835e-07	0.0	0.0	0.0	0.0	0.0	0.0	0.0
3882.762515167831	-8.91164265606676	15075844.749192422	79.41737482942862	5339.636685279108	-9.490590741557751	28511719.93077846	90.07131262374175	4003.146454326923	-8.12556903545692	66.02487214997629	16025181.534790216	4365.2690197172615	3102.106403635509	1.240389	26.001865	0.2759157914657554	0.1578874457018567	0.0066818466	0.0469307062	-0.0116501061	-0.1202823771	-0.2338300501	0.0216637249	0.1250615168	-0.0030253783	0.0342351886	0.1097684387	0.0660039141	-0.0279101687	-0.044816623	-0.0364501179	-0.0464192518	-0.0728137601	0.2228900167	-0.072863176	-0.1414089327	0.2170074889	-0.1789672992	0.1329257794	0.1098335566	-0.0078888924	-0.037905001	-0.2403634155	0.0045299959	-0.0101003452	0.0162064851	-0.1153604325	0.0812433318	-0.1399539518	0.1831816123	-0.0526447112	0.1035531656	-0.2441662205	0.1917960569	0.0278189032	-0.0048199367	0.0383137278	-0.1180574984	0.3623704722	0.0380986869	-0.1363147099	0.0612061156	0.1259429654	0.0279909512	-0.3097046982	-0.2503568774	-0.105913063	-0.076453877	-0.0986172775	0.1947214497	0.0364510607	0.0806031104	-0.1199771858	0.0431544829	0.2067391248	-0.0123846359	-0.1070864452	-0.0529156156	-0.151276289	0.1449845808	-0.0539160639695239	-0.0132966697428998	0.0001768014262517	0.0029069419539657	-0.444836995843616	-0.0517035282590541	0.0026732548344348	0.1978799528711732	0.3942119584859682	0.0968489233044564	0.1554030682133427	0.0093797139452324	-0.0152736760097337	-0.0015041126738026	0.0002332851788503	2.2623549354936087e-06	-0.0011400837096571	0.0005398435685887	1.2997908650254949e-06	2.9143107854669026e-07	0.0007228368844163	0.0002373771607955	5.634791646733266e-08	5.224931614726634e-07	0.0	0.0	0.0	0.0	0.0	0.0	0.0
3900.845143164425	18.0826279965936	15216592.830949482	326.9814352631907	5338.12334319084	-1.5133420882675637	28495560.82711896	2.2902042761220303	4010.996503155048	7.850048828124727	61.623266603942405	16088092.94832202	4342.3330976884445	3200.8201853434243	1.670822	35.024906	0.0875561447612657	0.0428941410288046	0.0094008781	-0.0338958865	0.0782015984	0.2059757352	0.1282614191	-0.4566837959	0.166964992	-0.0140392108	0.0030319365	0.0925922141	-0.1355963409	-0.2290800032	-0.1555364182	0.4129860582	0.1384322296	-0.1817804106	-0.0234619951	-0.1592510519	0.1326657245	-0.0974561718	-0.0738061972	-0.0885352721	-0.2332151117	-0.102098386	0.2468693225	0.1293973969	-0.2853376774	-0.2398350081	-0.0484055214	0.3347373713	0.1439191708	-0.2685346424	-0.001687318	0.0444101254	0.0525603067	0.0611069116	-0.2717433984	0.0060342382	0.0465979982	0.0460593068	0.0643597519	0.3043557617	0.072738334	0.39084603	0.3091880661	-0.0729007509	0.1021888804	0.4531539748	0.0972326977	0.1312537612	0.1531481057	0.1151904242	-0.0536674554	-0.1387323412	0.2188294069	-0.2070112436	-0.1412894186	-0.1249485197	0.0125659097	0.0189045494	0.0883730864	-0.1521113526	0.148287834	-0.0480505286984964	0.0058655352710274	3.440450401566761e-05	0.002308853308205	-0.4580747337109301	-0.013237737867314	0.0001752377038437	0.2098324616643395	0.4049140044061374	0.0107020459201692	0.1639553509642134	0.0001145337868774	-0.0158332886830646	-0.0005596126733308	0.0002506930305212	3.131663441525555e-07	-0.0014908779846696	-0.0003507942750124	2.2227171651724883e-06	1.2305662338154546e-07	0.0004782273187046	-0.0002446095657117	5.983383963766648e-08	2.2870136835539106e-07	0.0	0.0	0.0	0.0	0.0	1.0	0.0
3884.908605606492	-15.936537557932752	15092514.873915378	253.9732293354012	5310.583780596333	-27.539562594507515	28202300.09073284	758.4275078967975	4000.910453913762	-10.086049241285764	101.72838929764112	16007284.460236425	4387.760360773666	3115.873597557865	1.836764	38.50349	0.4612077585826324	0.3304042374958251	0.080283649	0.0266752401	-0.1694578196	-0.1227083071	0.0076893664	0.1677463881	-0.0994098094	0.2118468319	-0.1324412628	-0.0479428738	0.1098453898	0.1071446061	0.0997320738	-0.199804039	0.0467526448	0.0121389954	0.1353703926	-0.1199980888	-0.1295997323	-0.0926821799	-0.046927084	-0.1261553317	-0.1198836436	0.209610259	-0.1508560767	0.015642908	0.1762439242	0.1404702579	0.0985803718	-0.1826379534	0.1612664918	-0.0359733373	0.1363184317	0.0686213665	-0.1244294637	-0.173978921	0.0117172888	0.0729570604	-0.0370341551	0.0916081054	-0.0908468685	-0.2106488433	-0.0121417554	-0.175648858	-0.0533942091	-0.0604530832	-0.0312228466	-0.176861336	-0.4238531589	0.2215551784	0.1061778846	0.1093177324	0.0510973667	-0.1150397965	0.2191750922	-0.0808467328	-0.0961682467	-0.0799189429	0.3084512191	0.0600052278	0.314556608	-0.1527386503	0.1507811905	-0.054324845234106	-0.0062743165356096	3.9367047989024055e-05	0.0029511888097095	-0.3738628018760721	0.0842119318348579	0.0070916494633587	0.1397733946266271	0.1076948093362375	-0.2972191950698999	0.0115981719579685	0.0883392499179992	-0.0147175781034606	0.0011157105796039	0.0002166071052314	1.2448100974402918e-06	-0.0013672908309796	0.00012358715369	1.869484216480885e-06	1.5273784557195692e-08	0.0007089758882559	0.0002307485695512	5.3244902349971124e-08	5.026468101282423e-07	0.0	0.0	0.0	0.0	0.0	0.0	1.0
3891.304719704943	6.396114098451108	15142252.421597969	40.91027556040503	5357.009067658455	46.42528706212215	28697546.15097491	2155.3072788004465	4011.320646784856	10.41019287109384	108.37211561337304	16090693.331322474	4381.386726351448	3129.5985790651234	1.187434	24.8918	0.2364249316564109	0.195294854524622	0.0323114558	0.0282579241	-0.0345043851	-0.0154244615	0.0009847417	0.0118466896	-0.1201363389	-0.0190428418	-0.0272700124	0.0014926103	-0.1029138467	0.1429340634	0.1295340342	0.1108237665	-0.2273174779	0.1279903034	-0.0063872925	-0.0495729719	0.2145524005	0.1161220035	-0.028791576	-0.1013322935	0.0170580938	0.0153362828	-0.0321814798	-0.0191047205	-0.098013076	0.0832799651	0.0709666063	0.1032111362	-0.2008803825	0.1451372084	-0.111216735	-0.0119458146	-0.1752658706	0.1508383149	0.0482624602	0.0348775858	-0.0104471085	0.0406907702	-0.0795803728	0.09084465	0.0702402579	-0.0282397215	-0.1784342202	0.0190102718	0.0494491347	-0.0636588263	-0.1084681484	0.0914732989	-0.00129604	0.0569657614	0.0896765887	0.0861380662	-0.0421689817	0.1340468571	-0.0447589572	-0.0845736381	0.1558261435	0.0490605052	0.0329059362	-0.1531573254	0.1524510324	-0.0456063141798779	0.0087185310542281	7.60127837435398e-05	0.0020799358930737	-0.3882603880642392	-0.014397586188167	0.0002072904880456	0.1507461289397936	0.2980309272236283	0.1903361178873908	0.0888224335817756	0.0362278377724427	-0.0149512364024247	-0.000233658298964	0.0002235394699611	5.459620067479647e-08	-0.0013354270415693	3.186378941029996e-05	1.7833653833545329e-06	1.015301075583944e-09	0.0005150440460978	-0.000193931842158	3.7609559402834185e-08	2.652703694207928e-07	0.0	0.0	0.0	0.0	0.0	0.0	0.0
3890.341676412516	-0.9630432924273008	15134758.359232144	0.9274523830892158	5348.072156352381	-8.936911306073853	28601875.78955161	79.86838369263066	4006.294723745493	-5.025923039363079	25.259902397600605	16050397.413510974	4356.607214847327	3134.3116838445712	1.06183	22.258793	0.3291917999184788	0.2056142501506955	0.0096324145	0.0377755967	0.0449701641	0.0402192693	-0.0847567872	-0.1357080556	-0.0082982006	-0.1237667836	0.0102344406	0.158404416	-0.0230046874	-0.0848662929	-0.0232703147	0.1007545373	-0.1118187594	-0.0149807758	0.2134345787	0.0987689551	-0.1373981882	0.211581142	0.0147073754	-0.2908412247	0.0724138342	-0.0578345934	0.0964693144	-0.0994857046	-0.1105384094	-0.1073800594	-0.049934579	-0.0239440284	-0.094879547	-0.1751477528	0.0999029873	-0.0581467926	0.1398574441	0.1018338492	0.1931342869	0.0100252795	0.0167084026	0.027748604	-0.0722740723	0.4050744244	0.1711408564	0.0797029594	-0.1245983303	0.1321874333	0.0893545098	-0.0916098703	-0.1225862943	-0.1122037646	0.0673455121	-0.0051770572	0.1532779464	0.1406294459	-0.0278223147	-0.1297696682	-0.1027080039	-0.1660638858	-0.2252759417	-0.0206433606	0.0109877333	-0.153366806	0.1532882396	-0.060185459007215	-0.0145791448273371	0.0002125514638964	0.0036222894759091	-0.4646801400971725	-0.0764197520329333	0.005839978500775	0.2159276326007278	0.4503169956919066	0.1522860684682783	0.2027853966089846	0.0231910466495251	-0.0163927960197205	-0.0014415596172958	0.0002687237613441	2.078094130218017e-06	-0.001527023251477	-0.0001915962099076	2.3318000105513893e-06	3.670910765099544e-08	0.0006000249106929	8.498086459509996e-05	7.2217473473307144e-09	3.600298934520227e-07	0.0	0.0	0.0	0.0	0.0	0.0	0.0
