#!ascii label  , from subject sub-v2s4x29593_ses-1 vox2ras=TkReg
4652
309  7.729  -81.789  6.295 0.6000000238
223  1.010  -81.696  18.304 1.0000000000
113613  1.671  -82.106  18.244 1.0000000000
126619  0.480  -80.876  17.473 1.0000000000
578  0.147  -80.821  16.613 1.0000000000
413  0.173  -81.328  16.145 1.0000000000
245  1.378  -82.104  15.621 1.0000000000
234  2.701  -82.739  16.404 1.0000000000
287  0.741  -81.160  9.394 0.8999999762
310  6.493  -81.680  7.163 0.6000000238
319  7.336  -81.768  5.739 0.6000000238
222  1.457  -81.837  18.873 1.0000000000
403  0.936  -81.315  18.634 1.0000000000
56  2.784  -82.290  19.407 1.0000000000
571  0.933  -80.479  18.062 1.0000000000
770  1.199  -79.367  16.785 1.0000000000
771  0.256  -80.145  16.047 1.0000000000
107753  -0.230  -80.531  14.978 1.0000000000
122912  1.005  -79.131  15.798 1.0000000000
107156  1.734  -78.358  15.482 1.0000000000
420  2.986  -82.276  15.285 0.6999999881
426  2.336  -81.653  13.813 0.8000000119
113427  4.247  -82.681  8.359 0.6000000238
3069  0.023  -74.355  -2.074 0.8000000119
145  5.898  -82.069  8.036 0.6000000238
129827  7.095  -81.641  6.740 0.6000000238
129211  8.345  -82.343  4.041 0.8000000119
178  10.978  -82.804  3.561 0.6999999881
496  9.722  -81.123  0.698 0.8999999762
195  12.086  -82.715  1.064 0.8000000119
362  11.519  -81.429  0.109 0.8999999762
113580  1.958  -80.889  20.331 1.0000000000
558  2.020  -80.689  20.081 1.0000000000
122915  3.398  -76.853  16.180 1.0000000000
107617  2.852  -77.179  15.269 1.0000000000
125670  0.964  -81.165  12.068 0.6999999881
124163  0.665  -74.144  0.328 0.8999999762
313  3.826  -81.604  6.734 0.8000000119
311  5.551  -81.618  6.607 0.6999999881
126983  2.568  -78.332  2.105 0.8999999762
1253  1.823  -78.288  1.262 0.8999999762
320  6.345  -81.552  5.638 0.6999999881
341  8.446  -81.705  2.445 0.8999999762
115706  12.054  -81.698  0.137 0.8000000119
213  2.313  -80.806  21.558 1.0000000000
393  0.783  -80.418  22.115 1.0000000000
53  2.387  -81.721  19.912 1.0000000000
219  1.728  -81.566  19.512 1.0000000000
748  3.022  -79.422  19.521 1.0000000000
749  2.058  -79.987  18.776 1.0000000000
760  2.776  -79.115  18.527 1.0000000000
236  0.877  -81.857  16.518 1.0000000000
244  2.293  -82.505  15.593 1.0000000000
250  0.884  -81.880  14.588 1.0000000000
263  0.564  -81.071  11.367 0.6000000238
437  1.615  -81.467  13.081 0.8000000119
135  2.862  -82.660  8.975 0.6999999881
302  3.365  -81.944  7.315 0.8000000119
124161  -0.065  -73.749  -1.749 0.8000000119
2492  1.111  -74.559  1.153 0.8999999762
158  5.009  -81.887  7.288 0.6999999881
109697  6.881  -81.652  6.344 0.6000000238
156  8.822  -82.264  6.059 0.6000000238
327  7.387  -81.867  4.895 0.8000000119
127098  12.765  -82.553  4.775 0.6000000238
169  12.031  -82.562  5.036 0.6000000238
170  11.420  -82.647  4.417 0.6000000238
883  3.018  -79.056  2.003 0.8999999762
350  8.701  -81.296  1.640 1.0000000000
670  9.606  -80.718  0.869 0.8999999762
360  13.499  -81.814  -0.282 0.8000000119
510  13.869  -81.151  -1.519 0.8000000119
1628  13.750  -77.993  -1.180 0.8999999762
119136  1.906  -80.439  21.281 1.0000000000
1060  3.297  -78.726  19.056 1.0000000000
761  1.598  -79.640  17.787 1.0000000000
769  2.319  -78.768  17.492 1.0000000000
422  -0.285  -81.050  14.885 1.0000000000
246  0.520  -81.661  15.515 1.0000000000
429  -0.381  -81.114  14.056 1.0000000000
114340  0.216  -81.500  12.929 0.8999999762
122  2.258  -82.020  9.496 0.6000000238
286  1.551  -81.668  9.196 0.6999999881
294  2.389  -82.217  8.424 0.8000000119
315  2.248  -81.317  7.216 0.8000000119
322  4.290  -81.251  5.968 0.8000000119
321  5.205  -81.405  5.788 0.6999999881
329  5.514  -81.262  4.819 0.8999999762
330  4.860  -81.120  5.268 0.6999999881
870  6.837  -79.835  4.171 1.0000000000
336  7.188  -81.618  3.892 0.8999999762
1241  2.331  -77.645  2.695 0.8999999762
45  10.228  -82.696  3.841 0.6000000238
179  9.468  -82.630  3.721 0.6000000238
1240  3.045  -78.192  2.589 0.8999999762
184  12.253  -82.949  2.431 0.6999999881
193  10.262  -82.831  1.965 0.6999999881
665  7.705  -80.867  2.248 1.0000000000
182  13.779  -82.401  2.673 0.6000000238
183  13.048  -82.924  2.562 0.6999999881
190  13.439  -82.569  1.877 0.6999999881
881  4.862  -79.360  1.881 0.8999999762
119542  2.941  -78.971  1.279 0.8999999762
126047  12.672  -82.550  0.959 0.8000000119
353  13.754  -82.039  0.550 0.8000000119
1265  14.214  -78.968  -0.754 0.8999999762
504  14.828  -81.520  -0.617 0.8000000119
361  12.713  -81.641  -0.270 0.8000000119
511  12.735  -81.042  -0.991 0.8000000119
679  12.594  -80.357  -0.757 0.8999999762
514  15.016  -81.020  -2.004 0.8000000119
1629  12.784  -77.684  -0.917 0.8999999762
689  14.667  -80.741  -2.651 0.8999999762
691  13.707  -80.364  -2.299 0.8999999762
112971  15.406  -80.658  -2.617 0.8000000119
1287  13.726  -78.073  -2.837 0.8999999762
123930  1.522  -80.780  22.891 0.8999999762
125769  1.102  -80.332  21.544 1.0000000000
725  2.803  -79.473  20.451 1.0000000000
1037  1.795  -79.229  20.566 1.0000000000
724  3.113  -79.069  20.228 1.0000000000
1424  2.114  -77.498  18.916 1.0000000000
1071  3.430  -77.475  18.216 1.0000000000
107824  2.610  -77.664  16.096 1.0000000000
107165  3.754  -76.223  17.439 1.0000000000
107594  0.203  -79.697  15.162 1.0000000000
109489  1.665  -78.208  14.619 1.0000000000
107734  2.344  -77.560  14.484 1.0000000000
1899  4.309  -75.609  16.018 1.0000000000
130249  -0.178  -80.072  14.684 1.0000000000
122800  3.640  -76.370  15.352 1.0000000000
107847  -0.524  -81.204  12.993 1.0000000000
272  0.347  -80.959  10.819 0.8999999762
305  1.073  -80.917  8.037 1.0000000000
278  1.236  -81.200  9.762 0.6999999881
458  0.130  -81.016  9.552 1.0000000000
837  1.101  -80.167  7.638 1.0000000000
113322  1.081  -81.417  9.016 1.0000000000
464  0.460  -80.900  8.595 1.0000000000
638  2.687  -80.367  6.826 1.0000000000
304  1.933  -81.711  7.893 0.8999999762
478  2.669  -80.526  6.782 1.0000000000
1209  4.317  -79.543  6.011 1.0000000000
485  3.660  -80.530  6.161 0.8999999762
323  3.555  -81.201  6.277 0.8000000119
872  4.985  -80.077  4.559 1.0000000000
483  4.380  -80.809  5.491 1.0000000000
648  5.414  -80.609  4.105 1.0000000000
656  6.847  -80.943  2.871 1.0000000000
488  6.422  -81.135  3.425 1.0000000000
481  5.670  -81.045  3.947 1.0000000000
127995  12.561  -82.932  2.916 0.6999999881
497  8.874  -80.963  1.256 1.0000000000
334  14.879  -81.860  3.257 0.6000000238
355  11.651  -82.139  0.634 0.8999999762
344  14.622  -81.936  1.697 0.6999999881
662  9.921  -80.252  1.293 0.8999999762
681  10.948  -80.863  0.002 0.8999999762
669  10.294  -80.416  0.702 0.8999999762
358  15.191  -81.611  0.189 0.6999999881
680  11.680  -80.681  -0.249 0.8999999762
517  13.279  -80.578  -1.660 0.8999999762
1275  10.199  -78.529  -1.060 0.8999999762
687  17.134  -80.112  -2.116 0.6999999881
1642  12.080  -77.740  -2.225 0.8999999762
692  14.496  -80.299  -3.077 0.8999999762
117470  15.776  -79.715  -4.092 0.8000000119
1308  16.489  -78.890  -5.222 0.8000000119
546  0.095  -80.186  21.702 1.0000000000
1049  2.240  -78.625  20.072 1.0000000000
1072  3.267  -78.214  18.250 1.0000000000
1423  2.838  -77.417  18.816 1.0000000000
107162  3.576  -76.920  17.616 1.0000000000
122877  2.972  -76.882  14.423 1.0000000000
2836  3.892  -74.725  16.909 1.0000000000
111914  4.098  -73.632  15.668 1.0000000000
107148  0.887  -78.775  13.936 1.0000000000
107633  -0.487  -80.406  14.108 1.0000000000
448  -0.828  -81.228  11.883 1.0000000000
1186  2.653  -78.982  7.784 1.0000000000
112972  0.639  -80.194  8.171 1.0000000000
835  2.231  -79.673  7.434 1.0000000000
116440  3.473  -78.841  7.531 1.0000000000
848  3.355  -79.870  6.785 1.0000000000
1200  3.790  -79.332  6.772 1.0000000000
859  4.641  -79.735  5.234 1.0000000000
858  5.388  -79.464  5.105 1.0000000000
856  7.728  -79.339  5.159 1.0000000000
115376  6.124  -79.198  5.218 1.0000000000
868  9.673  -79.618  4.768 1.0000000000
110950  7.844  -79.671  4.467 1.0000000000
647  6.041  -80.421  3.742 1.0000000000
655  8.099  -80.290  3.028 1.0000000000
124613  9.827  -79.869  3.966 1.0000000000
120633  9.010  -80.606  1.423 1.0000000000
125245  11.110  -79.980  1.309 0.8999999762
352  14.554  -81.920  0.815 0.6999999881
363  14.049  -81.493  -0.831 0.8000000119
364  13.335  -81.369  -0.957 0.8000000119
674  12.214  -80.080  0.004 0.8999999762
503  15.834  -81.173  -0.189 0.6000000238
502  16.470  -80.796  -0.861 0.6999999881
939  13.449  -80.188  -2.046 0.8999999762
926  7.828  -79.548  -1.719 0.8999999762
686  17.721  -79.722  -2.676 0.6999999881
950  17.156  -79.165  -4.496 0.8000000119
1438  -2.642  -76.726  17.165 1.0000000000
125227  -2.782  -76.095  15.635 1.0000000000
1856  2.319  -76.856  18.397 1.0000000000
2318  -2.832  -74.800  15.404 1.0000000000
1422  3.513  -76.717  18.037 1.0000000000
107172  3.095  -75.605  17.539 1.0000000000
107173  2.807  -75.086  16.915 1.0000000000
3401  -3.673  -73.460  14.996 1.0000000000
127524  4.234  -75.647  15.077 1.0000000000
107914  3.678  -76.180  14.145 1.0000000000
3398  4.413  -73.883  15.953 1.0000000000
4617  -3.232  -71.613  15.626 1.0000000000
2328  4.805  -74.848  15.507 1.0000000000
3412  3.448  -73.843  15.192 1.0000000000
107154  1.795  -77.971  13.803 1.0000000000
107158  3.009  -76.771  13.651 1.0000000000
3411  4.108  -73.325  14.885 1.0000000000
2909  2.616  -74.699  11.487 1.0000000000
107744  1.274  -78.388  13.082 1.0000000000
108084  2.686  -77.060  12.901 1.0000000000
3452  3.571  -73.794  11.351 1.0000000000
2360  2.104  -75.290  11.029 1.0000000000
122718  -0.310  -79.731  12.688 1.0000000000
2923  3.381  -74.091  10.570 1.0000000000
122895  -0.349  -79.750  11.781 1.0000000000
3524  2.601  -73.669  5.437 1.0000000000
107153  -0.244  -79.753  10.783 1.0000000000
1169  2.400  -78.545  8.541 1.0000000000
1162  1.497  -78.528  9.398 1.0000000000
832  0.445  -79.905  8.652 1.0000000000
107795  -0.248  -79.995  9.866 1.0000000000
118913  3.633  -72.591  5.571 1.0000000000
1535  3.622  -77.672  8.660 1.0000000000
1170  1.764  -78.665  8.811 1.0000000000
3600  2.118  -73.607  1.287 0.8999999762
4730  4.021  -71.933  5.179 1.0000000000
125065  3.167  -78.344  8.224 1.0000000000
3601  1.340  -73.601  0.582 0.8999999762
1185  4.271  -78.668  7.299 1.0000000000
3609  0.703  -73.525  -0.125 0.8999999762
1548  4.771  -78.033  7.753 1.0000000000
1182  6.254  -77.947  7.074 1.0000000000
112265  2.155  -74.984  2.456 0.8999999762
3610  0.144  -73.510  -1.007 0.8000000119
131028  6.828  -78.068  6.783 1.0000000000
3622  0.155  -73.036  -1.745 0.8000000119
1195  7.997  -78.451  6.435 1.0000000000
2465  1.896  -75.810  2.569 0.8999999762
2466  1.300  -75.875  1.966 0.8999999762
110808  -0.049  -75.887  -0.094 0.8000000119
843  9.643  -79.204  5.774 1.0000000000
2451  3.015  -75.911  3.761 0.8999999762
2011  2.934  -76.635  3.519 0.8999999762
2021  1.548  -76.617  2.156 0.8999999762
114271  0.728  -71.911  -2.942 0.8000000119
120298  4.448  -76.258  4.709 0.8999999762
840  12.136  -78.858  5.640 1.0000000000
855  8.670  -79.462  5.111 1.0000000000
116956  4.935  -77.906  4.052 0.8999999762
1597  3.432  -77.207  3.682 0.8999999762
635  11.136  -79.649  4.969 1.0000000000
1225  6.062  -78.497  3.304 0.8999999762
1239  3.750  -78.636  2.584 0.8999999762
1227  3.633  -77.926  3.220 0.8999999762
4832  1.289  -70.814  -3.610 0.8000000119
6184  2.233  -68.866  -4.925 0.6999999881
1565  12.264  -78.033  5.650 0.8999999762
652  11.560  -79.783  3.336 0.8999999762
1238  5.407  -78.848  2.698 0.8999999762
5524  1.583  -70.574  -4.024 0.6999999881
112690  2.261  -69.696  -4.909 0.6999999881
1250  6.841  -79.034  1.986 0.8999999762
882  3.943  -79.340  1.906 0.8999999762
5539  2.097  -70.894  -4.486 0.6999999881
6823  2.991  -68.210  -5.585 0.6999999881
668  12.205  -79.720  1.800 0.8999999762
121927  7.656  -79.000  1.447 0.8999999762
890  7.119  -79.432  0.703 0.8999999762
892  5.204  -79.859  1.078 0.8999999762
115726  2.829  -70.110  -5.325 0.6999999881
7411  2.689  -67.449  -5.477 0.6999999881
1235  8.470  -78.578  1.890 0.8999999762
902  6.453  -79.923  -0.037 0.8999999762
8782  2.680  -65.734  -6.231 0.6999999881
887  13.934  -78.984  1.111 0.8999999762
1259  8.489  -79.144  0.105 0.8999999762
1268  8.966  -79.093  -0.691 0.8999999762
8051  4.756  -67.051  -6.080 0.6000000238
1257  10.101  -78.363  -0.167 0.8999999762
901  7.434  -79.618  -0.198 0.8999999762
917  4.447  -79.561  -0.187 0.6999999881
6821  4.197  -68.337  -5.831 0.6000000238
120625  4.252  -64.998  -6.411 0.5000000000
945  17.445  -79.505  -3.549 0.8000000119
947  15.044  -79.861  -3.740 0.8999999762
1297  14.402  -78.915  -3.711 0.8999999762
129341  14.084  -78.429  -2.337 0.8999999762
1630  11.849  -77.754  -1.220 0.8999999762
1276  9.449  -78.994  -1.345 0.8999999762
1663  12.382  -77.777  -3.446 0.8999999762
112498  10.984  -78.146  -1.611 0.8999999762
113960  9.981  -78.707  -2.100 0.8999999762
1289  10.036  -78.535  -3.161 0.8999999762
120332  9.129  -79.192  -2.085 0.8999999762
120200  8.350  -79.259  -2.346 0.8999999762
1298  13.810  -78.171  -3.808 0.8999999762
120152  12.057  -77.729  -4.548 0.8999999762
1300  10.215  -78.259  -4.025 0.8999999762
944  18.264  -79.229  -3.232 0.6999999881
952  15.449  -79.118  -4.828 0.8000000119
953  14.731  -79.193  -4.201 0.8000000119
112269  12.994  -77.749  -4.397 0.8000000119
1306  18.618  -78.471  -4.746 0.6000000238
1307  17.368  -78.556  -5.341 0.6999999881
1317  14.729  -78.670  -4.908 0.8000000119
125200  13.695  -78.000  -4.710 0.8000000119
1299  11.220  -78.072  -4.089 0.8999999762
1315  15.973  -78.265  -6.002 0.8000000119
1314  16.899  -78.203  -5.878 0.6999999881
547  -0.794  -80.068  21.644 1.0000000000
552  0.239  -79.996  21.241 1.0000000000
728  -0.273  -79.757  20.601 1.0000000000
1050  1.081  -78.872  19.942 1.0000000000
1412  1.666  -78.132  19.414 1.0000000000
1868  1.473  -76.757  17.737 1.0000000000
107175  2.270  -75.692  17.159 1.0000000000
107174  1.522  -76.028  16.533 1.0000000000
3400  2.816  -74.431  15.494 1.0000000000
130029  3.048  -74.381  16.081 1.0000000000
2329  4.612  -75.252  14.250 1.0000000000
2327  5.409  -74.348  14.794 1.0000000000
3410  4.820  -73.245  15.222 1.0000000000
3425  3.361  -73.807  14.163 1.0000000000
3994  6.016  -72.622  14.500 1.0000000000
3453  3.174  -74.152  11.928 1.0000000000
2895  2.656  -74.583  12.450 1.0000000000
107691  0.580  -78.839  12.291 1.0000000000
107159  2.238  -77.513  12.361 1.0000000000
107823  2.072  -77.654  11.531 1.0000000000
3479  4.415  -73.372  9.372 1.0000000000
2951  2.839  -74.712  8.618 1.0000000000
2939  2.779  -74.763  9.465 1.0000000000
1148  1.585  -78.122  10.750 1.0000000000
122693  0.397  -79.059  11.446 1.0000000000
119015  3.909  -73.705  8.011 1.0000000000
1514  3.026  -77.040  10.223 1.0000000000
107856  1.205  -78.565  10.097 1.0000000000
3495  3.161  -74.127  6.996 1.0000000000
1520  3.303  -77.276  9.386 1.0000000000
1521  2.560  -77.603  9.694 1.0000000000
4098  3.919  -72.946  6.489 1.0000000000
1946  4.567  -76.510  9.509 1.0000000000
3599  2.717  -72.813  1.098 0.8999999762
4111  3.355  -72.318  4.777 1.0000000000
1958  5.696  -76.695  8.658 1.0000000000
1534  4.470  -77.545  8.430 1.0000000000
1533  5.388  -77.356  8.130 1.0000000000
1168  3.909  -78.069  7.894 1.0000000000
4175  1.500  -72.877  -0.035 0.8999999762
1546  6.198  -77.501  7.649 1.0000000000
3573  2.745  -73.653  2.054 0.8999999762
116161  6.913  -77.668  7.257 1.0000000000
3008  3.295  -74.414  3.323 0.8999999762
3024  2.673  -74.403  2.605 0.8999999762
1180  8.463  -77.929  7.029 1.0000000000
1545  7.703  -77.476  7.384 1.0000000000
4196  0.595  -72.198  -1.637 0.8000000119
1194  8.772  -78.464  6.558 1.0000000000
2439  3.719  -75.633  4.207 0.8999999762
3009  2.666  -75.266  3.108 0.8999999762
127034  9.328  -78.720  6.358 1.0000000000
2438  4.314  -75.228  4.649 0.8999999762
1193  10.184  -78.734  6.496 1.0000000000
1192  11.187  -78.657  6.573 1.0000000000
1582  5.454  -77.423  4.586 0.8999999762
6162  1.654  -69.266  -3.832 0.8000000119
126083  7.075  -77.718  4.476 0.8999999762
1594  6.623  -78.157  3.907 0.8999999762
5508  1.388  -70.093  -3.852 0.8000000119
9527  -0.237  -64.085  -4.726 0.8999999762
854  11.779  -79.379  5.187 1.0000000000
127714  4.929  -78.631  3.044 0.8999999762
865  12.568  -79.131  4.202 0.8999999762
1593  7.465  -78.108  3.810 0.8999999762
1251  5.822  -79.280  1.882 0.8999999762
10347  -0.419  -63.311  -5.208 0.8999999762
1246  13.281  -78.634  2.291 0.8999999762
10346  0.081  -63.278  -5.768 0.8999999762
1234  9.238  -78.354  2.197 0.8999999762
903  5.548  -79.993  0.171 0.8999999762
7409  4.085  -67.582  -6.040 0.6999999881
8052  2.352  -66.785  -5.556 0.6999999881
1247  9.812  -78.371  0.768 0.8999999762
121297  6.642  -79.967  -0.768 0.8000000119
8059  4.249  -66.366  -6.187 0.6999999881
114851  13.634  -77.988  -0.309 0.8999999762
1620  11.669  -77.712  0.264 0.8999999762
1621  10.719  -78.016  0.454 0.8999999762
1290  9.031  -78.990  -3.034 0.8000000119
1311  8.648  -77.849  -4.776 0.6999999881
118311  10.069  -77.446  -5.575 0.6999999881
1316  15.026  -78.263  -5.703 0.8000000119
1669  13.273  -77.545  -5.466 0.8000000119
1680  14.554  -77.377  -6.382 0.6999999881
1682  12.728  -76.861  -6.360 0.6999999881
1677  17.432  -77.422  -6.391 0.6000000238
120783  14.936  -76.604  -7.041 0.5000000000
1063  -1.004  -79.005  17.926 1.0000000000
1051  -0.064  -79.177  19.360 1.0000000000
112950  0.040  -78.063  17.359 1.0000000000
118051  0.700  -77.249  17.280 1.0000000000
107167  0.972  -76.688  16.784 1.0000000000
1921  0.362  -76.695  12.728 1.0000000000
107893  0.887  -76.141  13.105 1.0000000000
107702  1.982  -75.262  15.579 1.0000000000
2880  2.067  -74.988  13.900 1.0000000000
2879  2.698  -74.468  13.474 1.0000000000
3408  6.020  -73.168  14.712 1.0000000000
4011  5.349  -72.338  14.061 1.0000000000
3441  3.336  -73.837  13.002 1.0000000000
4009  6.425  -72.224  14.095 1.0000000000
3439  4.493  -72.999  12.620 1.0000000000
108399  6.313  -74.084  12.384 1.0000000000
112737  5.130  -74.693  12.864 1.0000000000
2878  5.772  -74.107  14.167 1.0000000000
113594  4.009  -73.540  10.730 1.0000000000
2359  4.404  -75.570  11.511 1.0000000000
1919  4.142  -75.623  12.313 1.0000000000
1927  2.690  -77.071  12.020 1.0000000000
1910  3.326  -76.450  13.117 1.0000000000
1509  3.256  -76.577  11.740 1.0000000000
3468  4.396  -73.354  10.145 1.0000000000
123140  2.822  -77.046  11.152 1.0000000000
1515  2.317  -77.549  10.554 1.0000000000
3484  4.435  -73.250  8.503 1.0000000000
117321  4.375  -76.120  10.302 1.0000000000
1154  1.845  -77.992  9.934 1.0000000000
3494  3.652  -73.524  7.248 1.0000000000
2380  5.595  -75.727  9.691 1.0000000000
2381  4.945  -76.005  9.769 1.0000000000
3538  2.345  -73.389  4.649 1.0000000000
1945  5.279  -76.290  9.217 1.0000000000
4729  4.718  -71.543  5.531 1.0000000000
4121  2.687  -72.705  4.348 1.0000000000
2393  7.663  -75.779  8.898 1.0000000000
1956  7.367  -76.439  8.464 1.0000000000
4174  2.379  -72.449  0.326 0.8999999762
4740  3.064  -72.068  3.982 1.0000000000
6747  2.869  -68.359  0.552 1.0000000000
1531  6.965  -77.032  7.847 1.0000000000
3007  3.920  -73.931  3.889 0.8999999762
4187  1.048  -72.413  -0.776 0.8999999762
1544  9.233  -77.528  7.538 1.0000000000
1530  7.931  -76.845  7.864 1.0000000000
3537  4.641  -73.635  4.270 0.8999999762
116215  3.263  -75.206  3.743 0.8999999762
4793  1.415  -71.696  -1.114 0.8000000119
1529  9.855  -77.072  7.998 1.0000000000
1179  9.554  -78.221  6.990 1.0000000000
2996  4.400  -74.423  4.466 0.8999999762
5477  1.282  -70.545  -2.021 0.8000000119
1542  11.084  -77.680  7.641 1.0000000000
1993  5.465  -76.136  5.126 0.8999999762
1177  11.574  -78.070  7.145 1.0000000000
2966  9.118  -74.731  7.059 1.0000000000
1992  6.344  -76.062  5.552 0.8999999762
1556  12.090  -77.716  6.548 1.0000000000
2000  7.456  -77.322  5.087 0.8999999762
1583  4.673  -77.156  4.457 0.8999999762
126027  11.977  -77.606  5.696 0.8999999762
1990  8.776  -76.762  5.634 0.8999999762
6802  2.079  -67.974  -4.858 0.8000000119
1989  9.759  -76.795  5.679 0.8999999762
110515  8.311  -78.025  3.726 0.8999999762
1575  12.262  -78.184  4.123 0.8999999762
120750  10.092  -77.735  3.834 0.8999999762
1605  8.610  -78.309  2.854 0.8999999762
1601  12.613  -78.243  2.846 0.8999999762
125563  11.373  -77.912  3.054 0.8999999762
1604  9.966  -78.163  2.444 0.8999999762
1236  7.737  -78.611  2.405 0.8999999762
7410  3.256  -67.530  -5.823 0.6999999881
1609  12.691  -78.033  2.017 0.8999999762
1611  10.532  -78.059  1.321 0.8999999762
120153  9.052  -78.699  0.666 0.8999999762
1260  7.857  -79.236  0.643 0.8999999762
1610  11.381  -77.794  1.120 0.8999999762
1267  9.617  -78.742  -0.637 0.8999999762
8780  4.738  -65.520  -6.271 0.5000000000
1301  9.285  -78.366  -3.971 0.8000000119
1671  11.188  -77.553  -5.373 0.6999999881
125132  10.445  -77.953  -4.792 0.8000000119
1681  13.697  -77.104  -6.334 0.8000000119
1683  11.684  -76.828  -6.312 0.6999999881
1690  14.184  -76.448  -7.042 0.6999999881
1689  15.718  -76.294  -7.181 0.5000000000
543  -1.077  -80.125  22.385 1.0000000000
554  -1.220  -79.796  21.000 1.0000000000
739  -0.707  -79.554  19.819 1.0000000000
762  -1.304  -78.578  17.390 1.0000000000
1097  -1.414  -78.102  15.402 1.0000000000
1449  0.173  -77.496  16.542 1.0000000000
107910  -0.877  -77.984  14.443 1.0000000000
128755  0.524  -76.651  15.338 1.0000000000
122760  -0.811  -77.795  12.743 1.0000000000
107160  -0.273  -77.407  14.146 1.0000000000
107710  -0.842  -77.949  11.300 1.0000000000
112044  1.422  -75.821  15.735 1.0000000000
3395  -3.158  -73.946  15.723 1.0000000000
107152  -0.198  -77.303  12.381 1.0000000000
1517  -1.269  -78.312  9.770 1.0000000000
2350  0.794  -76.284  12.375 1.0000000000
1938  0.191  -77.464  9.883 1.0000000000
2371  0.978  -76.384  11.098 1.0000000000
2349  1.388  -75.731  12.450 1.0000000000
2910  2.063  -75.200  11.968 1.0000000000
4634  6.542  -71.915  13.852 1.0000000000
4012  4.630  -72.748  13.607 1.0000000000
2893  6.717  -73.400  13.358 1.0000000000
2369  2.111  -75.375  10.268 1.0000000000
4061  5.634  -72.484  10.512 1.0000000000
3478  5.103  -73.022  8.999 1.0000000000
2406  2.155  -75.208  7.424 1.0000000000
2922  6.675  -74.406  10.758 1.0000000000
2358  5.136  -75.114  11.220 1.0000000000
2368  5.080  -75.597  10.347 1.0000000000
1934  4.133  -75.959  11.010 1.0000000000
4070  5.483  -72.364  8.751 1.0000000000
4071  5.033  -72.821  8.272 1.0000000000
3523  3.263  -73.307  5.883 1.0000000000
2367  5.899  -74.993  10.328 1.0000000000
4097  4.610  -72.336  6.811 1.0000000000
118305  6.438  -75.483  9.536 1.0000000000
4147  3.803  -72.558  2.121 1.0000000000
3587  3.137  -72.965  1.782 0.8999999762
2378  8.006  -75.143  9.292 1.0000000000
2395  5.992  -75.958  8.926 1.0000000000
4131  4.806  -72.525  3.197 1.0000000000
4738  4.420  -71.284  4.786 1.0000000000
4739  3.731  -71.665  4.412 1.0000000000
3552  4.339  -73.207  3.560 0.8999999762
3553  3.677  -73.556  3.139 0.8999999762
4173  3.114  -72.034  0.712 0.8999999762
6097  2.884  -69.521  1.281 1.0000000000
1944  9.323  -75.492  8.893 1.0000000000
1955  8.219  -76.319  8.474 1.0000000000
3536  5.327  -73.349  4.704 1.0000000000
4792  2.309  -71.351  -0.684 0.8999999762
6731  4.022  -68.242  1.214 1.0000000000
121718  8.900  -76.856  8.063 1.0000000000
4186  1.969  -72.119  -0.409 0.8999999762
4801  1.811  -70.974  -1.412 0.8999999762
5458  2.623  -70.576  -0.946 0.8999999762
1951  11.937  -76.175  7.983 1.0000000000
2425  6.595  -75.286  5.938 0.8999999762
2995  4.940  -74.093  4.965 0.8999999762
5476  2.060  -70.211  -1.669 0.8999999762
118139  2.860  -67.669  0.221 1.0000000000
2416  7.990  -75.527  6.237 1.0000000000
2426  5.840  -75.334  5.382 0.8999999762
8017  3.106  -66.177  -1.946 1.0000000000
2411  11.878  -76.409  7.288 1.0000000000
8006  1.849  -65.670  -1.795 1.0000000000
1973  12.089  -76.987  6.989 1.0000000000
1975  11.238  -76.383  6.457 0.8999999762
1991  6.928  -76.719  5.443 0.8999999762
129306  6.728  -77.316  5.029 0.8999999762
6153  1.855  -69.045  -2.968 0.8999999762
6788  2.059  -68.089  -3.814 0.8000000119
1974  11.849  -76.688  6.753 1.0000000000
1977  9.254  -76.217  6.192 0.8999999762
1566  11.335  -77.443  5.207 0.8999999762
1579  8.765  -77.635  4.401 0.8999999762
7403  2.217  -67.318  -5.185 0.6999999881
125379  12.093  -77.922  4.961 0.8999999762
1589  11.948  -77.943  3.426 0.8999999762
109313  1.825  -65.224  -6.164 0.6999999881
1602  11.798  -77.943  2.525 0.8999999762
117548  11.123  -77.917  1.892 0.8999999762
9553  3.035  -64.129  -6.467 0.6999999881
9551  5.097  -64.595  -6.315 0.5000000000
10351  3.959  -63.436  -6.493 0.5000000000
1685  9.700  -76.724  -6.157 0.6999999881
1684  10.639  -76.817  -6.256 0.6000000238
122483  14.749  -75.937  -7.381 0.6000000238
1858  -2.796  -76.416  18.516 1.0000000000
113688  -1.430  -78.696  18.147 1.0000000000
730  -1.599  -79.369  20.490 1.0000000000
1450  -0.656  -78.265  16.627 1.0000000000
1463  -0.849  -78.040  15.265 1.0000000000
122885  -1.291  -78.247  10.665 1.0000000000
107157  -0.849  -77.873  13.623 1.0000000000
108168  0.287  -76.813  14.732 1.0000000000
1171  -1.870  -77.946  8.798 1.0000000000
1516  -0.567  -77.937  10.332 1.0000000000
107610  0.256  -76.805  13.957 1.0000000000
1523  -0.589  -78.051  9.277 1.0000000000
2362  1.016  -76.183  11.836 1.0000000000
124789  -1.525  -77.706  8.212 1.0000000000
1538  -0.552  -77.861  8.380 1.0000000000
1937  0.873  -76.622  10.213 1.0000000000
1936  1.286  -76.249  9.689 1.0000000000
4651  7.097  -71.739  13.413 1.0000000000
111811  6.824  -71.574  12.845 1.0000000000
4028  5.929  -71.894  12.751 1.0000000000
124405  7.299  -72.980  12.999 1.0000000000
4043  5.075  -72.654  12.103 1.0000000000
2397  1.777  -75.651  8.151 1.0000000000
4663  6.426  -71.757  12.121 1.0000000000
4042  5.719  -72.312  11.591 1.0000000000
3450  6.940  -73.542  12.513 1.0000000000
4672  7.043  -71.649  10.847 1.0000000000
2906  6.801  -73.938  11.690 1.0000000000
2348  4.739  -75.064  12.166 1.0000000000
126294  5.594  -72.474  9.545 1.0000000000
3509  2.876  -73.988  6.209 1.0000000000
2905  7.416  -73.826  11.092 1.0000000000
2907  6.024  -74.520  11.389 1.0000000000
129943  7.233  -74.296  10.334 1.0000000000
4692  5.949  -71.921  8.364 1.0000000000
4110  4.322  -72.198  5.965 1.0000000000
123419  6.769  -74.778  9.955 1.0000000000
5347  7.548  -70.521  8.059 1.0000000000
4728  5.472  -71.158  5.857 1.0000000000
2937  7.565  -74.637  9.812 1.0000000000
2921  7.899  -73.873  10.358 1.0000000000
4146  4.554  -72.178  2.457 1.0000000000
5370  5.150  -70.892  5.098 1.0000000000
2377  8.744  -75.087  9.221 1.0000000000
5378  4.835  -70.630  4.393 1.0000000000
4748  2.664  -71.737  3.228 1.0000000000
112540  1.816  -69.085  0.115 1.0000000000
2935  9.512  -74.723  9.426 1.0000000000
4120  5.747  -72.568  4.365 1.0000000000
4772  3.841  -71.595  1.054 1.0000000000
4782  3.480  -71.285  0.387 0.8999999762
6096  3.646  -69.090  1.572 1.0000000000
1943  10.764  -75.990  8.715 1.0000000000
3507  7.287  -73.883  6.082 1.0000000000
5457  3.443  -70.146  -0.573 0.8999999762
7323  3.548  -67.281  0.219 1.0000000000
2968  7.678  -74.343  6.164 1.0000000000
3522  5.719  -73.948  5.320 1.0000000000
5424  4.908  -70.476  0.986 1.0000000000
5439  4.601  -70.143  0.403 1.0000000000
6129  3.716  -69.282  -0.852 0.8999999762
2390  11.719  -75.483  8.242 1.0000000000
2412  11.592  -75.874  7.188 1.0000000000
6142  2.220  -69.373  -1.995 0.8999999762
8007  1.063  -66.374  -2.336 1.0000000000
2414  9.751  -75.592  6.702 1.0000000000
6776  3.308  -67.829  -1.822 0.8999999762
1978  8.277  -76.166  6.132 0.8999999762
2424  7.273  -76.011  6.070 0.8999999762
6777  2.537  -67.818  -2.848 0.8999999762
7361  3.031  -66.792  -2.349 0.8999999762
8718  2.100  -65.304  -2.258 1.0000000000
1988  10.777  -76.880  5.802 0.8999999762
7381  1.976  -66.511  -4.291 0.8999999762
1567  10.227  -77.291  5.122 0.8999999762
1568  9.230  -77.301  5.099 0.8999999762
8045  1.756  -66.081  -4.915 0.8999999762
8769  1.570  -65.606  -5.417 0.8999999762
1578  9.673  -77.551  4.424 0.8999999762
8062  1.932  -66.038  -5.967 0.6999999881
9540  1.367  -65.159  -5.808 0.6999999881
1592  9.262  -77.906  3.608 0.8999999762
10352  2.311  -63.535  -6.459 0.6000000238
1451  -2.615  -76.996  16.353 1.0000000000
110391  -2.833  -75.895  16.930 1.0000000000
1111  -1.522  -77.867  14.711 1.0000000000
111332  -2.316  -77.449  15.992 1.0000000000
1064  -1.917  -78.380  18.248 1.0000000000
1877  -2.753  -76.365  16.283 1.0000000000
1110  -1.344  -77.988  14.093 1.0000000000
107150  -1.549  -77.869  12.249 1.0000000000
1518  -2.260  -77.307  10.284 1.0000000000
1524  -2.125  -77.785  9.528 1.0000000000
110566  -2.020  -77.315  8.956 1.0000000000
1928  0.342  -76.802  11.746 1.0000000000
118722  0.398  -77.031  10.759 1.0000000000
1962  -2.173  -76.665  8.668 1.0000000000
1949  0.768  -76.840  9.320 1.0000000000
111724  -1.554  -77.296  7.490 1.0000000000
115384  -0.905  -77.437  7.024 1.0000000000
1948  1.317  -76.217  8.817 1.0000000000
4027  7.632  -72.015  13.389 1.0000000000
2407  1.675  -75.925  7.124 1.0000000000
2419  1.324  -75.919  6.207 1.0000000000
3437  8.350  -72.391  12.368 1.0000000000
4661  8.212  -71.181  12.157 1.0000000000
2984  0.872  -75.490  4.701 1.0000000000
2971  1.883  -75.201  6.028 1.0000000000
3449  7.613  -73.202  12.215 1.0000000000
4662  7.241  -71.442  11.992 1.0000000000
4681  7.156  -71.555  9.785 1.0000000000
4069  6.222  -72.045  9.173 1.0000000000
4041  8.721  -71.677  12.239 1.0000000000
4671  7.875  -71.206  11.160 1.0000000000
4082  5.609  -71.777  7.577 1.0000000000
3539  1.591  -73.762  4.195 1.0000000000
3466  9.170  -72.427  11.474 1.0000000000
5311  9.568  -70.692  11.412 1.0000000000
4679  8.333  -70.904  10.030 1.0000000000
4680  7.523  -71.091  8.925 1.0000000000
4718  5.700  -71.385  6.756 1.0000000000
4719  5.018  -71.792  6.293 1.0000000000
4122  2.018  -73.106  3.915 1.0000000000
4053  10.276  -72.221  10.898 1.0000000000
3465  9.703  -73.195  10.403 1.0000000000
5335  8.294  -70.434  8.805 1.0000000000
4717  6.237  -70.691  6.210 1.0000000000
4132  2.330  -72.444  3.582 1.0000000000
5369  5.945  -70.442  5.375 1.0000000000
2919  10.023  -73.882  9.736 1.0000000000
4108  7.702  -72.220  5.795 1.0000000000
4130  5.530  -72.210  3.567 1.0000000000
4145  5.323  -71.845  2.824 1.0000000000
4755  6.524  -70.870  2.906 1.0000000000
6081  3.284  -69.890  1.888 1.0000000000
2934  10.584  -74.679  9.399 1.0000000000
2918  10.899  -73.895  9.620 1.0000000000
4119  6.530  -72.221  4.702 1.0000000000
4757  5.095  -71.383  2.023 1.0000000000
108704  5.196  -70.754  1.498 1.0000000000
6080  4.039  -69.490  2.205 1.0000000000
2374  11.563  -74.401  8.957 1.0000000000
4771  4.577  -71.179  1.333 1.0000000000
5440  3.855  -70.512  0.088 1.0000000000
3476  11.615  -73.596  9.110 1.0000000000
5456  4.306  -69.637  -0.201 1.0000000000
6753  1.503  -68.568  -0.391 1.0000000000
115393  11.655  -74.900  8.211 1.0000000000
2967  8.324  -74.065  6.996 1.0000000000
6140  3.874  -68.364  -1.063 1.0000000000
115373  10.941  -74.407  7.541 1.0000000000
2965  10.262  -75.004  7.251 1.0000000000
8005  2.491  -65.848  -1.524 1.0000000000
6765  3.903  -67.610  -1.146 1.0000000000
8030  2.270  -65.594  -3.431 0.8999999762
8748  -0.756  -64.551  -3.265 0.8999999762
8044  1.813  -65.583  -4.124 0.8999999762
8730  1.732  -65.104  -3.014 0.8999999762
128350  0.942  -64.951  -4.490 0.8999999762
108830  0.872  -64.545  -5.622 0.8999999762
9555  0.579  -63.957  -5.835 0.8000000119
11143  3.793  -62.671  -6.433 0.5000000000
130225  -2.173  -78.307  18.880 1.0000000000
1113  -1.907  -77.571  14.535 1.0000000000
1099  -2.290  -77.284  15.095 1.0000000000
2306  -2.868  -74.642  15.929 1.0000000000
1149  -1.962  -77.734  11.462 1.0000000000
1499  -2.603  -77.018  12.339 1.0000000000
1901  -2.751  -75.255  14.531 1.0000000000
2871  -4.070  -74.149  14.417 1.0000000000
3415  -4.291  -73.241  14.017 1.0000000000
108808  -2.274  -76.162  9.163 1.0000000000
125047  -1.636  -74.865  9.047 1.0000000000
2940  -1.307  -74.360  9.397 1.0000000000
2941  -1.914  -75.079  8.440 1.0000000000
1968  -2.234  -76.457  7.683 1.0000000000
108986  -2.200  -75.491  7.686 1.0000000000
1549  0.396  -77.166  7.546 1.0000000000
2962  -2.084  -74.987  6.840 1.0000000000
1982  -2.150  -76.546  6.418 1.0000000000
4084  -0.571  -72.966  7.754 1.0000000000
1558  -0.788  -77.260  6.100 1.0000000000
1557  -0.011  -77.271  6.653 1.0000000000
1967  0.676  -76.901  6.912 1.0000000000
3511  -1.818  -74.210  6.292 1.0000000000
1997  -2.095  -76.187  5.632 1.0000000000
1996  -1.873  -76.773  5.853 1.0000000000
1980  0.530  -76.675  6.073 1.0000000000
3527  -1.789  -74.300  5.351 1.0000000000
2003  -0.449  -76.124  4.967 1.0000000000
1994  0.049  -76.646  5.222 1.0000000000
2429  0.661  -76.106  5.298 1.0000000000
4649  8.204  -71.515  12.600 1.0000000000
3526  -1.499  -73.459  5.031 1.0000000000
3000  -1.941  -74.779  4.729 1.0000000000
2998  1.218  -74.612  4.390 1.0000000000
2456  -1.487  -74.432  4.271 1.0000000000
2455  -1.145  -74.709  4.164 1.0000000000
4660  9.049  -71.104  11.905 1.0000000000
4691  6.696  -71.476  8.617 1.0000000000
3574  -0.011  -74.052  2.663 1.0000000000
3540  0.754  -74.225  3.452 1.0000000000
5320  9.355  -70.429  10.654 1.0000000000
5355  6.844  -71.024  7.879 1.0000000000
4704  6.443  -70.943  7.115 1.0000000000
3464  10.514  -73.124  10.069 1.0000000000
4039  10.464  -71.324  11.255 1.0000000000
5363  7.128  -70.163  6.532 1.0000000000
116131  11.117  -72.544  10.297 1.0000000000
5354  7.805  -69.992  7.173 1.0000000000
4758  2.253  -71.442  2.476 1.0000000000
4051  11.445  -72.800  9.601 1.0000000000
4118  7.340  -71.769  5.013 1.0000000000
4746  6.045  -71.527  3.203 1.0000000000
5392  4.616  -70.311  3.662 1.0000000000
6098  2.245  -69.893  0.968 1.0000000000
5408  6.660  -70.170  2.353 1.0000000000
6079  4.882  -69.098  2.490 1.0000000000
6721  4.489  -68.703  1.792 1.0000000000
4059  11.628  -72.767  9.218 1.0000000000
4129  6.260  -71.850  3.923 1.0000000000
4737  7.071  -71.442  4.194 1.0000000000
5438  5.261  -69.695  0.724 1.0000000000
6730  4.855  -68.038  1.302 1.0000000000
124737  11.508  -73.374  8.572 1.0000000000
3492  9.717  -73.224  7.541 1.0000000000
3506  7.868  -73.679  6.525 1.0000000000
3521  6.581  -73.732  5.752 1.0000000000
7308  4.196  -67.691  0.725 1.0000000000
6754  0.530  -68.941  -1.006 1.0000000000
123603  10.479  -73.671  7.733 1.0000000000
2958  9.908  -74.135  7.412 1.0000000000
5422  6.298  -69.615  1.729 1.0000000000
7321  4.844  -67.784  0.444 1.0000000000
7979  3.916  -66.970  -0.497 1.0000000000
7334  2.777  -66.852  -0.342 1.0000000000
7335  1.952  -66.918  -0.765 1.0000000000
6112  5.342  -68.855  0.521 1.0000000000
7333  4.423  -67.489  -0.165 1.0000000000
8004  3.203  -66.161  -1.321 1.0000000000
2413  10.805  -75.702  6.842 1.0000000000
8719  1.344  -65.505  -2.730 0.8999999762
8733  -0.804  -65.456  -2.667 0.8999999762
9528  -0.864  -63.969  -4.223 0.8999999762
11138  2.259  -62.035  -6.324 0.5000000000
11137  3.419  -62.007  -6.250 0.5000000000
11139  1.156  -62.226  -6.208 0.6999999881
1464  -2.744  -76.848  15.551 1.0000000000
124695  -2.330  -77.187  11.615 1.0000000000
1136  -2.391  -77.205  12.949 1.0000000000
2363  -1.840  -75.476  10.724 1.0000000000
1922  -2.697  -76.453  12.602 1.0000000000
112482  -1.011  -73.710  9.851 1.0000000000
2925  -1.329  -74.542  10.289 1.0000000000
4057  -0.584  -73.118  10.207 1.0000000000
3481  -0.992  -73.677  8.982 1.0000000000
111532  -1.886  -74.595  7.748 1.0000000000
129937  -2.243  -76.533  7.022 1.0000000000
1961  0.663  -76.984  8.396 1.0000000000
7797  -3.748  -66.801  17.230 1.0000000000
4707  -0.575  -72.388  7.062 1.0000000000
1981  -0.155  -77.087  5.752 1.0000000000
109064  -1.210  -73.042  6.102 1.0000000000
129829  -1.376  -73.039  5.439 1.0000000000
3010  -0.119  -74.741  3.170 1.0000000000
4659  10.131  -70.812  11.451 1.0000000000
5318  10.725  -70.588  10.846 1.0000000000
5333  9.931  -70.100  9.894 1.0000000000
4134  0.769  -73.474  2.825 1.0000000000
4133  1.553  -72.872  3.185 1.0000000000
4678  11.799  -71.056  9.840 1.0000000000
5997  10.395  -69.803  9.163 1.0000000000
110662  6.487  -69.634  4.803 1.0000000000
127596  -0.072  -72.808  1.845 1.0000000000
119185  11.712  -71.953  9.758 1.0000000000
6022  7.520  -69.597  5.848 1.0000000000
4773  0.991  -71.448  1.202 1.0000000000
4689  11.681  -71.650  9.216 1.0000000000
4690  11.321  -71.147  8.623 1.0000000000
4727  8.236  -71.271  5.239 1.0000000000
5367  9.237  -69.931  5.178 1.0000000000
6029  8.992  -69.449  5.098 1.0000000000
6689  7.642  -68.926  3.993 1.0000000000
6691  6.783  -69.064  3.978 1.0000000000
6710  6.245  -68.917  3.303 1.0000000000
4107  8.505  -71.672  6.068 1.0000000000
4735  8.704  -70.354  4.766 1.0000000000
5376  8.372  -70.061  4.003 1.0000000000
5390  7.840  -69.622  3.318 1.0000000000
6708  7.633  -68.908  3.325 1.0000000000
6719  6.062  -68.567  2.210 1.0000000000
5441  0.808  -70.170  -0.039 1.0000000000
4079  11.255  -72.767  8.455 1.0000000000
4096  8.146  -72.707  6.603 1.0000000000
6078  6.912  -69.259  2.274 1.0000000000
6718  6.702  -68.703  2.534 1.0000000000
6130  1.098  -69.421  -0.287 1.0000000000
4744  7.590  -70.595  3.688 1.0000000000
6729  5.565  -68.436  1.546 1.0000000000
6111  5.726  -68.550  1.207 1.0000000000
7336  1.104  -67.854  -1.185 1.0000000000
124489  -0.361  -67.298  -2.457 1.0000000000
8020  -0.821  -66.328  -2.363 1.0000000000
9516  -0.273  -64.505  -4.018 0.8999999762
8746  0.321  -65.020  -3.699 0.8999999762
9526  0.234  -64.381  -4.700 0.8999999762
11132  -1.189  -62.623  -4.595 0.8999999762
11141  -0.292  -62.765  -5.601 0.8999999762
11965  1.651  -61.462  -5.717 0.5000000000
1124  -2.102  -77.369  13.713 1.0000000000
110518  -2.708  -76.829  18.117 1.0000000000
1489  -2.582  -76.967  13.719 1.0000000000
2846  -2.928  -74.367  16.496 1.0000000000
4063  -0.179  -72.622  9.648 1.0000000000
127378  -0.261  -72.600  8.460 1.0000000000
2442  -1.044  -75.386  4.765 1.0000000000
2453  -0.195  -75.263  3.800 1.0000000000
10152  -1.364  -63.786  9.832 1.0000000000
3576  -0.934  -73.556  2.706 1.0000000000
115817  -0.813  -63.188  10.071 1.0000000000
4149  0.012  -73.367  2.234 1.0000000000
125470  10.942  -70.019  9.313 1.0000000000
6007  9.384  -69.535  8.018 1.0000000000
5346  8.486  -69.790  7.833 1.0000000000
5366  9.370  -69.682  5.787 1.0000000000
108910  8.982  -69.370  5.655 1.0000000000
10170  -0.633  -63.508  7.577 1.0000000000
6709  7.024  -68.685  3.208 1.0000000000
4774  -0.258  -71.853  0.627 1.0000000000
4080  10.712  -71.871  8.207 1.0000000000
4703  10.216  -71.169  7.422 1.0000000000
4716  9.302  -71.116  6.267 1.0000000000
6131  0.105  -69.877  -0.871 1.0000000000
4094  9.503  -71.693  7.015 1.0000000000
4081  9.855  -72.305  7.638 1.0000000000
6755  -0.485  -69.234  -1.343 1.0000000000
7349  -0.642  -67.969  -2.081 1.0000000000
115244  -1.177  -67.231  -1.317 1.0000000000
8732  -0.471  -66.011  -2.908 0.8999999762
11958  2.310  -60.898  -5.173 0.5000000000
115341  -2.636  -75.736  13.311 1.0000000000
2911  -1.348  -74.743  11.213 1.0000000000
2340  -2.595  -75.201  13.273 1.0000000000
2341  -2.811  -74.923  13.915 1.0000000000
2342  -3.592  -74.432  13.904 1.0000000000
3469  -0.450  -73.196  11.129 1.0000000000
124184  -1.437  -74.845  11.999 1.0000000000
2899  -2.119  -74.981  12.729 1.0000000000
2883  -2.857  -74.422  13.786 1.0000000000
3414  -3.565  -73.106  13.203 1.0000000000
5313  0.931  -71.178  11.527 1.0000000000
2898  -1.366  -74.448  12.598 1.0000000000
4015  -1.652  -73.001  13.677 1.0000000000
3988  -3.564  -71.907  13.585 1.0000000000
109510  -3.823  -71.874  14.749 1.0000000000
4056  -0.091  -72.480  10.507 1.0000000000
5298  -3.311  -70.509  14.703 1.0000000000
111599  -3.639  -71.142  14.770 1.0000000000
5271  -3.244  -70.356  15.394 1.0000000000
4673  0.439  -71.703  10.793 1.0000000000
5278  -0.783  -72.199  14.704 1.0000000000
4636  -2.086  -71.494  13.479 1.0000000000
4637  -2.370  -71.130  13.560 1.0000000000
5279  -3.593  -70.473  14.919 1.0000000000
5926  -3.126  -69.215  16.291 1.0000000000
128050  0.979  -71.029  10.637 1.0000000000
5337  0.433  -71.565  9.179 1.0000000000
4616  -0.315  -71.406  15.172 1.0000000000
6568  -3.315  -68.899  15.596 1.0000000000
5985  1.287  -70.506  10.070 1.0000000000
6597  -2.527  -68.984  13.529 1.0000000000
5965  -2.353  -69.698  13.453 1.0000000000
5948  -3.608  -69.898  14.531 1.0000000000
7158  -3.304  -68.324  15.055 1.0000000000
7147  -3.664  -67.500  16.594 1.0000000000
5984  1.837  -69.853  10.288 1.0000000000
6001  1.042  -70.200  8.634 1.0000000000
4693  -0.199  -72.025  7.917 1.0000000000
7155  -0.561  -67.267  15.444 1.0000000000
7816  -3.289  -66.519  15.890 1.0000000000
7808  -3.612  -66.656  16.528 1.0000000000
8517  -3.608  -66.160  17.073 1.0000000000
5357  0.040  -71.135  7.600 1.0000000000
6000  1.581  -69.824  9.297 1.0000000000
6008  2.152  -68.970  8.640 1.0000000000
5348  0.613  -70.701  8.089 1.0000000000
4706  -0.202  -71.716  6.999 1.0000000000
126614  -0.006  -71.007  6.816 1.0000000000
130774  -0.625  -71.900  5.782 1.0000000000
9345  -2.382  -64.165  10.456 1.0000000000
10140  -1.393  -63.368  10.615 1.0000000000
10115  -2.662  -63.220  11.866 1.0000000000
6644  2.877  -68.255  6.844 1.0000000000
120401  0.289  -70.682  6.072 1.0000000000
3541  -1.457  -73.305  4.248 1.0000000000
4150  -0.666  -72.891  2.221 1.0000000000
10939  -0.794  -62.643  10.656 1.0000000000
4732  -1.021  -72.433  5.527 1.0000000000
3556  -1.395  -73.759  3.874 1.0000000000
6643  3.473  -67.632  7.188 1.0000000000
5364  0.878  -69.949  5.877 1.0000000000
121760  -0.031  -70.896  5.416 1.0000000000
4742  -1.131  -72.173  4.259 1.0000000000
3555  -1.227  -73.449  3.237 1.0000000000
9352  -2.146  -64.457  9.551 1.0000000000
6014  9.133  -69.430  7.180 1.0000000000
6034  1.006  -69.546  4.915 1.0000000000
5372  -0.057  -70.717  4.649 1.0000000000
4751  -1.372  -72.164  3.408 1.0000000000
4163  -1.168  -72.146  1.677 1.0000000000
4162  -0.614  -72.410  1.371 1.0000000000
115970  -3.146  -65.774  9.680 1.0000000000
10161  -0.795  -63.336  8.417 1.0000000000
4750  -1.157  -71.552  3.370 1.0000000000
4775  -1.188  -71.845  0.800 1.0000000000
8636  -2.941  -65.902  7.248 1.0000000000
5353  10.604  -69.901  7.840 1.0000000000
5362  9.830  -69.886  6.510 1.0000000000
6045  0.862  -69.126  4.434 1.0000000000
5381  -0.219  -70.441  3.993 1.0000000000
4776  -1.558  -71.611  1.216 1.0000000000
4785  -1.175  -71.613  -0.068 1.0000000000
124469  0.020  -69.974  3.906 1.0000000000
5395  -0.816  -70.721  3.404 1.0000000000
5412  -1.649  -71.097  2.156 1.0000000000
5442  -0.017  -70.642  -0.444 1.0000000000
4714  10.308  -70.170  7.200 1.0000000000
6047  -0.932  -69.215  3.710 1.0000000000
5397  -1.813  -70.206  2.094 1.0000000000
116696  -2.160  -70.066  0.772 1.0000000000
9375  -1.034  -64.316  7.110 1.0000000000
10177  -0.459  -63.437  6.752 1.0000000000
6065  -1.149  -69.796  3.065 1.0000000000
113387  -1.834  -69.120  1.488 1.0000000000
5444  -1.575  -70.743  -0.244 1.0000000000
115352  -0.799  -69.797  -1.088 1.0000000000
9392  -0.636  -64.364  5.709 1.0000000000
6733  -1.825  -68.871  0.688 1.0000000000
6132  -1.622  -69.225  -0.439 1.0000000000
6767  -0.809  -68.591  -1.399 1.0000000000
6757  -1.756  -68.832  0.015 1.0000000000
7351  -1.265  -68.205  -0.690 1.0000000000
9397  -0.781  -64.570  4.741 1.0000000000
9391  0.036  -64.082  5.205 1.0000000000
8008  -1.115  -66.507  -1.608 0.8999999762
8705  -1.126  -65.801  -1.159 1.0000000000
9506  -0.948  -64.819  -2.324 0.8999999762
119880  -0.972  -64.088  -2.846 0.8999999762
130150  -1.001  -63.537  -3.293 0.8999999762
12842  -0.416  -60.689  -4.558 0.6000000238
11961  -0.721  -61.425  -4.910 0.8000000119
12844  0.942  -61.037  -5.276 0.5000000000
4031  -0.221  -73.195  13.087 1.0000000000
4030  0.121  -72.431  12.341 1.0000000000
3426  -0.781  -73.600  13.532 1.0000000000
2882  -2.119  -74.156  13.257 1.0000000000
4653  0.660  -71.725  12.414 1.0000000000
109971  0.332  -72.362  13.384 1.0000000000
4014  -0.332  -72.981  13.918 1.0000000000
3413  -0.958  -73.282  14.131 1.0000000000
3998  -1.090  -72.839  14.412 1.0000000000
121170  -2.728  -72.427  13.569 1.0000000000
5321  1.472  -70.537  10.911 1.0000000000
5963  -1.895  -69.182  13.633 1.0000000000
5983  2.436  -69.213  10.582 1.0000000000
5933  0.250  -70.243  15.932 1.0000000000
6580  -2.175  -68.358  14.031 1.0000000000
7172  -3.111  -67.850  14.702 1.0000000000
6623  2.913  -68.550  9.933 1.0000000000
129995  0.062  -69.547  15.969 1.0000000000
7171  -2.812  -67.310  14.557 1.0000000000
5999  2.241  -69.092  9.642 1.0000000000
6622  3.505  -68.083  10.113 1.0000000000
6009  1.606  -69.536  8.230 1.0000000000
6637  2.843  -68.324  7.918 1.0000000000
7198  5.870  -67.239  11.389 1.0000000000
7215  4.192  -67.629  9.714 1.0000000000
6015  2.189  -68.868  7.590 1.0000000000
8597  -3.315  -65.707  11.520 1.0000000000
10915  -1.325  -61.991  12.123 1.0000000000
7180  6.999  -67.235  13.137 1.0000000000
6636  3.533  -67.808  8.264 1.0000000000
5356  0.625  -70.468  7.000 1.0000000000
8609  -3.226  -65.921  10.589 1.0000000000
4123  -1.417  -72.734  3.911 1.0000000000
111818  2.129  -68.847  6.422 1.0000000000
4151  -1.150  -72.580  2.648 1.0000000000
115171  -2.781  -67.059  8.482 1.0000000000
6023  2.155  -68.487  5.312 1.0000000000
127107  -2.789  -65.197  8.639 1.0000000000
7251  -2.488  -67.204  7.600 1.0000000000
6694  0.534  -68.734  4.340 1.0000000000
7266  -2.435  -67.288  6.708 1.0000000000
4762  -1.852  -71.146  1.353 1.0000000000
4786  -1.765  -71.286  0.500 1.0000000000
127472  -2.595  -65.396  6.804 1.0000000000
7944  -2.685  -65.900  5.422 1.0000000000
7931  -2.854  -65.923  6.418 1.0000000000
126948  -1.904  -64.916  5.231 1.0000000000
6066  -1.699  -69.408  2.872 1.0000000000
120458  -1.781  -68.248  1.429 1.0000000000
117861  -1.928  -68.310  2.407 1.0000000000
114736  -1.634  -68.046  0.613 1.0000000000
7982  -1.335  -67.428  -0.032 1.0000000000
7966  -0.982  -66.687  1.160 1.0000000000
112373  -1.073  -65.854  -0.369 1.0000000000
130834  -1.027  -65.216  -0.757 1.0000000000
108374  -1.000  -64.148  -1.988 0.8999999762
10310  -0.857  -63.347  -2.508 0.8999999762
11126  -1.305  -62.392  -3.921 0.8999999762
12843  -1.003  -61.045  -4.188 0.8000000119
12841  0.424  -60.529  -4.723 0.5000000000
128014  0.767  -71.527  13.161 1.0000000000
5307  1.045  -70.991  12.530 1.0000000000
5312  1.646  -70.600  11.815 1.0000000000
4615  0.283  -71.509  15.177 1.0000000000
5970  2.216  -69.975  12.075 1.0000000000
4623  1.027  -71.237  14.442 1.0000000000
5964  -1.858  -70.022  13.273 1.0000000000
5974  2.635  -69.342  11.501 1.0000000000
5969  2.764  -69.455  12.397 1.0000000000
5946  -1.454  -70.516  13.980 1.0000000000
112752  -3.415  -67.931  15.821 1.0000000000
6567  -0.301  -68.869  15.526 1.0000000000
6581  -2.888  -68.153  13.940 1.0000000000
6612  3.182  -68.583  10.898 1.0000000000
6566  0.196  -68.979  16.352 1.0000000000
6621  3.898  -67.849  10.647 1.0000000000
7199  5.057  -67.520  11.240 1.0000000000
7154  -0.145  -68.054  15.846 1.0000000000
6630  3.517  -67.926  9.269 1.0000000000
8581  -3.293  -65.592  12.526 1.0000000000
9338  -3.342  -64.811  11.797 1.0000000000
10916  -2.492  -62.610  12.461 1.0000000000
112334  5.570  -66.839  9.874 1.0000000000
7860  -2.769  -66.536  12.344 1.0000000000
7197  6.674  -66.879  11.510 1.0000000000
7202  -2.184  -67.230  11.170 1.0000000000
7854  7.730  -66.752  12.535 1.0000000000
7219  -2.521  -67.101  10.568 1.0000000000
7220  -3.031  -66.757  10.653 1.0000000000
7811  9.038  -66.456  14.454 1.0000000000
6653  2.812  -68.028  5.887 1.0000000000
128559  3.145  -67.790  6.518 1.0000000000
125718  -3.007  -66.924  9.232 1.0000000000
10963  -0.773  -62.677  8.905 1.0000000000
7261  2.611  -67.512  5.649 1.0000000000
8625  -2.999  -65.675  8.109 1.0000000000
9351  -1.332  -64.143  8.925 1.0000000000
6693  1.385  -68.349  4.684 1.0000000000
118663  -2.127  -67.564  7.661 1.0000000000
7279  -2.411  -67.489  5.949 1.0000000000
10973  -0.905  -62.679  7.753 1.0000000000
10987  -1.039  -62.677  7.137 1.0000000000
6048  -1.703  -68.908  3.738 1.0000000000
6672  -2.203  -67.911  5.818 1.0000000000
6712  -1.914  -68.690  2.975 1.0000000000
120162  -2.248  -68.004  4.333 1.0000000000
9382  0.035  -63.848  6.030 1.0000000000
7309  -1.870  -67.536  2.069 1.0000000000
8655  -1.775  -65.162  4.202 1.0000000000
125387  -1.668  -67.643  1.341 1.0000000000
8664  -0.680  -65.279  3.063 1.0000000000
8695  -0.610  -65.819  0.621 1.0000000000
108491  -0.799  -65.048  -0.101 0.8999999762
9465  -0.918  -64.506  -0.645 0.8999999762
125796  -0.873  -63.510  -1.682 0.8999999762
11938  -1.230  -61.425  -2.792 0.8999999762
5294  1.062  -71.027  13.483 1.0000000000
4624  0.486  -71.747  14.778 1.0000000000
5962  2.214  -70.138  13.612 1.0000000000
5944  1.957  -70.230  14.623 1.0000000000
6606  3.186  -68.941  12.869 1.0000000000
114587  1.863  -70.059  16.268 1.0000000000
5934  -0.492  -69.801  15.361 1.0000000000
112147  3.198  -68.780  11.937 1.0000000000
5924  1.392  -69.800  16.815 1.0000000000
127487  -0.762  -68.897  14.646 1.0000000000
8501  -3.261  -65.189  18.137 1.0000000000
6605  3.786  -68.377  12.409 1.0000000000
6556  1.720  -69.165  17.525 1.0000000000
8535  -3.005  -65.748  15.888 1.0000000000
8529  -3.303  -65.862  16.569 1.0000000000
6604  4.369  -67.855  11.912 1.0000000000
6611  3.748  -68.133  11.503 1.0000000000
129480  -1.224  -66.724  15.048 1.0000000000
6557  0.827  -69.123  16.994 1.0000000000
7806  -0.494  -66.384  15.900 1.0000000000
111264  -3.232  -64.945  19.003 1.0000000000
8525  -0.327  -65.908  16.710 1.0000000000
7233  4.872  -66.686  8.731 1.0000000000
7213  6.073  -66.518  10.213 1.0000000000
7246  4.400  -66.795  8.002 1.0000000000
7890  5.596  -66.111  9.436 1.0000000000
7869  -0.040  -67.103  11.438 1.0000000000
7857  -0.240  -66.788  12.202 1.0000000000
9337  -3.053  -64.211  11.190 1.0000000000
7899  4.601  -66.296  8.313 1.0000000000
7201  -1.468  -67.356  11.185 1.0000000000
7873  -3.150  -66.376  11.241 1.0000000000
7838  8.384  -66.367  12.945 1.0000000000
7216  0.030  -67.313  10.507 1.0000000000
8524  8.868  -66.997  16.385 1.0000000000
119148  9.543  -65.986  15.039 1.0000000000
7829  8.874  -65.911  13.541 1.0000000000
7914  3.908  -66.285  7.379 1.0000000000
7893  1.180  -66.973  9.090 1.0000000000
6632  -1.448  -67.798  9.580 1.0000000000
7239  -2.498  -67.217  9.076 1.0000000000
8523  9.498  -66.267  16.558 1.0000000000
7929  2.839  -66.843  6.140 1.0000000000
7236  -0.529  -67.893  8.218 1.0000000000
6638  -1.389  -67.988  8.599 1.0000000000
7262  1.754  -67.153  5.573 1.0000000000
7249  -0.273  -67.835  7.269 1.0000000000
6645  -1.226  -68.096  7.557 1.0000000000
10974  -1.655  -62.124  7.466 0.8999999762
7276  1.880  -67.504  5.068 1.0000000000
7277  1.141  -67.617  5.237 1.0000000000
7265  -2.239  -67.637  6.416 1.0000000000
9376  -1.808  -64.678  7.647 1.0000000000
6695  -0.421  -68.794  4.229 1.0000000000
6696  -1.524  -68.493  4.553 1.0000000000
6655  -1.405  -68.176  6.418 1.0000000000
11009  -0.350  -62.871  5.883 1.0000000000
6697  -2.031  -68.287  4.492 1.0000000000
7952  -2.341  -66.912  3.728 1.0000000000
7299  -2.109  -67.314  2.929 1.0000000000
8666  -2.251  -65.946  3.711 1.0000000000
7959  -1.897  -66.795  2.486 1.0000000000
9407  -0.802  -64.881  3.782 1.0000000000
8674  -1.976  -66.075  2.833 1.0000000000
9396  -0.048  -64.229  4.215 1.0000000000
116393  -0.929  -63.123  -1.056 0.8999999762
108674  -0.837  -62.711  -1.770 0.8999999762
117309  -1.153  -60.710  -3.426 0.8000000119
12836  -0.769  -60.266  -3.834 0.6000000238
5276  1.408  -70.866  14.959 1.0000000000
5961  2.797  -69.602  13.265 1.0000000000
5932  1.628  -70.447  15.578 1.0000000000
5261  1.071  -70.479  16.200 1.0000000000
6596  3.161  -69.121  13.778 1.0000000000
5925  0.625  -69.780  16.479 1.0000000000
6595  3.797  -68.613  13.350 1.0000000000
7156  -2.202  -66.920  14.695 1.0000000000
118462  4.503  -68.015  12.912 1.0000000000
115584  0.304  -68.252  16.766 1.0000000000
7815  -1.982  -66.285  15.167 1.0000000000
130680  -3.044  -65.408  16.378 1.0000000000
8516  -3.333  -65.466  17.314 1.0000000000
9235  -3.035  -64.399  18.424 1.0000000000
7182  5.351  -67.760  12.857 1.0000000000
7192  5.167  -67.663  12.115 1.0000000000
6536  2.380  -68.649  18.220 1.0000000000
6546  1.530  -68.430  18.054 1.0000000000
9254  -3.083  -64.650  17.602 1.0000000000
10042  -2.920  -63.617  18.724 1.0000000000
119236  -3.123  -64.209  19.290 1.0000000000
9201  -3.513  -64.108  20.774 0.8999999762
7190  6.841  -67.111  12.368 1.0000000000
7191  6.013  -67.457  12.251 1.0000000000
7859  -2.043  -66.560  12.864 1.0000000000
8562  -2.993  -65.480  13.397 1.0000000000
10116  -3.192  -63.534  12.555 1.0000000000
10910  -3.040  -62.392  13.412 1.0000000000
7167  6.790  -67.548  13.923 1.0000000000
7858  -1.157  -66.784  12.572 1.0000000000
7831  7.469  -67.393  14.406 1.0000000000
7865  7.043  -65.926  11.002 1.0000000000
7225  5.393  -66.502  9.325 1.0000000000
111445  0.605  -66.671  11.833 1.0000000000
11764  -2.108  -61.767  12.841 1.0000000000
7830  8.406  -66.803  13.930 1.0000000000
113606  7.448  -66.490  11.685 1.0000000000
8612  4.958  -65.717  9.390 1.0000000000
7886  0.849  -66.902  10.992 1.0000000000
111176  8.087  -67.501  16.030 1.0000000000
7837  8.503  -65.539  12.716 1.0000000000
8614  3.483  -65.724  9.227 1.0000000000
121084  1.087  -67.005  10.054 1.0000000000
129596  -1.424  -61.146  10.282 1.0000000000
11769  -0.825  -61.976  11.342 1.0000000000
11757  -2.632  -61.610  13.691 1.0000000000
8623  3.774  -65.885  7.703 1.0000000000
7900  2.800  -65.950  8.766 1.0000000000
112101  2.884  -66.279  6.798 1.0000000000
109680  2.958  -65.866  7.683 1.0000000000
7902  1.225  -66.937  8.076 1.0000000000
11784  -1.252  -61.846  8.873 1.0000000000
12641  -2.351  -60.407  8.131 0.6000000238
8510  9.444  -66.285  17.448 1.0000000000
8522  9.879  -65.475  15.727 1.0000000000
9289  9.440  -64.541  14.530 1.0000000000
7917  1.279  -66.943  7.044 1.0000000000
7235  0.417  -67.453  7.756 1.0000000000
8496  9.261  -66.369  18.405 1.0000000000
7263  1.194  -67.199  6.150 1.0000000000
10988  -2.022  -62.123  6.657 0.8000000119
113527  -0.576  -68.160  5.921 1.0000000000
11008  -0.107  -62.861  4.960 1.0000000000
8683  -0.695  -65.971  1.692 1.0000000000
122404  0.063  -65.239  1.462 1.0000000000
8682  -0.204  -64.771  0.644 0.8999999762
9417  0.648  -64.042  2.691 1.0000000000
10261  -0.119  -63.084  0.946 0.8999999762
11086  -0.607  -62.578  -0.251 0.8999999762
11922  -1.048  -61.653  -1.810 0.6999999881
11101  -0.913  -62.156  -0.996 0.8999999762
12825  -1.236  -60.403  -2.581 0.6999999881
13747  -1.022  -59.864  -3.154 0.5000000000
5931  2.429  -69.898  15.365 1.0000000000
6578  3.103  -69.317  14.736 1.0000000000
6563  4.289  -68.639  14.872 1.0000000000
5923  2.207  -69.671  16.903 1.0000000000
113158  4.954  -68.277  14.628 1.0000000000
6545  2.625  -69.091  17.401 1.0000000000
7146  0.022  -67.290  16.239 1.0000000000
7807  -1.384  -65.877  15.556 1.0000000000
8534  -2.336  -65.727  15.631 1.0000000000
9267  -2.739  -64.523  16.730 1.0000000000
7168  5.129  -67.954  13.675 1.0000000000
7138  0.367  -67.528  17.211 1.0000000000
8527  -1.792  -65.222  16.101 1.0000000000
10062  -2.576  -63.607  17.576 1.0000000000
7805  -0.025  -66.666  16.883 1.0000000000
9979  -3.540  -63.469  21.949 0.8000000119
7181  6.142  -67.635  13.278 1.0000000000
7137  0.979  -67.713  17.974 1.0000000000
7843  -1.249  -66.238  13.315 1.0000000000
10911  -3.310  -63.189  13.252 1.0000000000
127620  0.393  -66.301  12.543 1.0000000000
7889  6.024  -65.985  9.859 1.0000000000
7853  8.035  -66.047  12.003 1.0000000000
8592  6.369  -65.552  10.839 1.0000000000
8608  3.356  -65.888  10.158 1.0000000000
7867  2.259  -66.355  11.129 1.0000000000
9321  6.127  -65.039  11.945 1.0000000000
7885  1.848  -66.512  10.494 1.0000000000
11763  -1.391  -61.236  12.422 1.0000000000
9303  8.626  -64.625  13.323 1.0000000000
113723  3.590  -65.734  8.343 1.0000000000
7892  1.964  -66.507  9.428 1.0000000000
12616  -1.974  -60.547  10.482 0.8999999762
118208  -2.525  -58.846  12.051 0.8999999762
13482  -2.238  -59.056  13.175 0.8999999762
8545  9.342  -65.367  14.187 1.0000000000
7901  2.053  -66.397  8.384 1.0000000000
7916  2.125  -66.412  7.306 1.0000000000
8474  8.986  -66.339  19.327 1.0000000000
11794  -2.188  -61.618  7.232 0.8000000119
9231  9.921  -65.693  18.786 1.0000000000
11823  -2.285  -61.481  5.833 0.8000000119
111218  10.454  -65.007  19.129 1.0000000000
11010  -1.687  -62.251  5.814 0.8999999762
126003  -0.831  -62.497  4.348 1.0000000000
114482  -0.933  -62.328  3.582 1.0000000000
10249  0.406  -63.462  1.580 0.8999999762
11049  0.037  -62.820  2.297 1.0000000000
11073  -0.342  -62.403  0.659 0.8999999762
11904  -0.428  -61.687  -0.305 0.8000000119
12782  -0.595  -61.110  -0.784 0.6999999881
13719  -1.122  -59.730  -1.319 0.6000000238
119075  4.100  -68.747  15.641 1.0000000000
118967  3.612  -68.976  15.198 1.0000000000
111574  4.733  -68.478  15.670 1.0000000000
6544  3.256  -68.700  17.822 1.0000000000
8514  -0.069  -66.034  17.607 1.0000000000
8515  -0.353  -65.093  17.025 1.0000000000
125681  -1.770  -64.168  16.892 1.0000000000
10024  -3.160  -63.461  19.624 1.0000000000
128047  5.409  -68.244  15.237 1.0000000000
114387  -3.462  -63.414  20.507 0.8999999762
7804  6.334  -68.203  16.342 1.0000000000
7814  6.140  -68.116  15.369 1.0000000000
9308  -2.351  -65.114  13.856 1.0000000000
9310  -3.411  -64.303  13.503 1.0000000000
10908  -3.444  -63.031  14.015 1.0000000000
9336  6.102  -65.289  11.266 1.0000000000
7841  0.978  -65.992  13.037 1.0000000000
7842  -0.388  -66.334  12.915 1.0000000000
9301  -3.319  -64.104  14.128 1.0000000000
7803  7.218  -68.021  16.678 1.0000000000
8591  6.976  -65.629  11.192 1.0000000000
8606  4.909  -65.539  10.239 1.0000000000
8595  3.774  -65.768  11.588 1.0000000000
9309  -3.113  -64.730  13.736 1.0000000000
10104  -2.983  -63.701  14.626 1.0000000000
7802  8.021  -67.422  17.201 1.0000000000
9334  7.418  -65.255  11.773 1.0000000000
114283  3.091  -66.124  12.008 1.0000000000
8512  7.570  -67.416  18.386 1.0000000000
8574  8.477  -64.933  12.728 1.0000000000
120890  7.174  -64.280  13.046 1.0000000000
9305  6.148  -64.617  12.808 1.0000000000
8596  3.085  -66.150  11.148 1.0000000000
12605  -1.431  -60.639  11.909 1.0000000000
12596  -2.026  -59.896  12.421 1.0000000000
10098  8.883  -63.894  14.352 1.0000000000
9248  10.417  -64.462  16.954 1.0000000000
12661  -2.412  -60.736  7.385 0.6000000238
9210  9.644  -65.745  19.737 1.0000000000
9209  10.247  -65.016  20.069 1.0000000000
114367  -0.481  -61.655  0.477 0.8000000119
11034  -0.851  -62.238  2.741 0.8999999762
128400  -0.583  -60.556  -0.186 0.8000000119
7153  4.120  -68.590  16.402 1.0000000000
7127  2.629  -68.000  18.893 1.0000000000
7144  4.722  -68.336  16.727 1.0000000000
7796  0.383  -66.917  17.754 1.0000000000
114843  -0.336  -64.717  17.774 1.0000000000
9251  -0.953  -64.255  17.387 1.0000000000
10040  -2.061  -63.079  17.960 1.0000000000
10041  -2.685  -63.237  18.261 1.0000000000
7143  5.453  -68.295  16.091 1.0000000000
6535  3.140  -68.396  18.438 1.0000000000
10822  -3.103  -62.695  20.068 1.0000000000
10807  -3.521  -62.762  21.075 0.8999999762
9995  -3.613  -63.438  21.293 0.8000000119
9307  -1.371  -65.475  13.847 1.0000000000
9299  -1.690  -64.626  14.272 1.0000000000
125983  6.458  -68.173  17.221 1.0000000000
10907  -3.260  -62.331  14.287 1.0000000000
7793  7.057  -67.933  17.707 1.0000000000
8577  4.383  -65.501  12.118 1.0000000000
7840  1.828  -66.036  12.920 1.0000000000
10089  -3.214  -63.066  15.165 1.0000000000
8497  8.306  -66.862  18.897 1.0000000000
9319  7.842  -64.777  12.375 1.0000000000
12606  -2.180  -59.757  11.566 1.0000000000
13477  -2.204  -59.791  14.001 1.0000000000
8475  8.023  -66.637  19.731 1.0000000000
10079  9.395  -63.909  14.834 1.0000000000
9197  9.357  -65.675  20.587 1.0000000000
9259  10.166  -64.495  16.015 1.0000000000
7747  2.490  -67.099  20.176 1.0000000000
7145  3.996  -68.381  17.286 1.0000000000
7126  3.508  -67.990  18.859 1.0000000000
7785  2.076  -67.484  19.465 1.0000000000
8499  0.889  -66.425  18.940 1.0000000000
8500  0.199  -65.681  18.584 1.0000000000
9250  -0.154  -65.285  17.893 1.0000000000
10859  -2.359  -62.817  18.733 1.0000000000
7135  4.630  -68.171  17.741 1.0000000000
7125  4.349  -67.984  18.645 1.0000000000
7112  3.988  -67.700  19.425 1.0000000000
7784  5.286  -67.905  18.456 1.0000000000
7762  4.749  -67.716  19.162 1.0000000000
7113  3.024  -67.651  19.566 1.0000000000
7786  1.396  -67.093  19.089 1.0000000000
9298  -0.494  -64.840  14.195 1.0000000000
10102  -1.072  -63.962  14.650 1.0000000000
112647  -3.574  -62.898  22.569 0.8000000119
7794  6.157  -67.930  18.019 1.0000000000
7761  5.623  -67.334  19.764 1.0000000000
110728  5.267  -67.561  19.227 1.0000000000
8547  2.974  -65.215  13.937 1.0000000000
8548  2.043  -65.177  13.852 1.0000000000
9297  0.597  -64.626  14.233 1.0000000000
11751  -3.326  -62.321  15.181 1.0000000000
7782  6.831  -67.427  18.952 1.0000000000
8477  6.172  -67.035  20.396 1.0000000000
8554  5.113  -65.183  12.739 1.0000000000
8558  1.531  -65.648  13.443 1.0000000000
8549  1.137  -65.194  13.844 1.0000000000
10101  -0.002  -63.966  14.632 1.0000000000
10086  -0.596  -63.294  15.132 1.0000000000
10898  -2.909  -62.891  15.788 1.0000000000
8460  6.718  -66.606  20.912 1.0000000000
109380  4.039  -65.450  13.072 1.0000000000
121519  3.203  -65.726  13.335 1.0000000000
9278  1.025  -63.976  14.690 1.0000000000
10085  0.428  -63.233  15.049 1.0000000000
11742  -3.300  -61.455  15.463 1.0000000000
12575  -3.195  -60.611  15.828 1.0000000000
8498  7.391  -67.078  19.312 1.0000000000
8444  7.261  -66.315  21.411 1.0000000000
9306  5.199  -64.756  13.757 1.0000000000
10897  -1.279  -62.755  15.723 1.0000000000
12582  -2.697  -60.445  14.859 1.0000000000
108876  8.868  -65.521  21.490 1.0000000000
10099  8.164  -63.429  14.330 1.0000000000
9292  6.679  -63.890  14.012 1.0000000000
10100  7.236  -63.325  14.490 1.0000000000
10083  5.768  -62.999  15.263 1.0000000000
14445  -2.667  -57.771  12.633 0.8000000119
110232  -2.388  -58.866  14.045 0.8999999762
13469  -2.513  -59.305  14.695 0.8999999762
9198  8.622  -66.129  20.895 1.0000000000
114723  9.667  -63.582  15.401 1.0000000000
10081  7.842  -62.872  15.026 1.0000000000
9177  9.445  -64.827  22.019 1.0000000000
10067  10.027  -63.310  16.158 1.0000000000
116977  10.184  -64.300  21.587 1.0000000000
9230  10.638  -64.508  17.912 1.0000000000
10054  10.356  -63.283  16.881 1.0000000000
9991  10.653  -63.637  22.163 1.0000000000
10010  10.477  -64.369  20.635 1.0000000000
128237  10.686  -64.555  19.390 1.0000000000
120483  10.570  -63.180  17.337 1.0000000000
12711  -2.398  -60.244  4.654 0.6000000238
10009  10.912  -63.691  21.196 1.0000000000
10804  11.285  -63.098  21.821 1.0000000000
126944  10.884  -64.070  19.559 1.0000000000
8464  2.103  -65.599  20.985 1.0000000000
8479  1.510  -66.601  19.770 1.0000000000
114106  0.783  -65.679  19.500 1.0000000000
9213  0.792  -64.783  20.026 1.0000000000
7763  3.544  -67.259  20.177 1.0000000000
113082  -0.051  -64.175  18.902 1.0000000000
10039  -0.976  -63.397  18.003 1.0000000000
10038  0.125  -63.539  19.252 1.0000000000
10837  -1.829  -62.413  19.366 1.0000000000
10821  -2.362  -62.025  20.140 1.0000000000
11661  -3.121  -62.048  20.864 1.0000000000
9296  1.599  -64.611  14.299 1.0000000000
10793  -3.708  -62.852  21.901 0.8000000119
9964  -3.264  -63.047  23.090 0.6999999881
7744  5.164  -67.017  20.601 1.0000000000
10088  -2.654  -63.314  15.200 1.0000000000
10889  -2.306  -62.625  16.142 1.0000000000
8445  6.381  -66.218  21.905 1.0000000000
8461  5.733  -66.630  21.222 1.0000000000
8532  4.042  -64.490  14.272 1.0000000000
11737  -2.457  -62.466  17.119 1.0000000000
12576  -3.393  -61.493  16.283 1.0000000000
9179  8.055  -66.116  21.458 1.0000000000
9180  7.372  -65.947  22.099 1.0000000000
9293  5.659  -64.115  14.264 1.0000000000
110521  4.318  -64.942  14.111 1.0000000000
10084  1.395  -63.241  15.057 1.0000000000
10895  0.889  -62.569  15.449 1.0000000000
10888  -0.665  -62.303  16.298 1.0000000000
12570  -3.379  -60.798  16.725 1.0000000000
10068  8.787  -62.658  15.628 1.0000000000
10880  3.498  -62.122  16.933 1.0000000000
11723  2.994  -61.454  17.287 1.0000000000
131013  1.790  -60.883  17.526 1.0000000000
14438  -2.782  -57.928  13.658 0.8999999762
12569  -3.136  -59.873  16.262 0.8999999762
9160  8.184  -64.688  23.397 1.0000000000
10082  6.732  -62.895  15.213 1.0000000000
110960  -2.814  -58.796  15.196 0.8999999762
9974  9.676  -63.755  23.371 1.0000000000
10883  9.430  -62.465  16.216 1.0000000000
10069  7.337  -62.355  15.663 1.0000000000
10768  10.524  -62.263  23.617 1.0000000000
10036  10.917  -63.845  18.373 1.0000000000
10788  10.931  -62.889  22.794 1.0000000000
10833  10.915  -62.950  18.176 1.0000000000
11632  11.810  -61.406  22.376 1.0000000000
10815  11.395  -63.265  20.587 1.0000000000
10832  11.298  -63.146  19.395 1.0000000000
10814  11.874  -62.678  21.202 1.0000000000
8463  2.935  -65.510  21.462 1.0000000000
9200  2.234  -64.608  21.336 1.0000000000
9212  1.517  -64.651  20.704 1.0000000000
10022  1.027  -63.876  20.341 1.0000000000
8447  4.341  -65.869  22.060 1.0000000000
118050  3.776  -66.207  21.470 1.0000000000
7746  2.984  -66.518  20.881 1.0000000000
10037  0.464  -64.039  19.596 1.0000000000
10023  0.589  -63.394  20.043 1.0000000000
8438  4.902  -65.434  22.672 1.0000000000
8462  4.722  -66.519  21.405 1.0000000000
7745  4.134  -66.910  20.789 1.0000000000
10820  -1.252  -61.980  20.007 1.0000000000
110220  -3.490  -62.171  21.713 0.8999999762
8446  5.285  -66.159  22.029 1.0000000000
10819  -0.225  -62.128  20.058 1.0000000000
11673  -1.701  -61.462  20.636 1.0000000000
115869  4.641  -67.395  19.895 1.0000000000
9276  3.011  -64.082  14.730 1.0000000000
10890  -2.994  -62.493  16.476 1.0000000000
9948  -3.040  -62.495  23.872 0.6999999881
9275  3.768  -63.936  14.512 1.0000000000
9277  2.092  -63.936  14.800 1.0000000000
9169  6.587  -65.494  22.783 1.0000000000
12561  -3.329  -60.912  17.594 1.0000000000
9957  7.660  -64.157  24.252 1.0000000000
9168  7.647  -65.273  22.709 1.0000000000
9294  4.797  -64.370  14.275 1.0000000000
9274  4.553  -63.786  14.539 1.0000000000
10060  3.188  -62.558  16.405 1.0000000000
10887  0.392  -62.121  16.144 1.0000000000
11735  -0.224  -61.810  17.032 1.0000000000
11736  -1.356  -62.309  17.166 1.0000000000
113710  -3.346  -60.059  17.108 1.0000000000
10770  9.008  -62.989  24.531 1.0000000000
16285  -2.412  -55.960  13.994 0.6000000238
15362  -2.949  -57.092  14.956 0.8000000119
10769  9.745  -62.587  24.092 1.0000000000
9975  9.128  -64.461  23.001 1.0000000000
10873  9.974  -62.555  16.604 1.0000000000
16275  -2.646  -56.164  14.814 0.6999999881
11608  9.781  -61.622  24.083 1.0000000000
10884  8.072  -61.978  16.003 1.0000000000
10055  6.700  -61.941  16.220 1.0000000000
13456  -3.480  -59.256  17.323 0.8999999762
11633  11.239  -61.904  22.998 1.0000000000
10850  10.032  -62.205  16.814 1.0000000000
12468  11.283  -61.071  23.000 1.0000000000
13402  12.131  -59.753  21.827 1.0000000000
10787  11.655  -62.339  22.163 1.0000000000
10831  11.994  -62.713  20.046 1.0000000000
12488  12.338  -60.829  21.707 1.0000000000
11654  12.289  -61.807  21.495 1.0000000000
11684  11.058  -62.248  18.067 1.0000000000
11653  12.825  -61.287  20.781 1.0000000000
11668  12.607  -62.084  20.554 1.0000000000
9181  3.898  -64.918  22.470 1.0000000000
8448  3.585  -65.441  21.906 1.0000000000
9199  2.957  -64.555  21.970 1.0000000000
10818  0.685  -62.277  20.251 1.0000000000
9976  5.010  -64.640  23.296 1.0000000000
10817  1.323  -62.445  20.594 1.0000000000
11672  -0.681  -61.517  20.571 1.0000000000
12492  -2.500  -60.919  22.048 0.8000000119
9162  6.108  -64.822  23.529 1.0000000000
15207  1.501  -57.974  25.365 0.8999999762
10773  -3.312  -62.347  23.329 0.6999999881
9958  6.602  -64.253  24.272 1.0000000000
8437  5.761  -65.780  22.513 1.0000000000
113555  2.144  -63.212  15.263 1.0000000000
10075  1.718  -62.712  15.459 1.0000000000
9941  7.035  -63.514  24.885 1.0000000000
11727  -1.987  -62.261  17.909 1.0000000000
11728  -2.809  -62.173  17.971 1.0000000000
9940  8.064  -63.304  24.752 0.8999999762
9161  7.136  -64.846  23.566 1.0000000000
110600  3.397  -63.019  15.904 1.0000000000
11726  -1.052  -61.908  17.715 1.0000000000
11708  -2.332  -61.927  18.459 1.0000000000
11729  -3.117  -61.610  17.853 1.0000000000
10071  5.531  -62.568  15.844 1.0000000000
9262  4.387  -63.340  15.155 1.0000000000
12544  -3.131  -60.823  18.447 1.0000000000
10056  5.844  -62.095  16.434 1.0000000000
10057  5.337  -62.285  16.441 1.0000000000
13447  -3.340  -60.076  17.968 0.8999999762
126340  9.062  -61.169  24.311 1.0000000000
10879  4.371  -62.181  17.022 1.0000000000
12452  9.521  -60.509  24.088 1.0000000000
10851  7.930  -61.210  16.412 1.0000000000
10875  7.228  -61.550  16.419 1.0000000000
10876  6.141  -61.647  16.782 1.0000000000
11706  4.256  -61.327  18.114 1.0000000000
114187  10.861  -60.459  23.196 1.0000000000
11607  10.568  -61.154  23.593 1.0000000000
10853  5.956  -61.509  17.269 1.0000000000
13389  11.350  -59.139  22.591 1.0000000000
11683  11.701  -62.151  18.623 1.0000000000
13401  12.480  -59.227  21.058 1.0000000000
12487  12.797  -60.336  20.896 1.0000000000
12504  13.169  -60.880  20.017 1.0000000000
11681  13.034  -61.575  20.043 1.0000000000
11682  12.633  -62.027  19.543 1.0000000000
121245  13.249  -60.600  19.149 1.0000000000
10790  3.738  -63.276  23.252 1.0000000000
9978  3.263  -63.377  22.623 1.0000000000
9977  3.865  -64.196  23.112 1.0000000000
9992  3.329  -64.077  22.493 1.0000000000
10011  2.388  -63.827  21.596 1.0000000000
10816  1.773  -62.726  21.023 1.0000000000
10013  1.231  -63.071  20.547 1.0000000000
130855  4.396  -64.800  22.902 1.0000000000
10012  1.716  -63.627  21.062 1.0000000000
10758  5.428  -62.815  25.108 0.8999999762
14254  1.288  -58.760  25.938 0.8999999762
13340  0.535  -59.288  26.247 0.8999999762
11659  -1.112  -61.022  21.177 1.0000000000
11637  -3.227  -61.577  22.314 0.8000000119
10744  5.872  -62.235  25.478 0.8999999762
9959  5.588  -64.153  24.050 0.8999999762
15218  2.198  -57.540  24.827 0.8999999762
9935  -2.714  -62.543  24.523 0.6999999881
15219  1.000  -57.445  24.532 0.8999999762
15208  0.514  -58.002  25.377 0.8999999762
10074  2.513  -62.725  15.849 1.0000000000
10886  1.524  -62.109  16.047 1.0000000000
10747  -2.460  -62.425  25.591 0.6999999881
10756  7.372  -62.554  25.202 0.8999999762
10073  4.234  -62.939  15.804 1.0000000000
12541  -0.572  -60.888  18.716 1.0000000000
12542  -2.137  -61.243  18.883 1.0000000000
12439  7.644  -60.462  24.750 0.8999999762
130423  -1.318  -61.111  18.873 1.0000000000
12543  -2.831  -60.929  18.896 1.0000000000
12523  -3.007  -60.353  19.224 0.8999999762
11609  9.108  -61.986  24.539 1.0000000000
11701  8.480  -60.921  16.653 1.0000000000
12539  1.850  -60.466  18.057 1.0000000000
13422  0.567  -59.682  19.772 1.0000000000
126277  -0.522  -60.040  19.829 1.0000000000
12522  -2.363  -60.574  19.412 1.0000000000
125102  8.698  -60.480  24.337 0.8999999762
10854  5.459  -61.708  17.383 1.0000000000
12537  3.475  -60.272  18.578 1.0000000000
110086  -3.566  -57.605  15.873 0.8999999762
14408  -3.759  -58.325  17.433 0.8999999762
114850  -3.442  -59.219  18.201 0.8999999762
12469  10.230  -60.223  23.600 1.0000000000
10852  6.506  -61.234  17.020 1.0000000000
11705  5.111  -61.365  17.972 1.0000000000
129557  4.081  -60.380  18.653 1.0000000000
13390  10.523  -59.532  23.182 1.0000000000
11700  10.155  -61.607  17.004 1.0000000000
11702  7.023  -60.822  17.161 1.0000000000
11703  6.350  -61.091  17.516 1.0000000000
12534  6.371  -60.752  17.938 1.0000000000
120377  10.475  -61.076  17.205 1.0000000000
114190  11.881  -58.720  21.953 1.0000000000
12516  12.432  -61.572  18.623 1.0000000000
13406  13.003  -59.835  19.974 1.0000000000
12532  13.015  -61.019  18.473 1.0000000000
14371  13.084  -59.192  19.432 1.0000000000
10772  3.653  -62.537  23.447 0.8999999762
11610  4.149  -62.439  24.419 0.8999999762
11611  3.468  -61.817  24.188 0.8999999762
11588  2.996  -61.160  24.742 0.8999999762
11612  2.742  -61.286  23.523 0.8999999762
10805  2.671  -62.880  22.147 1.0000000000
11669  1.801  -62.073  21.042 1.0000000000
10745  5.253  -62.153  25.484 0.8999999762
10746  4.700  -62.335  25.163 0.8999999762
15205  2.923  -58.161  25.403 0.8999999762
14274  2.107  -59.124  26.190 0.8999999762
11635  2.410  -61.485  22.553 0.8999999762
11655  2.061  -61.789  21.773 1.0000000000
11670  1.115  -61.838  20.772 1.0000000000
9943  5.107  -63.430  24.384 0.8999999762
13356  0.355  -59.658  26.118 0.8999999762
12490  -0.552  -60.526  21.695 0.8999999762
12491  -1.535  -60.590  21.835 0.8999999762
12441  6.200  -60.548  25.497 0.8999999762
15217  3.239  -57.491  24.595 0.8999999762
14275  0.183  -58.636  26.026 0.8999999762
11658  -0.155  -61.057  21.109 1.0000000000
11613  -3.091  -61.698  23.940 0.8000000119
11586  6.649  -61.712  25.522 0.8999999762
16179  2.191  -55.867  22.705 0.8999999762
16171  0.656  -56.108  23.081 0.8000000119
16163  0.329  -56.763  23.710 0.8000000119
15220  -0.244  -57.228  24.493 0.6999999881
12440  7.103  -60.811  25.354 0.8999999762
11725  0.540  -61.194  17.430 1.0000000000
10885  2.531  -61.960  16.577 1.0000000000
11733  1.692  -61.543  16.639 1.0000000000
12558  1.167  -60.859  17.853 1.0000000000
13438  1.909  -59.883  18.854 1.0000000000
13425  -3.083  -59.659  19.636 0.8999999762
12470  8.662  -59.567  24.259 0.8999999762
13436  3.801  -59.628  18.780 1.0000000000
13437  2.911  -59.672  18.897 1.0000000000
13408  -2.250  -59.532  20.715 0.8999999762
14319  8.894  -57.897  23.397 0.8999999762
115909  9.553  -59.521  23.786 0.8999999762
12535  5.530  -60.680  18.250 1.0000000000
14396  -3.610  -58.425  18.431 0.8000000119
125911  -3.460  -58.505  19.298 0.8999999762
14334  10.669  -57.589  22.478 1.0000000000
13391  9.606  -58.623  23.436 0.8999999762
11686  7.449  -60.363  17.316 1.0000000000
12520  6.255  -60.040  18.158 1.0000000000
13417  6.165  -59.387  18.225 1.0000000000
119265  4.665  -60.111  18.513 1.0000000000
14333  11.501  -57.782  22.108 1.0000000000
129364  10.319  -60.379  16.973 1.0000000000
12517  8.859  -59.944  17.152 1.0000000000
12518  7.672  -59.898  17.464 1.0000000000
13430  10.872  -60.517  17.208 1.0000000000
129377  11.368  -61.138  17.753 1.0000000000
13414  7.767  -59.497  17.544 1.0000000000
14352  12.698  -58.537  20.393 1.0000000000
12555  12.757  -60.636  17.735 1.0000000000
14389  13.315  -59.301  18.428 1.0000000000
13429  13.253  -60.295  18.322 1.0000000000
11587  4.036  -61.884  25.159 0.8999999762
12471  2.046  -60.796  23.100 0.8999999762
12428  5.290  -60.954  25.915 0.8999999762
13352  4.348  -59.979  26.036 0.8999999762
12430  3.725  -60.547  25.924 0.8999999762
12431  2.807  -60.225  25.999 0.8999999762
13339  1.490  -59.388  26.214 0.8999999762
11636  1.656  -60.987  22.168 0.8999999762
11656  1.494  -61.416  21.343 1.0000000000
127520  1.067  -60.845  21.649 0.8999999762
123557  1.411  -60.351  22.832 0.8999999762
12473  0.034  -60.069  22.314 0.8999999762
13368  5.948  -59.454  25.011 0.8999999762
15231  2.631  -57.012  23.985 0.8999999762
13371  0.191  -59.879  25.708 0.8999999762
123657  -2.848  -60.938  22.878 0.8000000119
12459  -2.959  -61.067  23.674 0.6999999881
11589  -3.037  -61.565  24.732 0.6999999881
16170  1.540  -56.081  22.874 0.8000000119
12474  -0.947  -60.044  22.378 0.8999999762
124679  -2.862  -62.053  25.514 0.6999999881
14307  6.645  -58.339  24.023 0.8999999762
13381  6.211  -58.707  24.433 0.8999999762
14320  7.060  -57.777  23.551 0.8999999762
13367  6.765  -59.186  24.487 0.8999999762
17055  1.637  -55.457  22.482 0.8999999762
17056  0.720  -55.038  22.832 0.8000000119
16172  -0.208  -55.764  23.480 0.6999999881
13423  -1.741  -60.188  20.108 1.0000000000
15237  7.394  -57.215  22.834 0.8999999762
125017  7.374  -58.650  24.132 0.8999999762
114697  7.715  -57.901  23.599 0.8999999762
11685  8.753  -60.436  16.974 1.0000000000
13424  -2.681  -59.981  19.976 0.8999999762
15250  8.417  -56.912  22.005 0.8999999762
124560  8.297  -58.068  23.622 0.8999999762
13419  3.083  -58.967  19.172 1.0000000000
13420  2.312  -59.154  19.395 1.0000000000
13439  1.079  -60.007  19.235 1.0000000000
14379  0.023  -59.253  20.507 1.0000000000
13407  -1.136  -59.501  20.697 0.8999999762
14336  8.975  -57.277  22.732 0.8999999762
13415  7.172  -59.553  17.796 1.0000000000
13435  4.654  -59.214  18.574 1.0000000000
14378  1.023  -59.001  20.297 1.0000000000
14318  10.424  -58.296  22.996 1.0000000000
13431  9.548  -59.705  16.933 1.0000000000
13433  7.554  -59.127  17.795 1.0000000000
14394  5.613  -58.855  18.410 1.0000000000
15247  11.855  -57.283  21.685 1.0000000000
15248  10.844  -56.909  21.933 1.0000000000
14332  12.180  -58.204  21.364 1.0000000000
127458  12.982  -58.295  19.420 1.0000000000
15271  12.774  -57.502  20.360 1.0000000000
13443  13.203  -59.958  17.399 1.0000000000
13444  12.299  -60.335  16.821 1.0000000000
13445  10.956  -60.338  17.012 1.0000000000
15309  13.296  -58.818  17.364 1.0000000000
13453  12.810  -59.428  16.474 1.0000000000
122219  13.250  -58.177  18.473 1.0000000000
13462  12.272  -59.212  15.894 1.0000000000
13369  5.007  -59.264  25.454 0.8999999762
14294  3.762  -58.256  25.148 0.8999999762
12432  1.928  -60.169  25.932 0.8999999762
13355  1.290  -59.736  26.116 0.8999999762
13382  0.954  -59.899  24.648 0.8999999762
12457  0.682  -59.902  23.226 0.8999999762
14292  5.512  -58.612  24.629 0.8999999762
14293  4.645  -58.424  24.899 0.8999999762
12458  -2.508  -60.445  23.510 0.8000000119
123585  5.935  -58.079  24.062 0.8999999762
117929  -2.755  -60.597  24.108 0.6999999881
14321  6.353  -57.584  23.573 0.8999999762
14337  8.157  -57.272  22.956 0.8999999762
14373  6.415  -58.989  18.261 1.0000000000
14376  2.530  -58.437  19.573 1.0000000000
14377  1.849  -58.689  19.952 1.0000000000
16185  8.749  -56.560  21.291 0.8999999762
13416  6.668  -59.461  18.010 1.0000000000
13418  3.765  -58.721  18.811 1.0000000000
13409  -2.993  -59.356  20.485 0.8999999762
14380  -3.315  -58.968  19.985 0.8999999762
127466  10.591  -56.277  21.323 1.0000000000
16199  9.140  -56.162  20.600 0.8999999762
16184  9.766  -56.450  21.498 0.8999999762
15293  -3.514  -56.684  18.092 0.6999999881
15276  -3.525  -58.059  20.057 0.8999999762
16183  11.421  -56.514  21.490 1.0000000000
14390  8.911  -59.248  17.150 1.0000000000
16196  12.568  -56.670  20.909 1.0000000000
15246  12.366  -57.523  21.050 1.0000000000
16210  13.017  -56.745  20.375 1.0000000000
15270  13.204  -57.329  19.500 1.0000000000
14402  13.014  -58.562  16.543 1.0000000000
15209  -0.913  -57.722  25.421 0.6999999881
15239  5.272  -56.827  23.274 0.8999999762
14308  5.140  -57.834  24.242 0.8999999762
123627  3.609  -56.700  23.669 0.8999999762
16178  2.983  -55.951  22.852 0.8999999762
13383  -0.056  -59.755  24.313 0.8999999762
15238  5.987  -56.944  23.093 0.8999999762
17063  2.310  -55.232  22.180 0.8999999762
17916  1.858  -54.173  21.752 0.6999999881
17064  1.373  -54.634  22.258 0.8000000119
13341  -0.499  -59.291  26.376 0.8000000119
13357  -0.630  -59.634  26.206 0.8000000119
13372  -0.855  -59.711  25.183 0.8000000119
13373  -1.790  -59.813  24.553 0.8000000119
15252  6.309  -56.675  22.316 0.8999999762
113953  6.732  -57.129  22.876 0.8999999762
18769  3.129  -53.330  20.512 0.6999999881
17915  2.929  -54.661  21.521 0.6999999881
17912  -0.093  -54.798  23.623 0.6000000238
16164  -0.647  -56.413  23.984 0.6999999881
15221  -1.313  -56.738  24.573 0.6999999881
14276  -0.671  -58.786  26.391 0.6999999881
13342  -1.500  -59.212  26.469 0.6999999881
14255  -2.357  -58.394  26.821 0.6000000238
13374  -2.422  -60.129  24.213 0.6999999881
11567  -3.029  -61.483  25.588 0.6999999881
15251  6.961  -56.919  22.077 0.8999999762
19659  3.528  -52.418  20.462 0.5000000000
17922  2.419  -53.527  21.249 0.6999999881
17057  -0.672  -55.214  23.874 0.6000000238
17052  -1.543  -55.717  24.624 0.6000000238
14277  -1.774  -57.747  26.135 0.6999999881
120150  -1.388  -58.836  26.538 0.6000000238
13359  -2.528  -60.198  25.901 0.6000000238
16187  7.278  -56.598  21.451 0.8999999762
19660  2.791  -52.576  21.153 0.6000000238
18762  1.712  -53.159  22.100 0.6999999881
17917  1.315  -53.716  22.319 0.6999999881
115952  0.366  -53.994  23.531 0.6000000238
117430  -1.861  -56.921  25.686 0.6000000238
13343  -2.587  -59.318  26.678 0.6999999881
12433  -2.922  -60.680  25.874 0.6999999881
17085  7.483  -55.987  19.925 0.8999999762
118397  7.662  -56.923  22.029 0.8999999762
16234  4.680  -56.276  18.256 1.0000000000
15274  2.716  -57.795  19.579 1.0000000000
15275  2.159  -57.970  20.052 1.0000000000
14354  0.516  -58.414  20.822 0.8999999762
16200  8.241  -56.298  20.438 0.8999999762
16186  7.954  -56.662  21.260 0.8999999762
114767  6.971  -58.409  18.390 1.0000000000
15290  5.755  -57.683  18.508 1.0000000000
113351  5.454  -58.151  18.546 1.0000000000
14395  4.564  -58.294  18.619 1.0000000000
15264  -1.417  -58.195  21.672 0.8999999762
14358  -3.212  -58.588  20.798 0.8999999762
16198  9.998  -56.013  20.629 0.8999999762
17084  8.740  -56.068  19.914 0.8999999762
15310  9.119  -58.264  16.890 1.0000000000
14391  8.093  -58.939  17.632 1.0000000000
14372  6.953  -58.958  18.166 1.0000000000
14353  1.378  -58.161  20.444 1.0000000000
14355  -0.598  -58.609  21.200 0.8999999762
16197  10.991  -55.867  20.819 1.0000000000
13455  11.318  -59.870  16.363 1.0000000000
14403  10.257  -59.583  16.677 1.0000000000
15289  6.571  -57.785  18.361 1.0000000000
15291  4.933  -57.571  18.625 1.0000000000
15262  0.948  -57.446  20.991 0.8999999762
122250  11.977  -56.211  21.162 1.0000000000
14420  12.015  -58.663  15.455 1.0000000000
15311  8.432  -57.891  17.261 1.0000000000
14406  7.864  -57.688  17.562 1.0000000000
124826  -3.334  -56.230  18.690 0.6999999881
16215  -3.613  -56.266  19.881 0.8000000119
116241  -3.741  -57.218  20.651 0.8000000119
16195  13.122  -56.153  20.652 1.0000000000
128335  13.285  -57.836  16.968 1.0000000000
15333  12.966  -57.898  16.120 1.0000000000
14421  11.203  -58.501  15.507 1.0000000000
14412  10.739  -59.078  16.050 1.0000000000
113479  13.820  -56.684  19.070 1.0000000000
15334  10.345  -58.185  15.793 1.0000000000
15287  13.577  -57.477  18.428 1.0000000000
15354  11.636  -57.924  15.088 1.0000000000
15353  12.436  -57.876  15.262 1.0000000000
19750  14.927  -52.766  14.614 1.0000000000
17060  5.246  -55.650  22.113 0.8999999762
16176  5.462  -56.281  22.691 0.8999999762
17061  4.493  -55.625  22.543 0.8999999762
17069  5.487  -55.300  21.455 0.8999999762
17071  3.906  -55.094  21.897 0.8999999762
110181  -2.326  -60.071  25.022 0.6999999881
126748  6.283  -55.403  20.252 0.8999999762
18782  3.751  -53.216  19.821 0.6999999881
17936  3.940  -54.121  20.320 0.8000000119
17921  3.164  -54.107  20.829 0.8999999762
16188  6.634  -56.339  21.673 0.8999999762
16152  -1.766  -56.659  25.790 0.6000000238
17099  7.666  -55.598  19.111 0.8999999762
19642  2.257  -52.506  21.926 0.5000000000
17908  0.002  -54.287  24.258 0.6000000238
17047  -1.215  -55.261  24.801 0.6000000238
16158  -1.755  -56.322  25.212 0.6000000238
126053  8.164  -56.036  19.658 0.8999999762
16211  3.472  -56.872  18.986 1.0000000000
16212  2.819  -56.571  19.582 1.0000000000
120461  8.685  -55.796  19.153 0.8999999762
15313  6.030  -57.058  18.030 1.0000000000
17083  9.386  -55.866  19.828 0.8999999762
16232  6.386  -56.497  17.316 1.0000000000
16220  5.225  -56.975  18.429 1.0000000000
121931  2.903  -57.250  19.453 1.0000000000
115887  2.432  -57.224  19.913 1.0000000000
113923  0.136  -57.106  21.456 0.8999999762
15263  -0.653  -57.671  21.594 0.8999999762
127683  11.129  -55.163  19.986 0.8999999762
15261  1.747  -57.316  20.380 0.8999999762
14339  -3.088  -58.013  21.535 0.8999999762
15352  12.998  -57.193  15.665 1.0000000000
15335  9.549  -57.781  16.186 1.0000000000
127447  7.954  -57.091  16.966 1.0000000000
16244  7.588  -56.402  16.487 1.0000000000
16206  -3.908  -56.461  21.221 0.8000000119
17080  13.571  -55.451  20.468 1.0000000000
16219  13.980  -56.877  18.025 1.0000000000
15332  13.310  -57.320  16.375 1.0000000000
15336  8.778  -57.395  16.579 1.0000000000
16209  13.608  -56.248  20.118 1.0000000000
16241  14.395  -56.135  16.913 1.0000000000
15355  10.808  -57.714  15.217 1.0000000000
15374  10.529  -56.898  14.985 1.0000000000
15356  9.157  -56.907  15.847 1.0000000000
16208  14.187  -55.967  19.473 1.0000000000
16218  14.353  -56.145  18.516 1.0000000000
15372  11.946  -57.212  14.801 1.0000000000
17070  4.693  -55.108  21.768 0.8999999762
17087  5.616  -55.088  20.510 0.8999999762
17935  4.992  -54.514  20.144 0.8999999762
110627  3.917  -54.631  21.220 0.8999999762
18806  7.028  -54.418  18.095 0.8999999762
17048  -1.719  -55.821  24.979 0.6000000238
17113  7.500  -55.104  18.404 0.8999999762
17947  6.970  -55.152  18.746 0.8999999762
20561  4.796  -51.871  19.200 0.5000000000
14256  -2.941  -58.434  27.172 0.6000000238
124340  -3.116  -59.253  27.103 0.6000000238
17962  7.818  -54.661  17.799 0.8999999762
118013  4.263  -53.140  19.286 0.6999999881
14233  -3.222  -58.770  27.506 0.6000000238
128313  8.971  -55.349  18.486 0.8999999762
17111  9.595  -55.060  18.191 0.8999999762
16233  5.477  -56.241  17.662 1.0000000000
17946  10.906  -54.735  18.821 0.8999999762
17098  9.520  -55.500  19.056 0.8999999762
16222  3.992  -56.192  18.713 1.0000000000
15253  -1.701  -57.327  22.132 0.8999999762
16256  8.624  -56.012  15.557 1.0000000000
16257  7.914  -56.107  15.962 1.0000000000
16245  6.846  -56.131  16.636 1.0000000000
17123  6.032  -55.729  16.800 1.0000000000
17114  3.693  -55.421  18.517 1.0000000000
17102  2.618  -55.657  19.595 0.8999999762
16204  0.792  -56.492  21.146 0.8999999762
17081  12.662  -55.731  20.814 1.0000000000
17932  13.090  -54.876  20.578 1.0000000000
17155  13.255  -55.691  14.752 1.0000000000
16269  11.211  -56.475  14.645 1.0000000000
16255  9.663  -56.348  15.162 1.0000000000
16243  8.331  -56.632  16.225 1.0000000000
17135  6.692  -55.508  16.192 1.0000000000
109497  4.229  -55.705  18.185 1.0000000000
17963  3.442  -54.594  18.257 0.8999999762
17115  3.093  -55.049  19.015 0.8999999762
16203  1.417  -56.705  20.693 0.8999999762
15255  -3.620  -57.138  21.754 0.8999999762
17144  14.726  -55.307  15.605 1.0000000000
16268  12.141  -56.391  14.621 1.0000000000
17147  7.811  -55.558  15.617 1.0000000000
16270  10.373  -56.175  14.741 1.0000000000
17110  14.865  -55.552  18.694 1.0000000000
17157  11.583  -55.635  14.448 1.0000000000
16271  9.878  -55.536  14.712 1.0000000000
128366  13.569  -56.815  16.039 1.0000000000
16253  13.389  -56.416  15.276 1.0000000000
17158  10.701  -55.577  14.513 1.0000000000
18845  16.230  -53.631  14.760 1.0000000000
18794  5.668  -53.708  18.640 0.8000000119
17949  5.377  -54.342  19.402 0.8999999762
17950  4.481  -53.850  19.597 0.8999999762
18795  4.854  -53.479  18.944 0.8000000119
17975  8.162  -53.969  17.132 0.8000000119
17976  7.542  -53.904  17.508 0.8000000119
20560  5.680  -51.275  19.180 0.5000000000
17974  8.994  -53.978  16.902 0.8999999762
19710  5.173  -52.305  18.606 0.6000000238
17973  9.968  -53.880  16.897 0.8999999762
109349  9.551  -54.585  17.376 0.8999999762
17101  3.318  -55.953  19.131 1.0000000000
17103  1.895  -55.364  20.052 0.8999999762
17959  11.217  -54.218  18.239 0.8999999762
17960  10.371  -54.595  17.878 0.8999999762
114504  5.315  -55.468  17.198 1.0000000000
17088  1.379  -55.923  20.637 0.8999999762
127473  -0.654  -56.940  21.900 0.8999999762
17945  11.642  -54.571  19.365 0.8999999762
17104  1.284  -55.152  20.491 0.8999999762
16191  -2.520  -56.365  22.482 0.8999999762
17943  13.424  -54.199  20.218 1.0000000000
18857  12.408  -54.110  14.312 1.0000000000
17136  5.508  -54.977  16.621 1.0000000000
17137  4.761  -54.840  17.175 1.0000000000
17953  0.792  -54.624  20.623 0.8999999762
17079  14.387  -55.009  20.265 1.0000000000
18005  13.751  -55.014  14.752 1.0000000000
120099  13.351  -54.207  14.395 1.0000000000
17146  9.167  -55.522  15.055 1.0000000000
17160  7.496  -54.904  15.365 1.0000000000
109042  6.122  -55.108  16.215 1.0000000000
17109  15.274  -54.956  19.046 1.0000000000
17983  15.428  -54.615  15.812 1.0000000000
18007  11.970  -54.875  14.341 1.0000000000
113229  10.196  -54.793  14.480 1.0000000000
112680  9.253  -54.755  14.678 1.0000000000
17159  8.377  -55.056  15.094 1.0000000000
17132  15.246  -55.134  16.907 1.0000000000
18008  11.072  -54.839  14.340 1.0000000000
125410  8.539  -54.370  14.738 1.0000000000
17992  16.024  -53.754  15.140 1.0000000000
18822  7.100  -53.328  17.667 0.8000000119
18823  6.533  -52.675  17.866 0.6999999881
117474  5.904  -52.993  18.150 0.6999999881
19723  8.393  -52.653  17.437 0.6999999881
20579  6.149  -51.619  18.431 0.6000000238
18821  8.553  -53.209  16.832 0.6999999881
111155  7.833  -53.163  17.273 0.8000000119
20578  6.959  -51.544  18.479 0.6000000238
19720  11.405  -52.326  16.790 0.6000000238
19732  9.533  -52.719  16.741 0.6000000238
18820  10.684  -53.199  16.828 0.6000000238
18805  11.694  -53.525  17.409 0.6999999881
17972  10.837  -53.989  17.311 0.8000000119
18804  12.624  -53.348  18.166 0.8000000119
17977  3.813  -54.261  17.577 1.0000000000
17964  2.765  -54.189  18.727 0.8999999762
18793  12.986  -53.779  19.314 0.8999999762
17958  12.168  -54.031  18.705 0.8999999762
17996  6.459  -54.025  15.360 1.0000000000
17985  5.049  -54.274  16.501 1.0000000000
16190  -1.267  -56.249  22.186 0.8999999762
17931  13.903  -54.650  20.391 1.0000000000
124903  14.073  -54.047  20.261 1.0000000000
17944  12.579  -54.359  19.972 0.8999999762
119824  11.936  -53.276  14.428 1.0000000000
119823  11.025  -53.281  14.431 1.0000000000
17094  15.076  -54.681  19.887 1.0000000000
18848  5.795  -53.515  15.550 1.0000000000
18835  5.270  -53.768  16.009 1.0000000000
17957  15.754  -54.462  18.150 1.0000000000
118772  9.758  -54.011  14.497 1.0000000000
18010  7.822  -54.243  14.886 1.0000000000
17971  15.706  -54.586  16.919 1.0000000000
17993  15.183  -54.620  15.251 1.0000000000
118344  11.486  -54.066  14.350 1.0000000000
18009  8.960  -53.911  14.583 1.0000000000
18818  15.924  -53.863  15.927 1.0000000000
18004  14.418  -54.332  14.809 1.0000000000
20576  10.611  -51.237  17.759 0.5000000000
19705  10.061  -51.804  17.330 0.6000000238
19707  8.621  -52.238  17.967 0.4000000060
19721  10.208  -52.313  16.754 0.6000000238
18819  12.320  -52.822  17.256 0.6999999881
121877  2.081  -50.865  17.560 0.8999999762
20601  1.798  -51.391  17.943 0.8999999762
20581  1.438  -51.927  18.508 0.8999999762
19704  13.047  -52.612  17.783 0.6999999881
126732  13.823  -52.271  18.584 0.6999999881
18803  13.399  -53.104  18.914 0.6999999881
20612  2.265  -51.361  17.092 1.0000000000
18825  2.455  -52.784  17.733 0.8999999762
18810  2.350  -53.359  18.448 0.8999999762
17090  -0.567  -55.404  21.738 0.8999999762
19688  14.156  -52.935  19.552 0.6999999881
19741  5.751  -52.623  15.191 1.0000000000
19742  4.394  -52.228  15.795 1.0000000000
19733  4.411  -52.880  16.233 1.0000000000
18838  3.210  -52.816  17.092 1.0000000000
18824  3.135  -53.646  17.895 1.0000000000
17929  15.414  -53.920  19.895 1.0000000000
18780  15.150  -53.385  20.054 1.0000000000
118342  12.436  -52.464  14.385 1.0000000000
118831  11.475  -52.452  14.495 1.0000000000
120801  10.552  -52.535  14.488 1.0000000000
18847  6.449  -53.173  15.056 1.0000000000
18791  15.960  -53.711  19.359 1.0000000000
119048  8.322  -53.843  14.611 1.0000000000
18849  5.075  -52.946  15.814 1.0000000000
119674  12.872  -53.332  14.255 1.0000000000
18858  9.375  -53.249  14.451 1.0000000000
18859  8.555  -53.222  14.453 1.0000000000
19753  7.910  -52.483  14.392 1.0000000000
18861  7.103  -52.859  14.603 1.0000000000
18855  15.645  -53.450  14.878 1.0000000000
18844  16.498  -53.370  14.647 1.0000000000
117197  16.381  -53.435  14.616 1.0000000000
19749  15.884  -52.906  14.780 1.0000000000
20598  11.197  -50.628  17.166 0.4000000060
19719  12.386  -51.951  16.964 0.6000000238
119362  11.598  -51.322  16.783 0.6000000238
19703  13.190  -51.728  17.540 0.6000000238
21475  2.433  -50.337  17.983 0.8999999762
121645  1.578  -51.236  18.976 0.8999999762
123916  14.286  -51.661  18.881 0.6999999881
20574  13.913  -51.412  17.961 0.6999999881
20582  1.096  -51.810  19.572 0.8999999762
19687  14.567  -52.234  19.519 0.6999999881
21487  2.476  -50.608  16.981 1.0000000000
18812  1.159  -53.157  19.615 0.8999999762
18783  0.536  -53.234  20.404 0.8999999762
20532  15.265  -52.085  19.898 0.6999999881
21486  3.191  -50.322  16.488 1.0000000000
124631  4.432  -51.557  15.396 1.0000000000
19734  3.758  -52.425  16.337 1.0000000000
19725  2.419  -52.155  17.153 1.0000000000
19726  1.906  -52.076  17.794 0.8999999762
18797  0.958  -53.859  20.142 0.8999999762
19671  16.134  -52.392  19.832 0.8000000119
20631  11.993  -51.631  14.501 1.0000000000
114037  7.033  -52.012  14.401 1.0000000000
17965  2.079  -53.856  19.211 0.8999999762
17937  0.105  -53.989  20.995 0.8999999762
19702  16.877  -52.702  18.168 1.0000000000
113994  13.034  -51.593  14.391 1.0000000000
20632  10.950  -51.560  14.569 1.0000000000
20634  8.361  -51.609  14.413 1.0000000000
19752  9.028  -52.376  14.346 1.0000000000
19754  6.393  -52.301  14.693 1.0000000000
19718  16.891  -52.616  16.822 1.0000000000
121235  14.158  -51.974  14.306 1.0000000000
121345  9.945  -51.935  14.452 1.0000000000
20636  6.345  -51.496  14.594 1.0000000000
19731  17.039  -52.642  15.585 1.0000000000
18831  16.546  -53.292  15.250 1.0000000000
20620  17.184  -51.059  15.514 1.0000000000
122135  16.100  -52.271  14.832 1.0000000000
20630  14.653  -51.160  14.511 1.0000000000
20596  13.176  -50.902  17.401 0.4000000060
20573  14.402  -50.884  18.691 0.5000000000
20554  14.868  -51.527  19.463 0.6999999881
20553  15.474  -51.433  19.848 0.6999999881
21504  3.637  -50.585  15.813 1.0000000000
21513  12.428  -50.951  14.545 1.0000000000
116747  7.760  -51.031  14.568 1.0000000000
19756  4.982  -51.279  15.073 1.0000000000
20594  17.248  -52.090  16.224 1.0000000000
20633  9.266  -51.409  14.481 1.0000000000
20635  7.008  -51.253  14.481 1.0000000000
21512  13.133  -50.547  14.579 1.0000000000
20610  16.778  -51.902  15.357 1.0000000000
20609  17.345  -51.312  15.644 1.0000000000
114229  13.802  -51.110  14.405 1.0000000000
21516  10.123  -51.037  14.646 1.0000000000
21469  13.626  -49.993  17.450 0.4000000060
21453  14.899  -50.122  18.927 0.5000000000
22302  2.489  -49.788  18.740 0.8000000119
22284  2.058  -49.876  19.627 0.8999999762
21439  15.198  -50.823  19.531 0.6000000238
22322  3.705  -49.565  18.013 1.0000000000
21474  3.131  -50.097  17.554 0.8999999762
21457  2.391  -50.098  19.008 0.8999999762
21458  1.987  -50.369  19.579 0.8999999762
22282  15.642  -50.016  19.832 0.6000000238
23196  4.911  -49.017  18.221 1.0000000000
21418  16.424  -50.935  19.943 0.8000000119
22320  5.309  -49.286  17.779 1.0000000000
22336  5.635  -49.569  16.805 1.0000000000
21485  3.977  -49.987  16.097 1.0000000000
20572  17.396  -51.723  18.488 0.8999999762
120297  17.203  -51.657  19.267 0.8000000119
22368  11.588  -50.147  14.734 1.0000000000
23194  6.307  -48.508  17.813 1.0000000000
22335  6.544  -49.348  16.704 1.0000000000
21484  4.927  -49.976  15.758 1.0000000000
112443  17.569  -51.492  17.522 1.0000000000
19701  17.244  -52.137  17.650 1.0000000000
21515  10.934  -50.534  14.677 1.0000000000
21519  6.353  -50.803  14.669 1.0000000000
129391  12.887  -49.966  14.687 1.0000000000
21518  7.111  -50.586  14.715 1.0000000000
21495  17.352  -50.499  15.704 1.0000000000
22366  13.445  -49.679  14.674 1.0000000000
129362  9.480  -50.659  14.751 1.0000000000
21517  8.627  -50.709  14.710 1.0000000000
20622  15.675  -51.315  14.811 1.0000000000
22365  14.414  -49.600  14.749 1.0000000000
21511  14.089  -50.378  14.502 1.0000000000
21510  15.091  -50.363  14.760 1.0000000000
22316  13.783  -49.428  17.614 0.4000000060
23171  15.013  -48.678  18.808 0.5000000000
22297  15.137  -49.466  19.169 0.6000000238
23177  3.422  -48.708  18.070 0.8000000119
22281  16.300  -49.363  20.348 0.6000000238
22301  3.253  -49.399  18.316 0.8999999762
115522  17.168  -50.033  20.391 0.6999999881
127103  17.359  -50.604  19.890 0.6999999881
23208  7.621  -48.287  16.760 1.0000000000
21452  17.835  -50.731  18.142 0.8000000119
22367  12.658  -49.468  14.775 1.0000000000
22352  11.135  -49.703  14.894 1.0000000000
21497  10.180  -50.036  14.962 1.0000000000
22333  8.167  -48.761  16.155 1.0000000000
22334  7.357  -49.040  16.466 1.0000000000
22356  6.957  -49.665  15.827 1.0000000000
21468  17.829  -50.639  17.006 0.8999999762
21483  17.644  -50.543  16.155 1.0000000000
21498  9.179  -49.985  15.079 1.0000000000
130927  8.447  -50.007  15.220 1.0000000000
21500  7.284  -50.075  15.237 1.0000000000
22332  18.292  -49.761  16.852 0.8999999762
23218  17.073  -48.808  15.661 1.0000000000
22349  16.884  -49.621  15.499 1.0000000000
127073  16.192  -49.601  15.286 1.0000000000
22350  14.630  -48.923  15.033 1.0000000000
23235  13.847  -48.940  14.885 1.0000000000
124264  15.427  -49.452  15.080 1.0000000000
23172  14.104  -48.717  17.972 0.4000000060
124136  15.098  -47.911  18.984 0.5000000000
23160  15.487  -48.324  19.747 0.5000000000
23176  4.373  -48.547  18.045 0.8999999762
22270  16.965  -49.385  20.683 0.6999999881
23159  16.066  -48.022  20.403 0.6000000238
124083  16.036  -48.687  20.255 0.6000000238
23195  5.654  -48.870  18.143 1.0000000000
119639  2.620  -48.097  17.802 0.8000000119
126599  17.463  -49.292  20.487 0.6999999881
24108  7.549  -47.737  16.905 1.0000000000
23209  6.834  -48.736  17.233 1.0000000000
24978  2.396  -47.260  17.569 0.6999999881
116323  11.408  -48.346  15.347 1.0000000000
23224  10.751  -48.161  15.685 1.0000000000
22353  9.669  -49.208  15.511 1.0000000000
126097  18.431  -49.673  18.878 0.6999999881
107980  10.695  -49.017  15.421 1.0000000000
22315  18.960  -49.242  17.220 0.8000000119
23222  12.302  -48.580  15.003 1.0000000000
22355  7.846  -49.580  15.669 1.0000000000
108045  18.522  -49.236  16.664 0.8000000119
22348  17.672  -49.561  16.164 0.8999999762
23223  11.510  -49.044  15.110 1.0000000000
22354  8.713  -49.285  15.516 1.0000000000
23220  14.247  -48.267  15.163 1.0000000000
25032  12.614  -46.597  15.476 1.0000000000
24116  16.355  -48.059  15.537 1.0000000000
24067  15.422  -47.554  19.735 0.4000000060
110291  16.758  -47.814  20.984 0.6999999881
24057  15.976  -47.101  20.494 0.5000000000
24095  5.678  -48.176  17.941 1.0000000000
24078  4.728  -47.736  17.679 0.8000000119
23150  17.433  -48.493  20.752 0.6999999881
23158  18.661  -47.985  19.484 0.6999999881
22269  18.141  -48.743  20.266 0.6999999881
24121  11.199  -47.534  15.557 1.0000000000
24106  9.605  -47.700  16.326 1.0000000000
24079  3.495  -47.689  17.657 0.8000000119
24066  18.993  -47.135  19.754 0.6999999881
22295  19.086  -49.122  18.165 0.8000000119
23189  19.079  -48.472  17.572 0.6999999881
113059  11.881  -47.740  15.288 1.0000000000
24091  18.612  -47.654  16.977 0.6999999881
24120  12.715  -47.454  15.264 1.0000000000
23205  17.814  -48.675  16.291 0.8999999762
24118  14.718  -47.578  15.384 1.0000000000
24119  13.766  -47.505  15.305 1.0000000000
25030  14.300  -46.797  15.535 1.0000000000
24058  15.239  -46.851  19.694 0.4000000060
24953  15.443  -46.311  20.177 0.5000000000
24080  1.594  -47.857  17.894 0.6999999881
24055  18.439  -46.896  20.552 0.6999999881
24047  16.821  -46.933  21.177 0.6999999881
24992  4.706  -46.771  17.032 0.8000000119
24096  3.820  -46.756  17.218 0.8000000119
24993  2.991  -46.751  17.359 0.6999999881
113653  8.139  -47.773  16.652 1.0000000000
118173  3.391  -45.112  16.813 0.6999999881
24990  18.608  -46.789  17.320 0.6999999881
25007  17.974  -46.838  16.501 0.6999999881
124817  11.841  -46.872  15.479 1.0000000000
129390  17.457  -47.184  16.153 0.6999999881
24104  16.995  -47.483  15.905 0.8999999762
25009  16.109  -47.192  15.798 1.0000000000
116891  14.864  -46.144  15.833 0.8999999762
25031  13.373  -46.703  15.472 1.0000000000
25962  12.977  -45.956  15.680 1.0000000000
25029  15.213  -46.942  15.638 1.0000000000
25961  13.894  -45.987  15.759 1.0000000000
26810  15.812  -45.142  21.291 0.4000000060
25872  16.313  -45.594  21.342 0.6000000238
24940  16.137  -46.340  21.045 0.6000000238
25014  8.076  -47.164  16.688 1.0000000000
23193  6.965  -48.073  17.347 1.0000000000
114480  5.571  -47.421  17.493 1.0000000000
24979  1.579  -46.942  17.679 0.6999999881
25871  17.038  -45.323  21.413 0.6999999881
24951  18.402  -46.003  20.519 0.6999999881
117054  9.618  -46.989  16.473 1.0000000000
25013  8.917  -46.635  16.740 1.0000000000
24094  6.328  -47.780  17.580 1.0000000000
25922  3.066  -45.988  16.882 0.6999999881
25923  2.547  -45.522  17.020 0.6999999881
24989  19.171  -46.831  18.028 0.6999999881
26841  19.230  -44.772  19.537 0.6999999881
25918  18.665  -45.973  17.955 0.6999999881
25010  11.451  -46.104  15.768 1.0000000000
25963  12.182  -46.060  15.635 1.0000000000
123477  11.805  -45.566  15.846 1.0000000000
25942  10.271  -45.583  16.405 1.0000000000
121490  18.320  -45.954  16.911 0.6999999881
25940  12.441  -45.361  15.870 1.0000000000
25008  16.922  -46.679  16.105 0.8000000119
25936  16.488  -45.812  16.279 0.8000000119
25937  15.513  -45.540  16.147 0.8000000119
25939  13.387  -45.071  16.023 1.0000000000
26809  16.447  -44.829  21.469 0.4000000060
24093  7.081  -47.348  17.049 1.0000000000
24991  6.214  -47.031  17.175 0.8999999762
26808  17.187  -44.546  21.286 0.6000000238
111451  8.276  -46.270  16.628 0.8999999762
26825  19.063  -44.153  20.172 0.6000000238
25016  5.769  -46.207  16.388 0.8000000119
25906  19.210  -45.512  18.936 0.6999999881
25919  18.474  -45.130  17.386 0.6999999881
123198  10.834  -46.061  16.047 1.0000000000
25947  5.345  -45.083  16.321 0.8000000119
26866  18.133  -44.391  17.122 0.6999999881
26881  17.118  -44.504  16.736 0.6999999881
26888  10.599  -44.883  16.410 1.0000000000
109913  11.821  -44.971  16.084 1.0000000000
127528  17.050  -45.303  16.566 0.6999999881
120196  16.242  -45.014  16.422 0.6999999881
26883  15.284  -44.599  16.299 0.8000000119
26884  14.244  -44.270  16.318 0.8999999762
26885  13.186  -44.079  16.332 1.0000000000
25945  7.425  -45.933  16.161 0.8999999762
25946  6.320  -45.508  16.016 0.8999999762
27626  17.502  -43.674  20.928 0.5000000000
25012  9.591  -46.139  16.577 1.0000000000
26890  8.222  -45.221  16.196 0.8999999762
28500  17.960  -42.520  19.558 0.5000000000
25943  9.519  -45.438  16.598 0.8999999762
26865  18.575  -44.416  17.754 0.6000000238
27683  18.259  -43.570  17.533 0.6000000238
27707  11.345  -43.828  16.492 1.0000000000
27706  12.273  -43.734  16.435 1.0000000000
26882  16.125  -44.306  16.543 0.6999999881
129045  14.931  -44.017  16.391 0.8000000119
27704  14.734  -43.371  16.464 0.8000000119
27705  13.747  -43.411  16.445 0.8000000119
121867  12.983  -43.363  16.442 1.0000000000
27708  10.526  -44.127  16.474 0.8999999762
113402  9.052  -45.066  16.521 0.8999999762
26891  6.999  -44.760  15.782 0.8000000119
26889  9.761  -44.689  16.524 0.8999999762
29408  17.726  -41.829  18.015 0.5000000000
113407  18.020  -42.652  17.784 0.6000000238
28520  17.504  -42.151  17.436 0.5000000000
28541  12.464  -42.862  16.555 1.0000000000
28542  11.621  -43.020  16.628 0.8999999762
27702  17.606  -43.761  17.007 0.6000000238
123866  17.419  -42.897  17.108 0.6000000238
28537  15.896  -42.152  16.624 0.6000000238
28539  14.110  -42.623  16.484 0.6000000238
28540  13.260  -42.706  16.489 1.0000000000
118341  13.582  -41.905  16.488 0.6000000238
118340  12.713  -42.054  16.576 0.8000000119
117347  7.671  -44.228  15.856 0.8000000119
28543  10.585  -43.107  16.548 0.8999999762
126663  9.679  -43.682  16.398 0.8999999762
118339  11.923  -42.242  16.683 0.8000000119
29422  12.110  -41.480  16.714 0.8000000119
124443  11.491  -41.693  16.727 0.8000000119
123553  16.486  -42.735  16.772 0.6000000238
116959  14.102  -41.032  16.383 0.4000000060
115090  12.107  -40.779  16.709 0.4000000060
117576  8.692  -44.127  16.206 0.8999999762
123344  8.217  -43.157  16.005 0.8000000119
28544  9.508  -42.684  16.292 0.8999999762
114898  11.449  -40.977  16.755 0.5000000000
120780  8.924  -43.219  16.162 0.8999999762
28545  8.402  -42.328  16.218 0.8000000119
29425  9.171  -41.679  16.390 0.8000000119
30361  11.530  -40.082  16.733 0.5000000000
215  2.260  -81.297  20.407 1.0000000000
428  0.104  -81.433  14.721 1.0000000000
207  2.347  -80.971  22.364 1.0000000000
563  1.268  -80.805  19.005 1.0000000000
108298  12.380  -82.620  4.164 0.6000000238
122879  0.435  -79.013  13.124 1.0000000000
122894  -0.876  -80.524  13.114 1.0000000000
123022  -1.038  -80.550  11.309 1.0000000000
112988  -0.856  -81.052  10.966 1.0000000000
1184  5.065  -78.438  7.089 1.0000000000
1183  5.726  -78.251  6.898 1.0000000000
846  6.647  -78.814  5.817 1.0000000000
847  5.809  -78.827  5.741 1.0000000000
845  7.508  -78.877  5.843 1.0000000000
121179  10.744  -79.956  2.359 1.0000000000
654  9.211  -80.035  3.083 1.0000000000
925  13.151  -80.233  -1.498 0.8999999762
107903  4.186  -75.140  16.970 1.0000000000
2507  -0.146  -75.180  -0.720 0.8000000119
867  10.358  -79.436  5.459 1.0000000000
112340  11.073  -79.476  5.502 1.0000000000
113692  13.238  -79.683  -0.197 0.8999999762
127177  15.017  -80.430  -3.134 0.8999999762
1857  1.590  -77.201  18.366 1.0000000000
1584  4.024  -76.936  4.226 0.8999999762
128993  14.246  -82.068  2.997 0.6000000238
912  13.477  -79.677  -1.129 0.8999999762
938  13.749  -79.940  -2.495 0.8999999762
936  16.857  -79.999  -3.007 0.6999999881
3424  4.034  -73.271  13.891 1.0000000000
118569  6.001  -76.918  5.160 0.8999999762
5493  1.486  -69.961  -2.458 0.8000000119
852  12.544  -78.869  4.671 1.0000000000
129809  17.491  -78.080  -5.841 0.6000000238
107704  1.447  -75.563  13.464 1.0000000000
3423  6.582  -72.684  14.161 1.0000000000
118279  10.366  -76.598  8.383 1.0000000000
1953  11.167  -76.572  8.391 1.0000000000
7382  1.984  -67.645  -4.492 0.8999999762
1576  11.617  -77.757  4.290 0.8999999762
1603  10.808  -77.967  2.669 0.8999999762
2970  2.417  -74.677  6.700 1.0000000000
3525  1.996  -74.130  4.922 1.0000000000
1942  11.407  -75.908  8.580 1.0000000000
111861  1.958  -64.427  -6.349 0.6999999881
125182  -1.834  -77.628  12.845 1.0000000000
11144  1.758  -62.837  -6.401 0.6999999881
2372  -2.234  -75.950  9.927 1.0000000000
4669  10.971  -70.995  10.961 1.0000000000
114556  4.860  -68.980  -0.027 1.0000000000
1930  -2.574  -76.420  11.232 1.0000000000
4670  8.835  -70.796  11.439 1.0000000000
3470  -0.902  -73.899  10.747 1.0000000000
4682  0.265  -71.967  9.825 1.0000000000
127642  1.089  -70.561  9.373 1.0000000000
5334  9.071  -70.264  9.475 1.0000000000
4731  -0.461  -71.605  5.072 1.0000000000
11966  0.515  -61.700  -5.806 0.6999999881
4664  0.427  -71.856  11.660 1.0000000000
4609  -2.734  -70.901  16.316 1.0000000000
6012  10.281  -69.678  7.851 1.0000000000
7995  -1.214  -66.719  -0.752 1.0000000000
3428  -2.470  -73.377  13.449 1.0000000000
7139  -3.575  -67.680  17.499 1.0000000000
121195  -1.362  -67.312  0.806 1.0000000000
5306  1.781  -70.544  12.873 1.0000000000
3987  -0.089  -72.088  14.940 1.0000000000
123503  -2.039  -68.154  5.161 1.0000000000
110222  -2.310  -67.803  5.122 1.0000000000
7949  -2.546  -66.442  4.512 1.0000000000
7293  -2.195  -67.887  3.556 1.0000000000
5943  2.699  -69.788  14.210 1.0000000000
6576  4.400  -68.362  13.931 1.0000000000
108306  -3.331  -64.721  20.285 0.8999999762
7813  7.172  -67.887  15.468 1.0000000000
10953  -0.680  -62.444  9.721 1.0000000000
8511  8.606  -66.949  17.955 1.0000000000
9406  0.104  -64.593  3.117 1.0000000000
7152  5.869  -67.956  14.410 1.0000000000
7151  6.694  -67.860  14.691 1.0000000000
7891  2.710  -66.172  9.756 1.0000000000
9265  -1.286  -64.774  16.658 1.0000000000
111520  -3.210  -63.564  22.483 0.8000000119
127218  6.714  -67.685  18.435 1.0000000000
9196  9.819  -65.046  21.080 1.0000000000
7136  3.820  -68.238  18.138 1.0000000000
10858  -1.392  -62.837  18.682 1.0000000000
8556  3.732  -65.248  13.781 1.0000000000
9956  8.840  -63.936  24.068 1.0000000000
12467  11.582  -60.306  22.649 1.0000000000
10755  8.320  -62.294  24.968 0.8999999762
10072  4.925  -62.696  15.758 1.0000000000
10058  4.740  -62.468  16.423 1.0000000000
9960  4.574  -63.773  23.624 1.0000000000
9993  2.733  -63.613  22.118 1.0000000000
11584  8.353  -61.136  24.604 0.8999999762
12559  0.377  -60.845  18.253 1.0000000000
10791  3.162  -62.677  22.724 1.0000000000
11565  4.743  -61.601  25.677 0.8999999762
10759  -2.955  -61.916  24.920 0.6999999881
13380  7.921  -59.270  24.334 0.8999999762
123879  3.535  -61.433  25.152 0.8999999762
12443  2.551  -60.604  25.403 0.8999999762
12455  2.315  -60.704  24.246 0.8999999762
9924  -1.468  -62.816  25.778 0.6000000238
14272  4.125  -59.089  25.743 0.8999999762
12456  1.582  -60.198  23.753 0.8999999762
14404  9.360  -59.131  16.981 1.0000000000
13394  -0.415  -59.769  23.130 0.8000000119
18756  1.942  -52.530  22.801 0.5000000000
16201  7.437  -56.288  20.703 0.8999999762
16230  13.860  -56.895  16.937 1.0000000000
13358  -1.788  -59.822  25.989 0.6999999881
127049  0.851  -53.420  23.519 0.6000000238
17112  8.221  -55.281  18.421 0.8999999762
19676  4.075  -52.491  19.538 0.6000000238
17097  10.245  -55.056  18.975 0.8999999762
16213  2.070  -56.375  20.151 0.8999999762
17096  14.102  -55.605  20.068 1.0000000000
17934  5.914  -55.044  19.718 0.8999999762
18807  6.396  -53.649  18.145 0.8000000119
18832  9.914  -53.044  16.638 0.6999999881
19722  9.342  -52.368  17.196 0.6000000238
18837  3.706  -53.612  17.257 1.0000000000
19706  9.427  -52.096  17.778 0.5000000000
19672  15.552  -52.591  19.916 1.0000000000
18802  16.151  -53.839  18.429 1.0000000000
18817  16.514  -53.201  16.262 1.0000000000
119822  10.181  -53.301  14.454 1.0000000000
20599  10.777  -51.407  16.884 0.5000000000
19739  16.857  -52.783  14.886 1.0000000000
20621  16.632  -51.844  15.251 1.0000000000
122258  15.208  -52.025  14.611 1.0000000000
20595  13.808  -50.618  17.684 0.5000000000
21473  3.878  -49.839  17.252 1.0000000000
122515  4.280  -50.366  15.554 1.0000000000
21496  16.362  -50.443  15.235 1.0000000000
22298  14.512  -49.419  18.449 0.5000000000
110702  17.537  -51.193  19.019 0.8000000119
24074  14.762  -47.199  18.855 0.4000000060
22279  18.575  -48.891  19.262 0.6999999881
23149  18.344  -47.848  20.491 0.6999999881
24995  1.164  -46.314  17.723 0.6999999881
23226  9.046  -48.565  15.971 1.0000000000
25895  14.952  -45.646  20.045 0.4000000060
24964  19.170  -46.257  19.855 0.6999999881
26842  14.564  -45.040  19.903 0.4000000060
25920  4.901  -45.913  16.475 0.8000000119
119635  17.477  -45.964  16.507 0.6999999881
25938  14.517  -45.265  16.055 0.8999999762
25015  6.765  -46.557  16.534 0.8999999762
27710  6.759  -43.478  16.076 0.8000000119
27703  15.683  -43.015  16.593 0.6000000238
28546  7.376  -42.618  16.272 0.8000000119
28521  16.817  -42.079  16.964 0.5000000000
348  10.573  -82.499  1.405 0.8999999762
913  8.133  -79.511  -0.864 0.8999999762
228  0.807  -81.642  17.438 1.0000000000
108229  2.966  -82.670  15.902 0.8999999762
232  3.979  -82.374  16.553 0.6999999881
165  8.099  -82.149  5.514 0.6000000238
124481  2.957  -81.262  22.009 1.0000000000
257  0.870  -81.695  13.457 1.0000000000
44  10.350  -82.616  4.777 0.6000000238
192  11.771  -82.931  1.723 0.6999999881
4213  0.659  -72.845  -3.015 0.8000000119
167  14.009  -82.161  4.522 0.5000000000
333  15.575  -81.710  4.023 0.5000000000
894  3.624  -79.455  1.239 0.8999999762
904  4.704  -79.951  0.381 0.8999999762
4821  1.164  -71.575  -3.473 0.8000000119
189  14.466  -81.986  2.492 0.6999999881
500  15.949  -81.278  0.713 0.6000000238
125722  18.793  -78.740  -3.827 0.5000000000
916  5.121  -79.597  -0.686 0.6999999881
1291  7.899  -78.904  -3.198 0.6999999881
935  18.530  -79.398  -2.376 0.5000000000
1302  8.321  -78.372  -3.919 0.6999999881
1678  16.640  -77.610  -6.456 0.6999999881
6182  3.383  -69.743  -5.472 0.6999999881
1673  8.282  -77.141  -5.265 0.6999999881
1672  9.096  -77.320  -5.564 0.6999999881
2106  11.204  -76.204  -6.625 0.6000000238
1688  16.776  -76.606  -6.986 0.6000000238
1687  17.564  -76.484  -6.786 0.5000000000
1692  12.338  -76.186  -6.796 0.5000000000
3011  -0.688  -74.633  3.390 1.0000000000
3981  -2.887  -72.491  16.120 1.0000000000
3997  -0.553  -72.631  14.470 1.0000000000
13749  -0.128  -59.986  -4.117 0.5000000000
7787  -3.654  -67.034  18.114 1.0000000000
123104  -3.558  -66.485  18.638 1.0000000000
118708  -3.398  -65.730  18.767 0.8999999762
11777  -2.019  -61.049  8.900 0.8999999762
12627  -2.334  -59.851  8.819 0.6999999881
11785  -1.943  -61.483  8.034 0.6999999881
116646  -1.889  -60.421  11.174 0.8999999762
6555  2.874  -69.255  16.581 1.0000000000
114388  -2.078  -61.212  4.421 0.6000000238
11833  -1.769  -62.052  4.134 0.8999999762
11846  -1.473  -61.757  3.252 0.8999999762
11863  -1.702  -61.047  2.965 0.8000000119
12770  -1.041  -60.369  1.174 0.6999999881
14433  -2.848  -58.131  14.576 0.8999999762
14424  -3.228  -57.920  15.264 0.8999999762
11734  0.864  -61.531  16.644 1.0000000000
14416  -3.612  -58.411  16.562 0.8999999762
116019  -3.046  -56.911  15.535 0.8000000119
15342  -2.991  -56.434  16.190 0.6999999881
15320  -3.830  -57.407  17.669 0.8000000119
110785  -3.630  -57.054  19.346 0.6999999881
13353  3.489  -59.777  26.113 0.8999999762
12444  1.797  -60.287  25.130 0.8999999762
15318  -2.250  -55.953  16.821 0.6999999881
15216  4.192  -57.635  24.344 0.8999999762
16225  -2.587  -55.942  17.698 0.6999999881
15196  -1.966  -57.682  26.732 0.6000000238
15197  -2.790  -57.980  27.275 0.6000000238
13328  -3.324  -59.545  27.575 0.6000000238
19724  7.410  -52.473  17.782 0.6999999881
17072  -2.132  -55.117  22.362 0.8999999762
21441  1.397  -49.979  20.105 0.8999999762
20563  0.540  -51.161  20.431 0.8999999762
21426  -0.219  -50.674  20.909 0.8000000119
22303  1.159  -49.349  19.843 0.8000000119
23179  1.618  -49.360  18.915 0.8000000119
23178  2.342  -48.924  18.262 0.8000000119
111664  0.594  -47.908  18.409 0.6999999881
24997  -0.374  -46.218  17.524 0.6999999881
125967  5.866  -44.082  16.350 0.8000000119
27670  18.577  -43.133  18.152 0.6000000238
30363  9.887  -41.073  16.659 0.8000000119
126025  -1.749  -79.532  21.600 1.0000000000
721  -1.969  -79.189  21.137 1.0000000000
929  5.591  -79.223  -1.398 0.6999999881
117075  6.387  -79.691  -1.357 0.8000000119
1303  7.408  -78.176  -3.812 0.6999999881
108440  -2.320  -59.739  9.790 0.6999999881
13584  -2.430  -59.529  6.049 0.6000000238
11847  -1.882  -61.185  3.658 0.6999999881
21442  0.488  -50.280  20.453 0.8000000119
21427  -1.099  -50.465  20.942 0.8000000119
23180  0.608  -48.791  18.898 0.6999999881
125296  1.335  -48.603  18.465 0.6999999881
108971  -0.179  -48.007  18.650 0.6999999881
22274  -0.510  -49.922  20.539 0.6999999881
22285  0.283  -49.504  20.177 0.6999999881
22275  -1.490  -49.832  20.287 0.6999999881
119858  9.636  -82.513  5.641 0.6000000238
66  2.423  -82.708  17.154 1.0000000000
157  5.635  -81.866  7.434 0.6000000238
122729  1.960  -78.527  16.444 1.0000000000
109924  2.352  -82.145  14.693 1.0000000000
134  3.663  -82.904  8.948 0.6000000238
148  4.196  -82.079  7.523 0.8000000119
149  3.311  -82.430  8.152 0.6999999881
147  4.915  -82.332  7.928 0.6999999881
3633  0.253  -73.503  -2.415 0.8000000119
181  7.823  -82.100  4.195 1.0000000000
180  8.730  -82.408  3.549 1.0000000000
174  8.281  -82.295  4.741 0.6999999881
173  9.052  -82.527  4.432 0.6999999881
171  10.694  -82.665  4.347 0.6000000238
357  10.467  -81.784  0.819 0.8999999762
501  10.538  -81.173  0.313 0.8999999762
191  12.669  -82.888  1.607 0.8000000119
347  11.342  -82.717  1.214 0.8000000119
354  12.402  -82.159  0.544 0.8000000119
506  11.497  -81.006  -0.215 0.8999999762
505  12.063  -81.234  -0.328 0.8000000119
107773  3.380  -77.216  17.010 1.0000000000
3037  2.051  -74.370  1.943 0.8999999762
3056  0.187  -74.268  -0.414 0.8000000119
3049  0.289  -74.951  0.183 0.8000000119
1606  1.771  -77.422  2.083 0.8000000119
128414  8.566  -82.178  3.053 1.0000000000
492  7.583  -81.082  2.494 1.0000000000
188  9.106  -82.461  2.882 0.6999999881
491  8.177  -81.015  1.820 1.0000000000
194  9.835  -82.318  1.717 0.8000000119
388  0.622  -80.586  22.803 0.8999999762
303  2.655  -81.924  7.571 0.8000000119
2493  0.539  -75.636  0.776 0.8000000119
42  11.364  -82.586  5.286 0.6000000238
41  10.077  -82.587  5.251 0.5000000000
164  8.942  -82.446  5.267 0.6000000238
176  13.285  -82.488  4.051 0.6000000238
359  14.327  -81.800  -0.070 0.8000000119
515  14.293  -80.980  -2.097 0.8000000119
516  13.749  -80.792  -1.996 0.8999999762
509  14.563  -81.252  -1.393 0.8000000119
1266  14.140  -78.516  -0.539 0.8999999762
1641  13.079  -77.680  -1.752 0.8999999762
1410  3.142  -78.110  19.263 1.0000000000
454  -0.384  -81.117  11.166 1.0000000000
473  2.004  -80.788  7.223 1.0000000000
482  4.989  -80.816  4.650 1.0000000000
645  7.442  -80.121  3.619 1.0000000000
871  5.837  -79.837  4.410 1.0000000000
646  6.594  -80.554  3.316 1.0000000000
172  9.853  -82.618  4.533 0.6000000238
113144  9.794  -82.741  3.103 0.6999999881
185  11.376  -82.924  2.592 0.6999999881
664  8.387  -80.872  1.696 1.0000000000
114021  12.822  -82.816  3.354 0.6000000238
126107  14.034  -82.237  2.024 0.6000000238
345  13.936  -82.178  1.354 0.6999999881
899  14.213  -78.905  0.205 0.8999999762
900  13.877  -79.206  0.566 0.8999999762
911  14.153  -79.106  -1.565 0.8999999762
508  15.435  -81.157  -1.043 0.6999999881
128770  15.327  -81.378  -0.407 0.8000000119
512  12.149  -80.842  -0.621 0.8999999762
675  11.125  -80.381  0.321 0.8999999762
513  15.891  -80.788  -1.789 0.8000000119
1618  13.497  -78.047  0.557 0.8999999762
690  14.101  -80.595  -2.559 0.8999999762
693  13.993  -80.159  -2.888 0.8999999762
688  16.311  -80.416  -2.438 0.8000000119
1652  13.117  -77.721  -2.590 0.8999999762
1286  14.161  -78.633  -3.039 0.8999999762
122852  3.729  -75.300  17.278 1.0000000000
107567  -1.100  -80.976  12.543 1.0000000000
130259  -0.064  -80.581  9.172 1.0000000000
110635  1.021  -79.783  8.113 1.0000000000
636  3.818  -80.135  6.304 1.0000000000
874  4.268  -79.995  5.659 1.0000000000
1208  4.996  -79.136  5.777 1.0000000000
119296  4.892  -80.430  4.662 1.0000000000
351  15.328  -81.679  1.201 0.6000000238
1631  11.026  -77.999  -0.553 0.8999999762
684  16.645  -80.515  -1.688 0.6999999881
1653  11.464  -78.020  -3.117 0.8999999762
937  14.215  -79.530  -3.039 0.8999999762
948  14.489  -79.719  -3.418 0.8999999762
125402  15.821  -80.175  -3.313 0.8999999762
946  16.547  -79.711  -3.849 0.8000000119
951  16.263  -79.408  -4.532 0.8000000119
112685  17.896  -78.687  -4.886 0.6000000238
542  -0.155  -80.301  22.280 1.0000000000
844  8.533  -78.937  5.915 1.0000000000
869  8.475  -79.811  4.165 1.0000000000
653  10.450  -79.886  3.442 1.0000000000
343  16.080  -81.327  1.664 0.6000000238
110903  12.087  -79.824  0.871 0.8999999762
661  11.835  -79.789  2.485 1.0000000000
114661  13.151  -79.575  0.752 0.8999999762
927  6.953  -79.445  -1.872 0.8000000119
949  18.031  -78.975  -4.090 0.6000000238
1888  -2.768  -76.210  14.984 1.0000000000
2857  2.588  -74.781  16.118 1.0000000000
2338  4.583  -75.136  13.069 1.0000000000
2855  5.066  -73.690  15.472 1.0000000000
123750  -3.670  -71.282  15.243 1.0000000000
111628  3.779  -73.565  12.234 1.0000000000
2361  1.514  -75.764  11.479 1.0000000000
2382  2.349  -75.200  9.753 1.0000000000
114004  3.196  -74.349  9.905 1.0000000000
825  0.920  -78.939  9.550 1.0000000000
2032  0.895  -76.376  1.347 0.8000000119
2043  0.383  -76.528  0.464 0.8000000119
2002  3.570  -76.444  4.077 0.8999999762
4813  0.745  -71.330  -2.644 0.8000000119
641  12.207  -79.521  3.882 0.8999999762
1237  6.986  -78.526  3.039 0.8999999762
128729  1.153  -70.557  -3.355 0.8000000119
651  12.276  -79.578  3.183 0.8999999762
6194  3.259  -68.927  -5.700 0.6999999881
129638  13.276  -79.181  2.101 0.8999999762
1224  7.831  -78.342  3.179 0.8999999762
880  13.180  -79.062  2.743 0.8999999762
123549  13.946  -78.626  0.858 0.8999999762
923  14.231  -79.055  -2.324 0.8999999762
1288  10.762  -78.268  -3.362 0.8999999762
126122  19.374  -78.271  -4.418 0.5000000000
1318  14.190  -77.948  -5.389 0.8000000119
1679  15.383  -77.412  -6.570 0.6999999881
1437  0.355  -78.216  18.211 1.0000000000
3485  3.925  -73.832  8.833 1.0000000000
2960  3.384  -74.023  7.650 1.0000000000
2383  1.773  -75.660  9.555 1.0000000000
1947  3.794  -76.684  9.847 1.0000000000
1957  6.537  -76.549  8.533 1.0000000000
1178  10.698  -78.252  7.155 1.0000000000
1569  8.318  -77.325  5.104 0.8999999762
9542  -0.059  -63.796  -5.288 0.8999999762
876  12.884  -78.939  3.467 0.8999999762
115207  12.527  -77.760  1.051 0.8999999762
1691  13.306  -76.307  -6.990 0.6999999881
750  -1.047  -79.177  18.892 1.0000000000
1062  -0.292  -78.853  18.519 1.0000000000
120286  1.551  -75.443  14.247 1.0000000000
115405  3.828  -76.056  11.622 1.0000000000
2392  8.476  -75.649  8.858 1.0000000000
4747  3.423  -71.365  3.625 1.0000000000
1541  11.715  -77.435  7.488 1.0000000000
1976  10.280  -76.274  6.291 0.8999999762
1085  -1.902  -78.027  16.626 1.0000000000
1096  -1.147  -78.301  16.016 1.0000000000
108972  -0.529  -77.904  16.004 1.0000000000
107163  0.875  -76.215  15.130 1.0000000000
1155  -1.843  -78.047  10.836 1.0000000000
1163  -1.747  -78.168  9.554 1.0000000000
1522  0.124  -77.530  8.881 1.0000000000
4060  6.367  -72.105  10.111 1.0000000000
4161  3.477  -72.314  1.411 1.0000000000
5377  5.589  -70.214  4.626 1.0000000000
5425  2.508  -70.336  1.608 1.0000000000
1426  -2.725  -77.088  18.880 1.0000000000
741  -1.839  -78.920  19.849 1.0000000000
1551  -1.051  -77.946  7.814 1.0000000000
1537  0.084  -77.493  8.138 1.0000000000
3467  8.261  -73.175  11.373 1.0000000000
2936  8.497  -74.411  9.731 1.0000000000
6062  5.291  -69.481  3.306 1.0000000000
5393  3.849  -70.642  3.281 1.0000000000
4749  1.864  -72.169  2.809 1.0000000000
5394  3.039  -70.969  2.807 1.0000000000
6114  1.623  -69.797  0.435 1.0000000000
3520  7.360  -73.167  6.118 1.0000000000
8731  0.150  -65.813  -3.244 0.8999999762
7348  0.315  -67.449  -2.194 1.0000000000
1086  -2.328  -77.457  16.896 1.0000000000
1065  -2.493  -77.380  18.489 1.0000000000
117609  -2.377  -76.123  10.759 1.0000000000
1966  1.104  -76.466  7.671 1.0000000000
2440  0.168  -75.906  4.487 1.0000000000
6032  7.352  -69.396  5.186 1.0000000000
5407  7.320  -69.603  2.698 1.0000000000
3505  8.354  -73.393  7.036 1.0000000000
4000  -4.157  -72.395  13.892 1.0000000000
2900  -4.280  -73.553  13.453 1.0000000000
3497  -1.762  -74.088  7.149 1.0000000000
3486  -0.971  -73.655  8.148 1.0000000000
3510  -1.424  -73.591  6.614 1.0000000000
2985  -2.160  -75.009  5.184 1.0000000000
6021  8.074  -69.532  6.363 1.0000000000
6020  8.823  -69.377  6.335 1.0000000000
4759  1.391  -71.834  2.032 1.0000000000
5411  1.912  -71.081  1.753 1.0000000000
2364  -2.402  -75.967  11.421 1.0000000000
6043  5.936  -69.540  4.016 1.0000000000
4760  0.343  -72.240  1.529 1.0000000000
6031  8.285  -69.270  5.423 1.0000000000
6042  8.534  -69.276  4.541 1.0000000000
12840  1.569  -60.512  -4.751 0.5000000000
3454  -0.758  -74.180  11.815 1.0000000000
5935  -3.352  -69.778  15.119 1.0000000000
5322  0.766  -71.204  9.847 1.0000000000
5277  -0.797  -70.614  14.891 1.0000000000
120681  -3.455  -68.188  17.017 1.0000000000
5336  0.717  -70.967  8.941 1.0000000000
6582  -3.141  -68.611  14.310 1.0000000000
129435  -0.942  -67.337  14.899 1.0000000000
130690  1.676  -69.384  7.347 1.0000000000
6652  3.244  -67.297  6.415 1.0000000000
7234  4.336  -67.336  8.649 1.0000000000
122166  -1.351  -71.550  2.842 1.0000000000
4761  -1.441  -71.656  1.979 1.0000000000
8635  -2.558  -65.172  7.449 1.0000000000
5396  -1.391  -70.667  2.684 1.0000000000
6115  -1.972  -69.582  0.259 1.0000000000
9395  0.413  -63.840  3.653 1.0000000000
9488  -1.057  -64.898  -1.437 0.8999999762
5975  2.022  -69.901  11.190 1.0000000000
5268  1.099  -70.877  15.574 1.0000000000
6631  2.845  -68.452  8.966 1.0000000000
7212  6.415  -66.611  10.747 1.0000000000
124495  -1.129  -61.432  11.804 1.0000000000
7238  -2.275  -67.399  8.313 1.0000000000
6668  2.409  -67.974  5.094 1.0000000000
7289  0.876  -68.131  4.630 1.0000000000
7870  -0.935  -67.163  11.788 1.0000000000
7882  6.525  -66.071  10.363 1.0000000000
6671  -1.784  -68.193  5.621 1.0000000000
9449  -0.629  -64.174  0.069 0.8999999762
8526  -0.892  -65.527  16.297 1.0000000000
8621  4.730  -65.917  8.646 1.0000000000
7227  -0.446  -67.637  9.707 1.0000000000
122005  0.223  -67.505  8.823 1.0000000000
6670  -0.863  -68.351  5.130 1.0000000000
6577  3.708  -68.851  14.291 1.0000000000
7855  2.248  -66.285  11.989 1.0000000000
12615  -1.250  -61.193  11.121 1.0000000000
12590  -2.322  -60.764  13.913 1.0000000000
11750  -3.032  -61.507  14.579 1.0000000000
9249  10.057  -65.541  17.748 1.0000000000
9431  0.443  -64.345  1.455 0.8999999762
6564  3.535  -68.959  16.079 1.0000000000
7795  0.943  -67.079  18.480 1.0000000000
8560  -0.328  -65.703  13.553 1.0000000000
8607  3.976  -65.651  10.666 1.0000000000
7884  2.657  -66.251  10.531 1.0000000000
8594  4.646  -65.484  11.167 1.0000000000
13494  -2.517  -58.745  11.020 0.8000000119
11877  -0.814  -61.707  1.370 1.0000000000
8578  3.528  -65.837  12.498 1.0000000000
10103  -2.153  -63.884  14.675 1.0000000000
125367  6.163  -64.272  13.600 1.0000000000
11878  -1.183  -60.754  1.749 0.8000000119
9232  0.249  -64.866  19.233 1.0000000000
10891  -3.225  -62.113  16.509 1.0000000000
10087  -1.669  -63.385  15.186 1.0000000000
13463  -2.796  -59.652  15.456 1.0000000000
9272  6.171  -63.507  14.716 1.0000000000
9261  5.073  -63.167  15.208 1.0000000000
118453  9.900  -64.080  22.508 1.0000000000
10789  10.175  -63.094  23.497 1.0000000000
10836  -0.812  -62.528  19.402 1.0000000000
11660  -2.952  -61.491  21.485 1.0000000000
10881  -3.075  -62.134  17.211 1.0000000000
10856  3.889  -61.712  17.576 1.0000000000
12557  2.487  -60.847  17.668 1.0000000000
10874  8.906  -61.862  16.249 1.0000000000
9942  6.029  -63.568  24.777 0.8999999762
12560  -1.369  -61.662  18.459 1.0000000000
10855  4.729  -61.788  17.520 1.0000000000
11704  5.896  -61.341  17.771 1.0000000000
14317  11.204  -58.302  22.489 1.0000000000
12515  13.105  -61.353  19.297 1.0000000000
16162  1.558  -56.841  23.676 0.8999999762
119216  0.241  -60.332  19.075 1.0000000000
12540  1.100  -60.354  18.507 1.0000000000
13393  8.096  -58.688  24.047 0.8999999762
11687  6.792  -60.548  17.597 1.0000000000
12533  12.064  -61.055  17.936 1.0000000000
119307  2.680  -58.786  25.943 0.8999999762
14273  3.321  -58.917  25.899 0.8999999762
128924  6.525  -59.737  24.915 0.8999999762
14356  -1.779  -58.936  21.369 0.8999999762
15294  -3.661  -57.715  18.812 0.8000000119
15249  9.255  -56.920  22.022 0.8999999762
12556  11.774  -60.771  17.448 1.0000000000
114511  -3.017  -61.132  25.234 0.6999999881
122268  0.805  -53.843  22.815 0.6999999881
13446  9.895  -59.826  16.933 1.0000000000
128003  13.423  -58.001  17.736 1.0000000000
14374  3.656  -58.093  18.809 1.0000000000
14338  -2.323  -58.145  21.733 0.8999999762
15319  -3.169  -56.537  17.084 0.6999999881
124862  -3.479  -57.860  21.061 0.8000000119
16177  4.594  -56.402  23.200 0.8999999762
17062  3.420  -55.405  22.353 0.8999999762
126688  -3.079  -61.144  25.976 0.6000000238
17086  6.829  -55.850  20.384 0.8999999762
16221  4.413  -56.901  18.687 1.0000000000
14405  7.982  -58.365  17.753 1.0000000000
112114  8.619  -58.708  17.351 1.0000000000
125241  11.823  -55.577  20.824 1.0000000000
16231  7.181  -56.708  17.120 1.0000000000
15308  13.670  -57.463  17.607 1.0000000000
113956  9.985  -57.321  15.475 1.0000000000
16254  12.675  -56.962  14.935 1.0000000000
120465  13.797  -53.453  14.429 1.0000000000
17100  6.732  -55.443  19.548 0.8999999762
15254  -2.895  -57.298  22.195 0.8999999762
17933  12.185  -55.039  20.422 1.0000000000
16229  14.309  -56.386  17.581 1.0000000000
16242  14.101  -56.085  16.059 1.0000000000
17122  14.798  -55.753  17.568 1.0000000000
17133  14.831  -55.548  16.453 1.0000000000
130508  14.558  -55.786  19.141 1.0000000000
17948  6.251  -54.631  18.859 0.8999999762
20559  6.555  -51.030  19.106 0.5000000000
17951  2.361  -54.731  19.443 0.8999999762
17089  0.581  -55.510  21.093 0.8999999762
17156  12.441  -55.630  14.516 1.0000000000
18006  12.873  -54.935  14.389 1.0000000000
17145  14.036  -55.683  15.186 1.0000000000
17994  14.497  -55.073  15.109 1.0000000000
17073  -3.079  -55.652  22.511 0.8999999762
17121  15.289  -55.082  17.898 1.0000000000
17952  1.533  -54.455  19.896 0.8999999762
17984  5.789  -54.407  15.914 1.0000000000
17930  14.656  -54.207  20.160 1.0000000000
17942  15.655  -54.299  19.272 1.0000000000
118343  10.606  -54.047  14.393 1.0000000000
117550  16.147  -53.879  17.166 1.0000000000
20600  7.881  -52.129  17.868 0.6000000238
18011  7.125  -53.681  14.949 1.0000000000
18781  14.471  -53.520  20.101 1.0000000000
20611  2.890  -50.941  16.319 1.0000000000
19711  1.644  -52.431  18.466 0.8999999762
19712  1.282  -52.500  19.077 0.8999999762
19735  2.953  -51.831  16.562 1.0000000000
18826  1.991  -52.721  18.248 0.8999999762
19673  14.887  -52.821  20.024 0.8000000119
18779  15.938  -53.149  19.769 1.0000000000
19751  9.807  -52.680  14.439 1.0000000000
18801  16.491  -53.289  18.867 1.0000000000
20597  12.298  -50.859  16.858 0.4000000060
130462  0.223  -52.594  20.658 0.8999999762
20623  4.235  -50.907  15.322 1.0000000000
20552  16.661  -51.842  19.656 0.8000000119
19686  16.605  -52.625  19.323 1.0000000000
118846  15.998  -51.695  19.959 0.8000000119
19685  17.052  -52.125  18.797 1.0000000000
21520  5.627  -51.010  14.765 1.0000000000
21454  14.197  -50.093  18.083 0.5000000000
20593  17.468  -51.476  15.944 1.0000000000
22337  4.696  -49.679  16.931 1.0000000000
22300  4.103  -49.158  18.255 0.8999999762
110165  15.577  -49.096  19.797 0.6000000238
21419  15.917  -50.870  19.912 0.6999999881
22271  16.547  -50.213  20.242 0.6000000238
21417  16.887  -50.729  20.111 0.8000000119
22319  6.130  -49.156  17.636 1.0000000000
22357  6.041  -49.861  15.830 1.0000000000
21502  5.699  -50.390  15.093 1.0000000000
23219  15.291  -48.389  15.251 1.0000000000
111709  14.419  -47.975  18.344 0.5000000000
23151  16.658  -48.656  20.725 0.6000000238
23207  8.515  -48.117  16.428 1.0000000000
21438  17.893  -50.357  19.055 0.6999999881
23236  13.101  -48.967  14.822 1.0000000000
24103  17.843  -47.792  16.326 0.8000000119
23221  13.310  -48.272  15.033 1.0000000000
24994  2.185  -46.262  17.419 0.6999999881
24105  10.378  -47.453  16.069 1.0000000000
23170  19.186  -48.239  18.489 0.6999999881
24117  15.525  -47.623  15.492 1.0000000000
24056  17.605  -47.461  20.953 0.6999999881
25011  10.971  -46.731  15.768 1.0000000000
24073  19.207  -47.343  18.673 0.6999999881
25883  17.649  -45.711  21.084 0.6999999881
24952  17.645  -46.545  21.097 0.6999999881
121651  5.415  -46.719  16.890 0.8000000119
26827  15.152  -44.938  20.696 0.4000000060
25884  15.623  -45.686  20.858 0.5000000000
24996  0.358  -46.385  17.862 0.6999999881
113222  17.615  -45.048  21.072 0.6000000238
25894  19.101  -45.515  19.878 0.6999999881
25882  18.411  -45.114  20.420 0.6999999881
24974  19.234  -46.504  18.940 0.6999999881
26856  19.141  -44.485  18.464 0.6000000238
122261  12.489  -44.588  16.170 1.0000000000
126844  18.189  -43.838  20.295 0.4000000060
129398  19.178  -44.107  19.340 0.6000000238
27638  18.120  -43.233  20.052 0.4000000060
27669  19.056  -43.607  18.685 0.6000000238
27654  18.637  -42.975  19.078 0.5000000000
28538  14.988  -42.417  16.484 0.5000000000
28508  18.159  -42.348  18.573 0.6000000238
29420  14.385  -41.889  16.458 0.5000000000
29421  12.927  -41.103  16.581 0.6000000238
29424  10.187  -42.029  16.471 0.8000000119
29423  10.804  -41.415  16.688 0.6999999881
30360  12.466  -40.193  16.541 0.4000000060
30362  10.600  -40.414  16.806 0.5000000000
126390  16.537  -81.297  3.324 0.5000000000
342  16.804  -80.919  2.098 0.5000000000
331  17.053  -81.204  3.819 0.5000000000
673  18.078  -80.264  0.330 0.5000000000
499  17.416  -80.624  0.705 0.5000000000
659  18.455  -80.174  2.224 0.4000000060
667  18.571  -80.136  1.597 0.4000000060
493  18.109  -80.411  2.014 0.5000000000
498  18.112  -80.409  1.181 0.4000000060
495  16.700  -80.907  1.171 0.5000000000
678  17.362  -80.497  -0.253 0.5000000000
126873  18.195  -79.973  -0.673 0.5000000000
922  18.823  -79.513  -1.469 0.5000000000
683  17.306  -80.313  -1.224 0.5000000000
114351  16.625  -80.876  0.217 0.5000000000
122222  1.887  -78.257  -0.167 0.5000000000
672  18.631  -80.061  0.834 0.4000000060
114220  15.846  -81.526  3.239 0.5000000000
338  16.282  -81.282  2.588 0.5000000000
337  16.952  -80.969  2.972 0.5000000000
932  2.980  -78.507  -0.260 0.5000000000
226  3.881  -82.751  17.111 0.8000000119
62  3.685  -82.769  17.698 0.8999999762
225  4.319  -82.626  17.819 0.6999999881
64  2.249  -82.571  17.955 0.8999999762
332  16.401  -81.536  3.949 0.4000000060
1281  2.376  -77.998  -0.644 0.5000000000
941  6.590  -78.947  -2.492 0.6999999881
1664  7.114  -77.408  -4.172 0.5000000000
54  4.712  -82.345  19.370 0.8000000119
218  4.597  -82.537  18.518 0.8000000119
59  3.508  -82.725  18.373 0.8999999762
110070  4.027  -82.455  19.603 0.8999999762
907  2.176  -78.624  0.419 0.8000000119
1624  1.116  -77.914  0.011 0.6999999881
116771  3.491  -79.347  0.768 0.6999999881
1636  1.388  -77.757  -0.715 0.5000000000
1292  6.997  -78.613  -3.129 0.6000000238
52  3.048  -81.845  20.284 0.8999999762
112323  1.144  -77.763  0.865 0.6999999881
2533  0.720  -76.133  -2.401 0.6999999881
2520  0.091  -75.324  -1.686 0.6999999881
931  3.833  -78.957  -0.345 0.5000000000
2080  1.294  -76.948  -2.305 0.5000000000
1304  6.709  -77.879  -3.495 0.6000000238
2102  7.616  -76.958  -4.804 0.6000000238
1686  8.861  -76.476  -5.970 0.6000000238
2056  0.234  -76.670  -0.317 0.6999999881
1648  1.124  -77.298  -1.419 0.6000000238
2549  1.161  -75.795  -3.244 0.6000000238
930  4.730  -79.203  -0.699 0.6000000238
129777  1.922  -74.309  -4.488 0.6000000238
2116  10.838  -75.795  -6.515 0.4000000060
4221  1.598  -72.300  -3.924 0.6000000238
3653  1.944  -73.469  -4.342 0.6000000238
4233  2.808  -72.479  -4.846 0.6000000238
5538  2.814  -70.922  -5.008 0.6000000238
538  -1.079  -80.167  23.242 0.8999999762
1021  -2.169  -79.142  21.980 0.8999999762
1028  -2.470  -78.631  21.328 0.8999999762
1039  -2.259  -78.719  20.446 0.8999999762
109461  -2.523  -77.811  19.152 0.8999999762
1843  -2.595  -76.470  20.467 0.8999999762
126058  -2.791  -76.813  21.180 0.8999999762
1850  -2.613  -76.537  19.393 0.8999999762
1040  -2.700  -78.159  20.867 0.8999999762
2821  -2.795  -74.386  19.760 0.8000000119
2279  -2.889  -75.421  20.767 0.8999999762
1835  -3.092  -76.683  21.921 0.8999999762
2286  -2.551  -75.745  19.051 0.8999999762
1842  -2.462  -75.665  19.938 0.8999999762
2299  -2.960  -75.531  17.474 0.8999999762
128238  -3.556  -75.046  21.006 0.8000000119
2837  -2.851  -74.721  17.349 0.8999999762
3360  -4.130  -73.312  20.236 0.8000000119
3378  -2.799  -73.217  18.611 0.8000000119
3972  -2.833  -72.571  18.201 0.8000000119
115834  -4.187  -71.954  19.894 0.8000000119
113558  -2.698  -73.745  17.339 0.8999999762
3978  -2.714  -72.686  17.241 0.8999999762
4589  -2.811  -71.773  17.746 0.8999999762
3973  -3.483  -71.952  18.678 0.8000000119
4590  -3.132  -71.191  18.445 0.8000000119
5236  -3.573  -70.218  19.304 0.8000000119
5892  -4.214  -69.502  20.626 0.8000000119
4608  -2.755  -71.715  16.736 0.8999999762
3959  -3.966  -72.177  19.285 0.8000000119
5231  -4.388  -70.299  20.314 0.8000000119
12721  -2.196  -60.583  3.978 0.5000000000
4601  -2.637  -71.033  17.382 0.8999999762
5216  -4.782  -70.247  21.165 0.8000000119
5254  -2.557  -70.344  17.095 0.8000000119
8432  -2.608  -65.490  23.167 0.6999999881
7732  -2.868  -65.995  22.779 0.6999999881
109303  -2.584  -70.071  17.949 0.8000000119
7085  -2.893  -66.715  22.208 0.8000000119
110115  -3.874  -69.868  19.768 0.8000000119
7089  -2.449  -67.271  21.422 0.8000000119
9165  -1.077  -64.284  22.480 0.6000000238
6538  -3.096  -68.644  17.741 0.8999999762
7130  -3.177  -68.021  18.437 0.8000000119
6537  -2.539  -68.912  18.721 0.8000000119
8439  -2.274  -65.227  22.351 0.6999999881
7129  -2.543  -68.274  19.367 0.8000000119
7734  -2.216  -65.975  21.969 0.6999999881
123302  -2.227  -64.435  22.551 0.6999999881
124020  -2.366  -69.034  19.534 0.8000000119
6514  -3.295  -68.760  20.750 0.8000000119
7748  -2.089  -66.899  20.927 0.8000000119
7764  -3.299  -66.417  19.415 0.8000000119
9171  -2.977  -64.305  22.053 0.6999999881
8465  -2.440  -65.872  21.112 0.8000000119
9962  -1.503  -63.818  22.993 0.6999999881
123370  -3.291  -64.858  20.924 0.6999999881
9963  -2.793  -63.372  23.444 0.6999999881
9947  -2.073  -63.261  23.829 0.6000000238
16249  -2.419  -56.097  15.876 0.6000000238
111374  -2.360  -55.402  18.211 0.6000000238
17105  -3.384  -55.393  19.928 0.6999999881
17967  -2.224  -54.562  18.260 0.6000000238
17075  -3.821  -55.851  21.581 0.8000000119
17091  -3.543  -55.112  21.174 0.8000000119
114039  -3.117  -54.947  22.381 0.8000000119
17117  -2.062  -55.057  17.975 0.6000000238
17118  -2.705  -54.923  18.979 0.6000000238
111990  -3.268  -54.706  20.150 0.6999999881
116992  -2.275  -53.993  18.389 0.5000000000
17938  -0.813  -54.506  21.713 0.8000000119
17939  -3.256  -54.020  20.989 0.8000000119
17925  -3.287  -54.541  21.987 0.8000000119
17954  -3.019  -54.104  19.679 0.6999999881
18770  -1.388  -53.272  21.903 0.8000000119
17924  -2.841  -54.007  22.313 0.8000000119
18814  -2.630  -53.608  19.037 0.5000000000
18798  -3.080  -53.123  20.119 0.6999999881
19713  -2.073  -52.506  18.565 0.6000000238
18771  -2.198  -53.157  22.172 0.6999999881
113435  -3.113  -53.692  21.863 0.8000000119
19678  -2.960  -52.326  20.607 0.6999999881
19677  -0.554  -52.028  21.236 0.8000000119
20521  -1.524  -51.783  21.616 0.6999999881
19663  -2.695  -52.422  21.382 0.6999999881
20564  -2.649  -51.506  20.017 0.6000000238
19693  -2.910  -52.281  19.827 0.6999999881
19714  -2.502  -51.947  19.188 0.6000000238
20583  -1.686  -51.769  18.370 0.6000000238
20540  -0.139  -51.316  20.958 0.8000000119
20541  -0.838  -51.160  21.293 0.6999999881
20522  -2.263  -51.745  21.391 0.6999999881
20542  -1.678  -51.081  21.253 0.6999999881
21444  -2.263  -50.565  19.713 0.6000000238
125494  -2.680  -51.836  20.831 0.6999999881
20543  -2.357  -51.231  20.720 0.6999999881
22305  -1.948  -49.831  19.368 0.6000000238
119842  -1.640  -50.741  18.497 0.6000000238
23162  -0.303  -48.871  19.364 0.6000000238
23163  -1.103  -49.008  19.077 0.6000000238
23197  -0.987  -48.428  18.391 0.6000000238
108668  -0.998  -47.732  18.008 0.6000000238
23181  -0.890  -48.102  18.457 0.6000000238
110388  4.573  -44.758  16.609 0.6999999881
26868  4.084  -44.561  16.771 0.6000000238
25925  0.468  -45.829  17.377 0.6000000238
25924  1.611  -45.758  17.356 0.6000000238
25017  -0.778  -46.100  16.988 0.5000000000
26869  3.719  -44.410  16.881 0.6000000238
25948  1.021  -45.371  16.944 0.6000000238
28522  7.573  -41.826  16.654 0.6999999881
26867  5.071  -44.030  16.699 0.6999999881
29412  8.187  -41.365  16.699 0.6999999881
29413  7.354  -41.222  16.975 0.6999999881
25921  3.996  -45.647  16.729 0.6999999881
26871  1.932  -45.123  16.950 0.6000000238
25949  0.063  -45.231  16.627 0.5000000000
26908  1.318  -43.845  15.694 0.6000000238
26894  0.905  -44.661  16.280 0.5000000000
26870  2.914  -44.833  16.883 0.6000000238
26893  2.145  -44.420  16.441 0.6000000238
26892  3.117  -44.088  16.726 0.6000000238
29411  8.875  -40.795  16.788 0.6999999881
113830  8.040  -40.767  16.948 0.6000000238
30354  7.609  -40.566  16.925 0.5000000000
29426  6.439  -41.229  16.960 0.4000000060
31245  8.548  -39.621  16.635 0.4000000060
30364  7.241  -40.369  16.908 0.5000000000
127339  6.977  -40.194  16.659 0.4000000060
30368  6.454  -40.225  16.252 0.4000000060
494  17.463  -80.644  1.618 0.5000000000
1637  0.784  -77.345  -0.555 0.6999999881
3076  0.919  -74.874  -3.256 0.6999999881
6496  -3.983  -68.325  21.447 0.8000000119
17923  -1.788  -53.935  22.157 0.8000000119
21460  -2.049  -50.381  19.080 0.6000000238
25926  -0.393  -45.721  16.960 0.5000000000
339  15.371  -81.676  2.293 0.5000000000
486  17.525  -80.666  3.323 0.5000000000
489  18.079  -80.375  2.763 0.5000000000
211  3.857  -81.704  21.455 0.8000000119
127748  5.957  -78.206  -2.470 0.5000000000
1280  3.966  -78.645  -0.520 0.5000000000
116584  0.553  -75.130  -2.574 0.6999999881
1279  4.985  -78.725  -0.999 0.5000000000
1644  5.104  -78.215  -1.106 0.5000000000
112067  -4.381  -71.679  20.740 0.8000000119
7090  -3.636  -67.596  21.941 0.8000000119
8422  -1.698  -64.980  23.015 0.6000000238
15341  -1.811  -56.168  16.486 0.6000000238
16237  -1.784  -55.915  17.332 0.6000000238
16224  -1.846  -55.515  17.546 0.6000000238
22304  -1.301  -49.249  18.953 0.6000000238
28524  6.262  -42.247  16.760 0.6999999881
116043  4.535  -43.515  16.965 0.6000000238
29414  6.688  -41.543  16.940 0.6999999881
28525  6.108  -41.952  16.845 0.5000000000
28547  5.462  -42.338  16.798 0.6000000238
4570  -4.287  -71.112  20.085 0.8000000119
27686  5.565  -42.812  16.785 0.6000000238
60  2.762  -82.605  18.597 0.8999999762
51  3.474  -82.290  19.863 0.8999999762
5262  -2.884  -70.127  16.120 0.8999999762
5915  -2.705  -69.587  16.928 0.8999999762
9182  -3.361  -64.169  21.422 0.6999999881
17106  -3.733  -55.823  20.797 0.6999999881
115875  -0.836  -53.768  21.617 0.8000000119
129406  -3.123  -65.380  20.404 0.8000000119
123979  -2.912  -63.805  22.790 0.6999999881
27684  6.528  -42.558  16.553 0.6999999881
28523  6.898  -41.921  16.809 0.6999999881
3643  1.234  -73.122  -3.629 0.6999999881
682  17.957  -79.841  -1.751 0.5000000000
934  19.336  -79.016  -2.168 0.5000000000
7765  -3.326  -67.283  19.046 0.8000000119
24081  0.045  -47.286  18.453 0.6000000238
24083  -0.993  -47.405  17.943 0.6000000238
27685  5.968  -43.043  16.642 0.6999999881
1278  5.604  -78.495  -1.842 0.5000000000
21428  -2.033  -50.476  20.503 0.6000000238
22286  -0.948  -49.287  19.971 0.6000000238
1413  -2.682  -77.337  19.715 0.8999999762
490  17.518  -80.627  2.491 0.5000000000
2090  6.751  -77.157  -3.579 0.5000000000
112116  1.445  -75.378  -3.772 0.6000000238
3359  -3.693  -73.910  19.977 0.8000000119
3368  -2.904  -73.583  19.309 0.8000000119
2820  -2.465  -74.256  19.040 0.8999999762
2828  -2.450  -74.212  18.193 0.8999999762
124958  -3.766  -73.259  19.646 0.8000000119
3377  -2.564  -73.715  18.655 0.8000000119
4578  -3.957  -71.368  19.233 0.8000000119
122373  -2.671  -70.628  18.056 0.8000000119
5244  -3.358  -70.629  18.936 0.8000000119
123193  -2.893  -70.243  18.769 0.8000000119
123322  -2.198  -66.586  21.579 0.6999999881
6495  -2.758  -68.062  21.129 0.8000000119
6529  -2.407  -68.457  20.295 0.8000000119
7114  -2.538  -67.412  20.098 0.8000000119
9961  -0.445  -63.954  22.511 0.6000000238
8449  -2.636  -65.034  21.630 0.6999999881
108020  -2.890  -66.271  20.299 0.8000000119
17966  -1.547  -54.845  17.764 0.6000000238
19661  -1.462  -52.569  21.806 0.8000000119
19662  -2.231  -52.410  21.920 0.6999999881
20584  -2.275  -51.106  19.145 0.6000000238
27688  4.341  -43.950  16.917 0.6000000238
27712  3.923  -43.762  16.948 0.6000000238
27687  4.907  -43.512  16.859 0.6999999881
28549  4.226  -43.115  16.764 0.6000000238
30353  8.513  -40.165  16.853 0.4000000060
30355  6.989  -40.914  17.007 0.5000000000
29427  5.808  -41.561  16.774 0.5000000000
111991  -0.761  -49.518  17.563 0.6000000238
28548  4.716  -42.455  16.531 0.5000000000
200  3.600  -81.567  23.260 0.6999999881
202  2.830  -81.388  22.994 0.6999999881
206  3.442  -81.496  22.238 0.6999999881
112222  1.424  -80.342  26.287 0.6000000238
369  1.526  -80.729  25.432 0.6000000238
375  2.975  -81.248  24.461 0.6000000238
377  1.224  -80.870  24.400 0.6999999881
201  3.073  -81.490  23.721 0.6999999881
382  2.038  -81.002  23.265 0.6999999881
701  -0.133  -79.297  26.973 0.6000000238
529  0.866  -80.362  25.892 0.6000000238
534  -0.146  -80.465  24.213 0.6999999881
378  0.540  -80.732  24.102 0.6999999881
1358  -2.844  -77.422  25.933 0.6999999881
988  -2.013  -77.750  26.826 0.5000000000
702  -1.064  -78.949  26.700 0.6000000238
1015  -2.736  -77.970  23.159 0.8000000119
716  -2.137  -78.717  24.374 0.6999999881
706  -0.719  -79.641  25.915 0.6000000238
531  -1.084  -79.787  25.058 0.6000000238
535  -0.986  -80.092  24.169 0.6999999881
1802  -3.962  -76.148  25.036 0.6000000238
1789  -3.289  -76.168  26.274 0.5000000000
1812  -3.974  -76.229  24.018 0.6999999881
1372  -3.106  -77.318  25.024 0.6999999881
112071  -3.289  -77.058  23.468 0.6999999881
125834  -3.071  -77.443  24.033 0.6999999881
996  -1.732  -78.492  26.328 0.6000000238
1393  -2.937  -77.457  22.364 0.8000000119
712  -1.592  -79.414  24.528 0.6999999881
124240  -2.358  -78.741  22.697 0.8000000119
715  -1.577  -79.793  23.559 0.6999999881
719  -1.536  -79.918  22.845 0.8000000119
2244  -4.332  -75.354  24.063 0.6000000238
2243  -4.125  -75.880  23.198 0.6999999881
2258  -3.736  -75.866  22.223 0.6999999881
2259  -4.374  -75.094  22.996 0.5000000000
2271  -4.144  -75.169  22.004 0.6999999881
109123  -4.628  -74.078  23.276 0.5000000000
129764  -4.597  -73.974  22.520 0.6999999881
3333  -4.653  -73.440  22.770 0.6000000238
111422  -4.375  -73.167  21.114 0.6999999881
123797  -4.574  -72.166  22.245 0.6000000238
112661  -4.699  -71.292  21.771 0.6999999881
15317  -0.983  -56.595  17.478 0.5000000000
15292  -0.956  -56.149  17.871 0.5000000000
17116  -1.154  -55.505  17.794 0.5000000000
30352  9.573  -40.205  16.887 0.5000000000
31235  9.448  -39.497  16.719 0.4000000060
122501  -4.925  -70.361  22.158 0.6999999881
537  -0.505  -80.384  23.603 0.6999999881
127940  -1.929  -79.296  23.756 0.6999999881
1029  -2.751  -78.103  21.589 0.8000000119
1824  -3.534  -76.520  22.862 0.6999999881
2810  -4.180  -73.996  20.766 0.6999999881
5874  -4.772  -69.565  21.599 0.6999999881
125079  -4.441  -68.285  22.190 0.5000000000
376  2.087  -80.995  24.555 0.6999999881
1007  -2.509  -78.046  25.132 0.6999999881
5205  -4.893  -71.016  22.753 0.6000000238
46  4.220  -81.949  20.774 0.6000000238
26964  2.724  -43.324  12.524 0.3000000119
26965  2.120  -43.586  12.595 0.3000000119
26941  3.008  -44.233  12.974 0.4000000060
27784  3.032  -42.767  12.382 0.3000000119
122331  1.272  -44.912  13.273 0.4000000060
26942  1.899  -44.436  13.021 0.4000000060
109705  -0.101  -49.266  11.587 0.3000000119
23280  0.213  -48.597  11.269 0.3000000119
43  10.842  -82.605  5.069 0.6000000238
47  3.650  -81.945  20.601 0.8999999762
48  3.299  -81.538  21.242 0.8999999762
49  5.061  -82.028  20.073 0.8000000119
50  4.482  -82.179  20.130 0.6000000238
55  3.429  -82.588  19.132 0.8999999762
57  2.132  -82.005  19.169 1.0000000000
58  4.080  -82.693  18.228 0.8000000119
61  2.117  -82.276  18.619 1.0000000000
63  2.941  -82.795  17.792 0.8999999762
65  3.175  -82.818  17.070 0.8999999762
136  2.228  -82.235  9.073 0.8000000119
146  5.382  -82.350  8.168 0.6000000238
163  9.590  -82.572  5.047 0.6000000238
166  14.704  -81.897  4.202 0.5000000000
175  14.009  -82.200  3.548 0.6000000238
177  11.959  -82.785  3.355 0.6999999881
186  10.443  -82.878  2.730 0.6999999881
187  9.755  -82.679  2.380 0.6999999881
205  4.077  -81.580  22.368 0.6999999881
212  2.722  -81.271  21.060 1.0000000000
220  1.224  -81.553  19.083 1.0000000000
224  4.985  -82.322  18.113 0.6999999881
227  1.552  -82.174  17.420 1.0000000000
233  3.348  -82.699  16.486 0.8000000119
235  1.879  -82.469  16.433 1.0000000000
243  3.506  -82.307  15.908 0.6999999881
249  1.721  -82.157  14.937 1.0000000000
264  -0.153  -81.229  11.569 1.0000000000
271  1.322  -80.949  10.249 0.6999999881
279  0.044  -80.971  10.252 1.0000000000
295  1.643  -81.784  8.685 1.0000000000
296  1.028  -81.255  8.643 1.0000000000
312  4.689  -81.621  6.676 0.8000000119
314  2.953  -81.441  6.751 0.8000000119
328  6.403  -81.422  4.377 0.8999999762
335  7.964  -81.838  3.332 1.0000000000
340  9.218  -81.997  2.088 0.8999999762
346  13.222  -82.454  1.115 0.8000000119
349  9.276  -81.488  1.309 1.0000000000
356  11.017  -81.613  0.431 0.8999999762
368  2.524  -80.849  25.409 0.6000000238
370  0.503  -80.538  24.980 0.6000000238
381  2.470  -81.259  23.804 0.6999999881
383  1.105  -80.822  23.533 0.6999999881
384  0.182  -80.610  23.514 0.6999999881
387  1.531  -80.606  22.319 1.0000000000
389  -0.373  -80.407  22.958 1.0000000000
392  1.649  -80.345  21.718 1.0000000000
396  2.245  -80.585  20.874 1.0000000000
399  1.577  -81.317  19.615 1.0000000000
402  1.412  -81.260  19.476 1.0000000000
408  0.662  -81.306  17.831 1.0000000000
421  0.018  -81.273  15.408 1.0000000000
427  1.617  -82.019  14.086 1.0000000000
438  0.162  -81.496  13.790 1.0000000000
447  -0.062  -81.381  12.176 0.8999999762
459  -0.243  -80.808  10.050 1.0000000000
461  0.497  -81.131  9.068 1.0000000000
462  -0.003  -80.867  9.218 1.0000000000
465  0.243  -80.486  8.700 1.0000000000
468  1.644  -81.100  7.565 0.8999999762
472  2.460  -81.006  6.843 1.0000000000
476  3.773  -80.985  5.915 0.8999999762
477  3.159  -80.765  6.388 1.0000000000
484  4.018  -80.539  5.820 0.8999999762
487  7.015  -81.222  3.002 1.0000000000
507  11.080  -81.176  0.113 0.8999999762
522  0.834  -79.924  26.827 0.6000000238
523  0.118  -80.044  25.940 0.6000000238
530  -0.418  -80.129  25.025 0.6000000238
544  -1.683  -79.730  22.212 0.8000000119
548  -1.389  -79.818  21.633 1.0000000000
551  2.363  -80.163  20.831 1.0000000000
553  -0.596  -79.953  21.065 1.0000000000
555  -1.564  -79.560  21.136 1.0000000000
557  2.783  -79.837  20.217 1.0000000000
562  2.368  -80.184  19.606 1.0000000000
564  0.699  -80.972  18.198 1.0000000000
577  0.573  -80.220  17.152 1.0000000000
585  -0.139  -80.908  15.707 1.0000000000
592  2.909  -81.104  13.609 0.6999999881
624  -0.026  -80.204  9.183 1.0000000000
625  -0.235  -80.579  9.656 1.0000000000
631  0.786  -80.488  8.082 1.0000000000
633  2.182  -80.435  7.033 1.0000000000
637  3.351  -80.422  6.467 1.0000000000
642  11.468  -79.682  4.319 0.8999999762
643  10.557  -79.737  4.465 1.0000000000
644  9.071  -79.885  3.825 1.0000000000
649  4.417  -80.433  5.332 1.0000000000
650  3.926  -80.356  5.987 1.0000000000
657  6.102  -80.894  3.509 1.0000000000
660  12.736  -79.416  2.536 0.8999999762
663  9.566  -80.135  2.211 1.0000000000
676  10.301  -80.782  0.414 0.8999999762
685  12.751  -80.643  -1.103 0.8999999762
707  -1.375  -79.197  25.636 0.6000000238
708  -1.974  -78.686  25.339 0.6999999881
720  -1.950  -79.409  22.911 0.8000000119
726  2.058  -79.789  20.923 1.0000000000
727  0.953  -79.720  20.925 1.0000000000
729  -1.056  -79.724  20.386 1.0000000000
737  3.116  -79.276  20.124 1.0000000000
738  0.291  -79.456  20.220 1.0000000000
740  -1.348  -79.269  19.742 1.0000000000
751  -1.743  -78.776  19.039 1.0000000000
763  -1.663  -78.340  17.462 1.0000000000
818  -1.652  -78.013  11.339 1.0000000000
821  0.421  -79.217  10.067 1.0000000000
826  0.384  -79.533  9.345 1.0000000000
831  1.104  -79.189  8.849 1.0000000000
836  1.541  -79.872  7.616 1.0000000000
841  11.560  -79.072  5.940 1.0000000000
842  10.707  -79.193  6.015 1.0000000000
849  2.727  -80.033  6.964 1.0000000000
850  1.884  -80.169  7.184 1.0000000000
853  12.372  -79.109  4.967 1.0000000000
857  6.810  -79.303  5.132 1.0000000000
860  3.836  -79.924  6.352 1.0000000000
861  3.456  -80.150  6.609 1.0000000000
864  12.644  -78.841  4.187 1.0000000000
866  12.148  -79.395  4.555 0.8999999762
873  4.528  -80.142  4.953 1.0000000000
877  12.707  -79.238  3.376 0.8999999762
879  13.495  -78.986  1.994 0.8999999762
888  13.565  -79.180  1.404 0.8999999762
889  12.975  -79.478  1.639 0.8999999762
891  6.285  -79.549  1.012 0.8999999762
893  4.296  -79.886  1.164 0.8999999762
895  2.225  -78.702  1.060 0.8000000119
905  3.963  -79.775  0.578 0.6999999881
906  2.868  -78.800  0.596 0.6999999881
914  7.253  -79.815  -1.167 0.8999999762
915  5.781  -79.950  -0.739 0.8999999762
918  3.535  -79.099  0.141 0.6999999881
919  2.625  -78.601  -0.006 0.5000000000
924  13.615  -79.794  -1.946 0.8999999762
928  6.253  -79.214  -1.935 0.6999999881
940  7.433  -79.167  -2.475 0.6999999881
942  5.989  -78.721  -2.271 0.6999999881
997  -2.363  -78.016  26.081 0.5000000000
1014  -2.269  -78.703  23.480 0.6999999881
1022  -2.616  -78.381  22.141 0.8000000119
1036  2.663  -79.116  20.429 1.0000000000
1038  1.078  -79.334  20.478 1.0000000000
1047  3.189  -78.791  19.673 1.0000000000
1048  2.984  -78.668  19.935 1.0000000000
1052  -2.237  -78.446  19.563 1.0000000000
1053  -2.645  -78.069  20.032 0.8999999762
1059  3.350  -78.149  18.910 1.0000000000
1061  0.631  -78.452  19.039 1.0000000000
1073  -0.857  -78.668  17.265 1.0000000000
1074  -2.086  -77.977  17.554 1.0000000000
1075  -2.422  -77.384  17.770 1.0000000000
1083  3.405  -77.526  17.717 1.0000000000
1084  -1.241  -78.459  16.726 1.0000000000
1098  -1.810  -77.838  15.501 1.0000000000
1112  -1.627  -77.671  13.856 1.0000000000
1135  -2.154  -77.456  12.186 1.0000000000
1161  2.120  -78.129  9.192 1.0000000000
1176  11.964  -77.676  7.088 1.0000000000
1181  7.515  -77.983  6.839 1.0000000000
1187  1.787  -79.231  8.141 1.0000000000
1196  7.145  -78.460  6.393 1.0000000000
1197  6.275  -78.399  6.449 1.0000000000
1198  5.400  -78.643  6.423 1.0000000000
1199  4.596  -78.935  6.520 1.0000000000
1201  3.004  -79.441  7.152 1.0000000000
1207  12.363  -78.648  5.244 0.8999999762
1217  12.405  -78.500  4.655 0.8999999762
1223  12.632  -78.653  3.845 0.8999999762
1226  4.459  -78.297  3.297 0.8999999762
1228  3.056  -77.610  3.056 0.8999999762
1232  13.216  -78.932  2.754 0.8999999762
1233  12.951  -78.695  3.149 0.8999999762
1242  2.057  -78.097  1.915 0.8999999762
1248  9.147  -78.522  1.379 0.8999999762
1249  8.457  -78.845  1.035 0.8999999762
1252  2.364  -78.724  1.657 0.8999999762
1256  14.025  -78.429  0.166 0.8999999762
1258  9.344  -78.725  0.018 0.8999999762
1261  1.697  -78.329  0.558 0.6999999881
1269  2.376  -78.275  -0.404 0.5000000000
1273  14.162  -78.594  -1.503 0.8999999762
1274  13.784  -77.952  -2.026 0.8999999762
1277  8.664  -79.329  -1.508 0.8999999762
1282  1.945  -77.903  -0.772 0.5000000000
1293  6.318  -78.338  -2.877 0.6000000238
1309  14.250  -78.533  -4.502 0.8000000119
1310  9.577  -77.938  -4.843 0.6999999881
1312  7.806  -77.656  -4.539 0.6999999881
1352  -2.907  -76.873  26.485 0.5000000000
1359  -3.209  -76.828  25.930 0.5000000000
1373  -3.567  -76.471  25.487 0.6000000238
1383  -2.610  -78.027  24.161 0.6999999881
1384  -3.547  -76.796  24.503 0.6999999881
1398  -2.823  -77.502  21.415 0.8999999762
1405  -2.734  -77.475  20.596 0.8999999762
1411  2.628  -78.075  19.449 1.0000000000
1425  1.196  -77.767  18.670 1.0000000000
1436  0.883  -77.489  17.942 1.0000000000
1462  0.109  -77.278  15.584 1.0000000000
1476  -2.294  -77.167  14.343 1.0000000000
1510  -2.461  -76.912  11.038 1.0000000000
1511  -2.645  -76.690  11.768 1.0000000000
1526  11.863  -76.879  7.676 1.0000000000
1527  11.485  -77.060  7.969 1.0000000000
1528  10.769  -77.159  8.068 1.0000000000
1532  6.127  -76.976  8.080 1.0000000000
1536  2.808  -77.833  8.889 1.0000000000
1543  10.216  -77.661  7.569 1.0000000000
1547  5.568  -77.945  7.466 1.0000000000
1550  -0.329  -77.506  7.597 1.0000000000
1559  -1.677  -77.104  6.468 1.0000000000
1560  -2.128  -76.978  7.152 1.0000000000
1570  -1.321  -77.019  5.754 1.0000000000
1577  10.641  -77.563  4.414 0.8999999762
1580  7.892  -77.702  4.442 0.8999999762
1581  6.269  -77.637  4.569 0.8999999762
1588  12.513  -78.374  3.485 0.8999999762
1590  10.945  -77.771  3.552 0.8999999762
1591  10.069  -77.961  3.170 0.8999999762
1595  5.761  -78.087  4.048 0.8999999762
1596  4.155  -77.620  3.914 0.8999999762
1598  2.853  -77.177  3.154 0.8999999762
1612  9.856  -78.296  1.694 0.8999999762
1613  1.154  -77.238  1.521 0.8000000119
1614  0.780  -77.078  0.892 0.8000000119
1619  12.702  -77.705  0.030 0.8999999762
1625  0.653  -77.276  0.219 0.6999999881
1643  10.883  -78.252  -2.573 0.8999999762
1662  13.233  -77.825  -3.385 0.8999999762
1670  12.295  -77.418  -5.496 0.8000000119
1790  -3.845  -75.707  25.740 0.6000000238
1803  -4.154  -75.510  25.005 0.6000000238
1867  2.383  -76.196  17.827 1.0000000000
1889  -2.736  -75.370  15.236 1.0000000000
1900  -2.665  -76.229  14.222 1.0000000000
1911  -2.660  -76.390  13.393 1.0000000000
1912  -2.667  -75.388  13.956 1.0000000000
1920  3.590  -76.203  12.400 1.0000000000
1929  -0.113  -77.516  11.068 1.0000000000
1931  -2.580  -76.217  11.975 1.0000000000
1935  3.590  -76.478  10.835 1.0000000000
1939  -2.388  -76.583  10.493 1.0000000000
1952  11.693  -76.412  8.173 1.0000000000
1954  9.610  -76.574  8.330 1.0000000000
1959  4.884  -76.857  8.799 1.0000000000
1960  4.039  -76.951  9.015 1.0000000000
1965  11.905  -76.582  7.508 1.0000000000
1979  1.089  -76.395  6.785 1.0000000000
1986  11.987  -77.409  6.370 0.8999999762
1987  11.605  -77.076  6.067 1.0000000000
1995  -0.609  -76.965  5.389 1.0000000000
2001  5.142  -76.831  4.967 0.8999999762
2004  -1.286  -76.194  5.459 1.0000000000
2005  -1.949  -75.704  4.993 1.0000000000
2012  2.362  -76.933  3.062 0.8999999762
2020  1.954  -77.082  2.675 0.8999999762
2067  0.601  -76.604  -1.672 0.6999999881
2107  10.301  -76.159  -6.527 0.6999999881
2109  17.240  -75.942  -6.946 0.5000000000
2110  16.425  -75.821  -7.098 0.5000000000
2113  13.179  -75.914  -7.087 0.5000000000
2270  -3.569  -75.382  21.446 0.6999999881
2285  -2.425  -74.961  19.473 0.8999999762
2292  -2.452  -74.958  18.694 0.8999999762
2293  -2.877  -75.719  18.214 0.8999999762
2305  -2.767  -75.461  16.068 1.0000000000
2317  4.494  -75.011  16.374 1.0000000000
2330  -3.206  -74.593  14.653 1.0000000000
2337  5.258  -74.625  13.765 1.0000000000
2339  3.969  -75.813  13.206 1.0000000000
2351  -2.402  -75.692  12.329 1.0000000000
2352  -2.581  -75.756  12.892 1.0000000000
2370  1.522  -75.888  10.484 1.0000000000
2375  11.480  -75.215  8.670 1.0000000000
2376  11.075  -75.346  9.056 1.0000000000
2379  7.232  -75.324  9.405 1.0000000000
2384  -1.729  -75.107  9.768 1.0000000000
2385  -2.055  -75.498  9.139 1.0000000000
2391  11.710  -75.845  8.323 1.0000000000
2394  6.865  -75.872  8.907 1.0000000000
2396  2.254  -75.260  8.937 1.0000000000
2398  -2.267  -75.896  8.462 1.0000000000
2404  11.845  -75.774  7.768 1.0000000000
2405  11.558  -74.864  7.768 1.0000000000
2408  -2.351  -76.010  6.940 1.0000000000
2415  8.774  -75.530  6.474 0.8999999762
2417  7.441  -75.084  6.124 1.0000000000
2418  1.905  -75.411  6.698 1.0000000000
2420  -2.267  -75.745  6.154 1.0000000000
2427  4.982  -75.401  5.051 0.8999999762
2428  1.255  -75.503  5.520 1.0000000000
2430  -2.175  -75.517  5.422 1.0000000000
2441  -0.303  -75.649  4.290 1.0000000000
2443  -1.755  -75.064  4.636 1.0000000000
2452  2.479  -76.208  3.153 0.8999999762
2454  -0.640  -75.053  4.107 1.0000000000
2477  1.562  -75.171  1.955 0.8999999762
2478  1.010  -75.493  1.496 0.8999999762
2532  1.543  -76.534  -3.065 0.5000000000
2784  -4.433  -74.503  22.296 0.6999999881
2796  -4.101  -74.721  21.345 0.8000000119
2808  -2.642  -74.990  20.130 0.8000000119
2809  -3.343  -74.632  20.554 0.8000000119
2829  -2.820  -75.068  17.986 0.8999999762
2845  4.294  -74.548  16.454 1.0000000000
2856  3.341  -74.542  16.564 1.0000000000
2858  -3.282  -74.255  15.152 1.0000000000
2865  5.821  -73.738  14.632 1.0000000000
2866  5.577  -73.654  15.094 1.0000000000
2867  5.222  -74.136  15.463 1.0000000000
2868  2.740  -74.420  14.501 1.0000000000
2869  2.147  -75.045  14.856 1.0000000000
2870  -3.785  -73.739  13.130 1.0000000000
2877  6.225  -73.574  14.135 1.0000000000
2881  -1.221  -74.009  13.153 1.0000000000
2884  -4.025  -74.173  13.255 1.0000000000
2885  -4.219  -73.982  13.724 1.0000000000
2894  5.859  -74.174  13.271 1.0000000000
2896  2.073  -75.119  12.944 1.0000000000
2897  -0.707  -73.886  12.776 1.0000000000
2908  3.081  -74.300  11.150 1.0000000000
2912  -1.859  -75.426  11.732 1.0000000000
2920  8.816  -73.522  10.491 1.0000000000
2924  2.684  -74.737  10.458 1.0000000000
2933  11.287  -74.592  9.222 1.0000000000
2938  3.329  -74.301  9.153 1.0000000000
2949  11.557  -74.240  8.675 1.0000000000
2950  3.366  -74.192  8.315 1.0000000000
2952  -1.451  -74.295  8.489 1.0000000000
2957  11.550  -74.123  8.387 1.0000000000
2959  9.020  -73.705  7.204 1.0000000000
2961  2.838  -74.594  7.682 1.0000000000
2964  11.153  -75.189  7.337 1.0000000000
2969  6.907  -74.481  6.039 0.8999999762
2972  -2.170  -74.967  5.844 1.0000000000
2979  6.099  -74.587  5.777 1.0000000000
2980  5.419  -74.690  5.190 0.8999999762
2981  4.776  -74.751  4.899 0.8999999762
2982  2.237  -74.402  5.762 1.0000000000
2983  1.558  -74.852  5.258 1.0000000000
2997  3.769  -74.782  4.104 0.8999999762
2999  0.407  -75.145  3.925 1.0000000000
3012  -1.178  -74.144  3.634 1.0000000000
3023  3.152  -73.839  2.717 0.8999999762
3025  -0.620  -74.181  2.836 1.0000000000
3026  -0.956  -74.037  3.075 1.0000000000
3063  -0.115  -74.389  -1.297 0.8000000119
3075  1.510  -74.097  -4.008 0.6000000238
3347  -4.502  -73.844  21.809 0.6999999881
3369  -4.052  -72.699  19.725 0.8000000119
3387  -2.522  -73.338  18.066 0.8000000119
3393  3.962  -74.188  16.407 1.0000000000
3394  -2.873  -73.404  16.418 1.0000000000
3399  3.566  -74.038  16.011 1.0000000000
3409  5.518  -73.127  14.952 1.0000000000
3422  7.219  -72.456  13.538 1.0000000000
3427  -1.473  -73.655  13.510 1.0000000000
3429  -4.149  -73.245  13.140 1.0000000000
3430  -4.298  -73.174  13.480 1.0000000000
3438  7.729  -72.379  13.014 1.0000000000
3440  4.052  -73.317  13.050 1.0000000000
3451  4.299  -73.303  11.640 1.0000000000
3463  11.108  -73.216  9.727 1.0000000000
3477  11.422  -73.763  9.328 1.0000000000
3480  3.795  -73.828  9.825 1.0000000000
3483  11.640  -73.467  8.822 1.0000000000
3487  -1.502  -74.017  7.773 1.0000000000
3490  11.219  -73.748  8.071 1.0000000000
3491  10.427  -72.890  8.067 1.0000000000
3493  8.964  -72.734  7.164 1.0000000000
3496  -1.167  -73.617  7.362 1.0000000000
3508  3.362  -73.563  6.598 1.0000000000
3542  -1.526  -74.034  4.568 1.0000000000
3551  5.029  -72.877  3.964 0.8999999762
3554  1.378  -73.471  3.527 1.0000000000
3571  4.068  -72.841  2.843 1.0000000000
3572  3.430  -73.233  2.439 0.8999999762
3575  -0.536  -73.688  2.462 1.0000000000
3644  0.852  -73.893  -3.265 0.6999999881
3944  -4.263  -72.551  20.480 0.8000000119
3958  -3.561  -72.779  19.028 0.8000000119
3982  -3.502  -72.565  15.273 1.0000000000
3995  5.451  -72.667  14.612 1.0000000000
3996  4.758  -72.795  14.497 1.0000000000
3999  -4.042  -72.365  13.312 1.0000000000
4008  7.086  -72.038  13.733 1.0000000000
4010  5.995  -72.177  14.232 1.0000000000
4013  0.142  -72.364  14.381 1.0000000000
4016  -4.229  -72.830  13.491 1.0000000000
4026  8.073  -71.890  12.950 1.0000000000
4029  5.217  -72.347  13.175 1.0000000000
4040  9.657  -71.430  11.663 1.0000000000
4044  -0.046  -72.405  11.425 1.0000000000
4052  11.072  -71.732  10.752 1.0000000000
4054  6.414  -71.979  11.167 1.0000000000
4055  4.867  -72.979  10.925 1.0000000000
4062  5.026  -72.996  9.875 1.0000000000
4064  -0.649  -73.112  9.411 1.0000000000
4067  11.670  -72.616  8.880 1.0000000000
4068  11.396  -72.009  8.713 1.0000000000
4072  -0.593  -73.126  8.631 1.0000000000
4083  4.378  -73.004  7.543 1.0000000000
4095  8.804  -71.987  6.715 1.0000000000
4099  -0.967  -73.034  6.876 1.0000000000
4109  6.887  -72.700  5.467 1.0000000000
4112  3.013  -73.005  5.095 1.0000000000
4113  -1.360  -72.852  4.722 1.0000000000
4135  -1.348  -72.687  3.318 1.0000000000
4148  0.824  -72.689  2.327 1.0000000000
4160  4.215  -71.867  1.743 1.0000000000
4188  0.438  -72.804  -1.132 0.8000000119
4203  0.389  -72.533  -2.394 0.8000000119
4212  1.042  -72.318  -3.379 0.8000000119
4220  2.234  -72.695  -4.462 0.6000000238
4562  -4.554  -70.900  20.813 0.8000000119
4614  0.833  -71.273  15.172 1.0000000000
4625  -2.765  -71.647  13.838 1.0000000000
4626  -3.911  -71.668  13.934 1.0000000000
4635  -1.684  -72.172  13.922 1.0000000000
4638  -2.905  -71.224  14.505 1.0000000000
4650  7.664  -71.804  13.195 1.0000000000
4652  6.482  -71.730  13.384 1.0000000000
4668  11.593  -71.368  10.414 1.0000000000
4702  10.725  -70.691  7.977 1.0000000000
4705  6.212  -71.397  7.828 1.0000000000
4715  9.843  -70.604  6.667 1.0000000000
4720  -0.214  -71.436  6.085 1.0000000000
4721  -0.665  -72.048  6.348 1.0000000000
4725  9.524  -70.230  5.928 1.0000000000
4726  8.982  -70.698  5.539 1.0000000000
4736  7.926  -70.905  4.451 1.0000000000
4741  -0.580  -71.278  4.071 1.0000000000
4745  6.783  -71.131  3.477 1.0000000000
4756  5.895  -71.070  2.542 1.0000000000
4770  5.819  -70.526  1.874 1.0000000000
4781  4.223  -70.889  0.695 1.0000000000
4783  2.735  -71.697  0.021 0.8999999762
4784  -0.367  -71.262  -0.068 1.0000000000
4791  3.095  -70.945  -0.282 0.8999999762
4802  0.855  -71.236  -1.944 0.8000000119
4803  0.579  -71.818  -2.340 0.8000000119
4831  1.623  -71.263  -3.946 0.8000000119
4847  2.180  -71.830  -4.350 0.6999999881
5269  0.451  -70.973  15.615 1.0000000000
5270  -0.203  -70.643  15.509 1.0000000000
5293  1.666  -70.742  14.005 1.0000000000
5295  -1.825  -71.019  13.393 1.0000000000
5296  -2.040  -70.617  13.264 1.0000000000
5297  -2.593  -70.546  13.978 1.0000000000
5317  11.420  -70.672  10.420 1.0000000000
5319  10.146  -70.404  10.909 1.0000000000
5331  11.414  -70.394  9.688 1.0000000000
5332  10.791  -70.164  10.119 1.0000000000
5344  11.529  -70.735  9.195 1.0000000000
5345  11.058  -70.321  8.540 1.0000000000
5349  0.209  -71.386  8.448 1.0000000000
5361  10.091  -69.737  7.228 1.0000000000
5368  6.761  -69.967  5.672 1.0000000000
5371  0.492  -70.310  5.119 1.0000000000
5375  8.755  -69.686  4.573 1.0000000000
5379  4.147  -71.008  4.028 1.0000000000
5380  0.351  -69.926  4.363 1.0000000000
5389  8.301  -69.377  3.942 1.0000000000
5391  7.218  -70.351  2.987 1.0000000000
5409  3.591  -70.248  2.552 1.0000000000
5410  2.552  -70.869  2.174 1.0000000000
5413  -2.095  -70.001  1.385 1.0000000000
5423  5.592  -70.059  1.293 1.0000000000
5426  1.615  -70.538  0.992 1.0000000000
5427  0.611  -70.895  0.411 1.0000000000
5428  -2.136  -70.623  0.959 1.0000000000
5443  -0.915  -70.865  -0.534 1.0000000000
5445  -2.016  -70.402  0.294 1.0000000000
5459  -0.625  -70.311  -0.869 1.0000000000
5460  -1.332  -70.090  -0.742 1.0000000000
5461  -1.764  -69.965  -0.340 1.0000000000
5475  2.907  -69.779  -1.258 0.8999999762
5494  1.008  -70.657  -2.689 0.8000000119
5509  0.929  -71.120  -3.156 0.8000000119
5537  3.315  -70.657  -5.172 0.6000000238
5899  -2.740  -69.731  19.191 0.8000000119
5945  -1.204  -69.584  14.067 1.0000000000
5947  -3.218  -69.296  14.289 1.0000000000
5966  -2.983  -69.776  14.241 1.0000000000
5996  11.187  -70.192  9.056 1.0000000000
5998  9.655  -69.737  8.897 1.0000000000
6005  10.671  -69.837  8.556 1.0000000000
6006  10.079  -69.566  8.300 1.0000000000
6010  1.049  -69.908  7.712 1.0000000000
6013  9.775  -69.559  7.509 1.0000000000
6016  1.327  -69.628  6.657 1.0000000000
6019  9.448  -69.577  6.585 1.0000000000
6024  1.563  -69.216  5.563 1.0000000000
6030  8.231  -69.108  4.590 1.0000000000
6033  1.545  -68.795  4.869 1.0000000000
6044  5.264  -70.081  3.990 1.0000000000
6046  0.080  -69.431  3.938 1.0000000000
6049  -1.966  -68.522  3.719 1.0000000000
6061  7.969  -69.066  3.417 1.0000000000
6063  4.367  -69.894  2.924 1.0000000000
6064  -0.447  -70.002  3.596 1.0000000000
6077  7.522  -69.026  2.823 1.0000000000
6082  -1.830  -69.327  2.201 1.0000000000
6093  6.890  -68.852  2.365 1.0000000000
6094  6.403  -68.937  1.747 1.0000000000
6095  5.826  -69.212  1.173 1.0000000000
6099  -2.043  -69.605  0.890 1.0000000000
6113  2.442  -69.139  0.626 1.0000000000
6127  4.896  -68.224  0.027 1.0000000000
6128  4.431  -68.737  -0.499 1.0000000000
6141  3.159  -68.887  -1.552 0.8999999762
6143  -1.137  -69.306  -0.912 1.0000000000
6152  2.583  -68.590  -2.260 0.8999999762
6154  1.332  -69.985  -3.239 0.8000000119
6183  2.750  -69.364  -5.428 0.6999999881
6193  3.820  -68.996  -5.761 0.6000000238
6195  2.727  -68.732  -5.389 0.6999999881
6513  -2.314  -67.680  20.824 0.8000000119
6530  -2.923  -69.330  20.048 0.8000000119
6547  0.932  -68.397  17.480 1.0000000000
6548  -3.155  -68.849  16.960 1.0000000000
6554  3.415  -68.860  16.977 1.0000000000
6558  -3.385  -68.389  16.394 1.0000000000
6565  3.003  -69.331  15.692 1.0000000000
6579  -1.219  -68.555  14.075 1.0000000000
6583  -3.318  -69.153  14.754 1.0000000000
6598  -2.960  -69.017  13.740 1.0000000000
6610  4.333  -67.722  11.137 1.0000000000
6633  -2.015  -67.666  8.905 1.0000000000
6639  -1.869  -67.793  8.064 1.0000000000
6646  -1.920  -67.969  7.232 1.0000000000
6654  -0.718  -68.097  6.719 1.0000000000
6656  -2.037  -67.971  6.461 1.0000000000
6667  7.824  -69.085  4.728 1.0000000000
6669  1.988  -68.249  4.857 1.0000000000
6688  8.132  -69.000  3.923 1.0000000000
6690  7.239  -69.174  4.537 1.0000000000
6692  2.011  -67.916  4.783 1.0000000000
6711  5.743  -68.788  2.661 1.0000000000
6717  7.220  -68.780  2.822 1.0000000000
6720  5.316  -68.536  1.980 1.0000000000
6728  6.270  -68.651  1.915 1.0000000000
6732  3.230  -68.716  0.986 1.0000000000
6745  5.275  -68.188  0.661 1.0000000000
6746  3.480  -67.924  0.679 1.0000000000
6748  2.288  -68.427  0.138 1.0000000000
6756  -1.483  -68.621  -0.418 1.0000000000
6764  4.362  -67.897  -0.616 1.0000000000
6766  -0.104  -68.469  -1.770 1.0000000000
6768  -1.219  -68.654  -0.883 1.0000000000
6789  1.942  -68.599  -4.412 0.8000000119
6813  2.491  -68.123  -5.177 0.6999999881
6822  3.606  -68.280  -5.831 0.6999999881
7128  1.649  -67.883  18.723 1.0000000000
7134  5.568  -68.200  17.229 1.0000000000
7157  -3.516  -67.221  15.911 1.0000000000
7169  -0.749  -68.032  14.937 1.0000000000
7170  -1.544  -67.585  14.506 1.0000000000
7200  -0.688  -67.335  11.088 1.0000000000
7214  4.867  -67.437  10.338 1.0000000000
7217  -1.009  -67.600  10.448 1.0000000000
7218  -1.824  -67.436  10.460 1.0000000000
7226  4.985  -67.140  9.372 1.0000000000
7228  -2.183  -67.334  9.731 1.0000000000
7229  -2.749  -66.979  9.876 1.0000000000
7237  -0.771  -67.893  9.024 1.0000000000
7247  3.936  -66.868  7.230 1.0000000000
7248  0.553  -67.432  6.902 1.0000000000
7250  -2.194  -67.583  7.029 1.0000000000
7264  0.192  -67.792  6.178 1.0000000000
7275  2.267  -67.628  5.147 1.0000000000
7278  0.199  -68.178  5.204 1.0000000000
7280  -2.756  -66.788  6.120 1.0000000000
7288  1.525  -67.859  4.767 1.0000000000
7290  0.123  -68.494  4.620 1.0000000000
7291  -2.400  -67.393  4.457 1.0000000000
7306  5.257  -67.942  1.011 1.0000000000
7307  4.720  -67.798  0.725 1.0000000000
7322  4.219  -67.337  0.163 1.0000000000
7324  2.102  -67.682  -0.343 1.0000000000
7337  -1.264  -67.615  -0.722 1.0000000000
7338  -1.506  -68.187  -0.139 1.0000000000
7345  4.038  -67.197  -0.797 1.0000000000
7346  3.579  -66.865  -1.489 1.0000000000
7347  1.469  -66.668  -1.528 1.0000000000
7350  -1.062  -67.955  -1.341 1.0000000000
7362  2.453  -66.699  -3.386 0.8999999762
7363  0.267  -66.667  -2.794 1.0000000000
7364  -0.931  -67.228  -2.054 1.0000000000
7395  1.882  -67.071  -4.955 0.6999999881
7760  6.520  -67.234  19.575 1.0000000000
7783  6.023  -67.518  18.910 1.0000000000
7812  8.234  -67.249  14.926 1.0000000000
7832  -3.164  -67.175  15.271 1.0000000000
7839  7.688  -67.041  13.490 1.0000000000
7856  1.240  -66.286  12.321 1.0000000000
7861  -3.148  -66.286  11.847 1.0000000000
7866  7.045  -66.237  11.021 1.0000000000
7868  1.490  -66.493  11.485 1.0000000000
7871  -2.017  -67.147  12.009 1.0000000000
7872  -2.782  -66.870  11.448 1.0000000000
7883  5.902  -66.250  9.795 1.0000000000
7894  -3.068  -66.555  9.917 1.0000000000
7898  5.156  -66.162  8.943 1.0000000000
7903  -3.148  -66.480  8.656 1.0000000000
7913  4.282  -66.039  7.919 1.0000000000
7915  3.441  -66.096  7.202 1.0000000000
7918  -3.048  -66.610  7.840 1.0000000000
7928  3.438  -66.580  6.816 1.0000000000
7930  2.097  -66.692  6.238 1.0000000000
7932  -2.862  -66.686  6.982 1.0000000000
7943  2.285  -67.158  5.532 1.0000000000
7958  -1.399  -66.485  2.110 1.0000000000
7967  -1.587  -67.087  1.700 1.0000000000
7980  3.501  -66.836  -0.368 1.0000000000
7981  -1.136  -66.643  0.178 1.0000000000
7992  3.482  -66.533  -0.781 1.0000000000
7993  2.972  -66.229  -0.795 1.0000000000
7994  2.300  -66.218  -1.055 1.0000000000
8003  3.701  -66.687  -0.960 1.0000000000
8018  2.661  -65.886  -2.600 0.8999999762
8019  -0.404  -66.702  -2.753 1.0000000000
8050  5.200  -66.209  -6.004 0.5000000000
8053  1.966  -66.501  -5.403 0.6999999881
8060  3.363  -66.296  -6.195 0.6999999881
8061  2.767  -66.700  -5.908 0.6999999881
8459  7.780  -66.442  20.643 1.0000000000
8476  7.095  -66.834  20.072 1.0000000000
8478  1.404  -65.629  20.294 1.0000000000
8480  -3.306  -65.422  19.674 0.8999999762
8502  -3.513  -66.069  17.855 1.0000000000
8513  0.424  -66.441  18.282 1.0000000000
8528  -2.672  -65.122  16.256 1.0000000000
8531  8.979  -66.903  15.420 1.0000000000
8533  3.307  -64.634  14.324 1.0000000000
8544  9.757  -65.170  14.890 1.0000000000
8546  3.651  -64.942  14.139 1.0000000000
8550  0.313  -65.252  13.863 1.0000000000
8553  8.888  -65.109  13.326 1.0000000000
8555  4.467  -65.152  13.606 1.0000000000
8557  2.402  -65.754  13.450 1.0000000000
8559  0.651  -65.610  13.458 1.0000000000
8561  -2.156  -65.907  13.464 1.0000000000
8563  -3.390  -64.948  13.219 1.0000000000
8575  8.023  -65.360  12.140 1.0000000000
8576  5.340  -65.301  11.652 1.0000000000
8579  2.708  -66.081  12.794 1.0000000000
8580  -2.753  -66.110  13.016 1.0000000000
8593  5.607  -65.440  10.779 1.0000000000
8604  6.512  -65.853  10.523 1.0000000000
8605  5.783  -65.743  10.049 1.0000000000
8611  5.434  -65.956  9.340 1.0000000000
8613  4.226  -65.686  8.834 1.0000000000
8615  -2.849  -65.082  9.261 1.0000000000
8616  -3.109  -65.730  8.931 1.0000000000
8622  4.158  -65.814  8.204 1.0000000000
8624  -2.436  -64.921  8.140 1.0000000000
8651  -2.390  -65.175  6.125 1.0000000000
8656  -2.318  -65.612  4.585 1.0000000000
8665  -1.521  -65.581  3.399 1.0000000000
8672  -0.183  -65.316  2.338 1.0000000000
8673  -1.144  -65.848  2.590 1.0000000000
8717  2.635  -65.674  -2.022 1.0000000000
8720  -1.068  -65.652  -1.932 0.8999999762
8729  2.228  -65.272  -2.730 0.8999999762
8744  1.773  -65.251  -3.503 0.8999999762
8745  1.120  -65.053  -3.834 0.8999999762
8747  -0.381  -65.231  -3.292 0.8999999762
8761  1.376  -65.252  -4.517 0.8999999762
8762  0.508  -64.723  -4.344 0.8999999762
8781  3.773  -65.655  -6.318 0.5000000000
9166  -2.158  -64.367  22.893 0.6999999881
9170  5.691  -65.248  22.957 1.0000000000
9178  8.573  -65.103  22.440 1.0000000000
9211  8.752  -66.259  20.171 1.0000000000
9214  -3.371  -64.104  20.084 0.8999999762
9233  -0.077  -64.792  18.413 1.0000000000
9234  -0.261  -64.037  18.025 1.0000000000
9252  -2.434  -64.003  16.951 1.0000000000
9253  -2.872  -64.185  17.191 1.0000000000
9260  10.031  -65.467  16.744 1.0000000000
9263  3.621  -63.478  15.224 1.0000000000
9264  2.810  -63.453  15.325 1.0000000000
9266  -2.154  -64.587  16.544 1.0000000000
9268  -3.110  -64.953  16.803 1.0000000000
9271  9.848  -64.522  15.193 1.0000000000
9273  5.300  -63.686  14.733 1.0000000000
9290  8.970  -64.562  13.907 1.0000000000
9291  7.680  -63.856  13.768 1.0000000000
9295  2.513  -64.674  14.350 1.0000000000
9300  -2.731  -64.385  14.247 1.0000000000
9304  8.158  -64.411  13.094 1.0000000000
9320  7.006  -64.748  12.141 1.0000000000
9322  -3.456  -64.451  12.704 1.0000000000
9335  6.740  -65.261  11.474 1.0000000000
9346  -3.194  -64.949  10.922 1.0000000000
9353  -2.987  -65.001  10.058 1.0000000000
9362  -1.721  -64.545  8.319 1.0000000000
9363  -2.212  -64.731  8.805 1.0000000000
9383  -1.386  -64.656  6.268 1.0000000000
9384  -2.059  -64.838  6.870 1.0000000000
9418  0.465  -64.580  2.163 1.0000000000
9430  0.762  -64.050  2.013 0.8999999762
9448  -0.011  -63.833  0.803 0.8999999762
9517  -1.021  -63.935  -3.612 0.8999999762
9541  0.369  -64.243  -5.235 0.8999999762
9552  4.137  -64.267  -6.466 0.5000000000
9554  1.216  -64.598  -6.077 0.6999999881
9955  9.532  -63.327  23.969 1.0000000000
9973  10.305  -63.503  22.890 1.0000000000
9994  2.310  -63.105  21.511 1.0000000000
10021  10.953  -63.766  20.284 1.0000000000
10059  3.935  -62.579  16.449 1.0000000000
10061  -1.846  -63.639  17.363 1.0000000000
10063  -2.889  -63.849  17.885 1.0000000000
10070  6.247  -62.462  15.845 1.0000000000
10080  8.806  -63.303  14.910 1.0000000000
10105  -3.284  -63.445  14.393 1.0000000000
10107  8.437  -64.082  13.774 1.0000000000
10108  -3.490  -63.704  13.814 1.0000000000
10129  -1.516  -62.766  11.483 1.0000000000
10130  -2.362  -63.595  11.228 1.0000000000
10131  -3.158  -63.923  11.858 1.0000000000
10151  -0.869  -63.310  9.332 1.0000000000
10193  0.257  -63.449  5.435 1.0000000000
10212  0.264  -63.598  4.641 1.0000000000
10227  0.360  -63.334  3.010 1.0000000000
10238  0.593  -63.587  2.295 1.0000000000
10262  -0.462  -63.289  0.248 0.8999999762
10276  -0.807  -63.630  -0.483 0.8999999762
10295  -0.909  -64.013  -1.214 0.8999999762
10324  -1.167  -63.288  -4.004 0.8999999762
10335  -0.526  -63.729  -4.811 0.8999999762
10336  -0.932  -63.345  -4.704 0.8999999762
10348  -0.790  -62.706  -5.185 0.8999999762
10353  1.374  -63.786  -6.257 0.6999999881
10354  0.798  -63.105  -6.163 0.8999999762
10757  6.402  -62.792  25.274 0.8999999762
10771  4.281  -63.078  23.907 0.8999999762
10792  2.586  -62.209  22.259 0.8999999762
10806  2.250  -62.438  21.544 1.0000000000
10834  0.819  -62.822  20.280 1.0000000000
10835  0.109  -62.861  19.780 1.0000000000
10838  -2.585  -62.588  19.441 1.0000000000
10857  -0.500  -63.131  18.890 1.0000000000
10860  -2.849  -62.972  19.070 1.0000000000
10877  5.625  -61.869  16.903 1.0000000000
10878  5.126  -62.110  16.987 1.0000000000
10896  -0.117  -62.631  15.574 1.0000000000
10899  -3.141  -62.500  15.864 1.0000000000
10964  -1.076  -62.280  8.209 0.8999999762
11020  -0.074  -63.026  3.933 1.0000000000
11021  -1.169  -62.354  5.037 1.0000000000
11050  -0.696  -62.190  2.004 1.0000000000
11061  -0.216  -62.594  1.447 0.8999999762
11115  -0.944  -62.368  -2.585 0.8999999762
11140  0.224  -62.489  -6.020 0.8999999762
11547  -3.092  -61.379  26.563 0.6000000238
11564  5.668  -61.559  25.687 0.8999999762
11566  3.943  -61.245  25.705 0.8999999762
11585  7.627  -61.510  25.213 0.8999999762
11634  2.941  -62.044  23.068 0.8999999762
11657  0.723  -61.194  21.137 1.0000000000
11671  0.279  -61.659  20.612 1.0000000000
11707  3.391  -60.951  18.014 1.0000000000
11709  -2.908  -61.565  18.516 1.0000000000
11724  1.364  -61.169  17.172 1.0000000000
11738  -3.288  -61.587  17.076 1.0000000000
11743  -3.373  -62.049  15.904 1.0000000000
11756  -1.926  -61.029  13.101 1.0000000000
11774  -0.847  -61.806  10.473 1.0000000000
11775  -2.058  -60.733  9.685 0.8999999762
11807  -2.381  -61.158  6.662 0.8000000119
11834  -2.139  -61.966  4.995 0.8999999762
11862  -1.157  -61.379  2.372 0.8000000119
11891  -0.641  -60.898  0.267 0.8000000119
11892  -0.905  -61.052  1.009 0.8000000119
11951  -1.239  -61.570  -3.711 0.8000000119
11959  1.622  -60.960  -5.221 0.5000000000
11960  -0.032  -61.125  -5.315 0.6000000238
11962  -1.202  -61.833  -4.451 0.8000000119
11964  2.856  -61.446  -5.707 0.5000000000
11967  -0.390  -61.973  -5.581 0.8999999762
11968  -0.999  -62.072  -5.051 0.8000000119
12429  4.526  -60.795  25.972 0.8999999762
12442  3.290  -60.908  25.575 0.8999999762
12445  -2.717  -60.574  24.893 0.6999999881
12446  -2.986  -61.091  24.422 0.6999999881
12453  8.081  -60.045  24.423 0.8999999762
12454  7.471  -59.547  24.487 0.8999999762
12472  0.905  -60.359  22.245 0.8999999762
12475  -1.967  -60.274  22.703 0.8999999762
12489  0.348  -60.625  21.647 0.8999999762
12519  6.796  -60.080  17.851 1.0000000000
12521  -1.298  -60.658  19.313 1.0000000000
12524  -3.208  -59.938  18.814 0.8999999762
12536  4.572  -60.842  18.409 1.0000000000
12538  2.674  -60.294  18.295 1.0000000000
12589  -2.000  -60.212  13.207 1.0000000000
12684  -2.470  -60.552  6.161 0.6000000238
12702  -2.441  -60.383  5.502 0.6000000238
12731  -2.220  -60.305  3.199 0.5000000000
12804  -1.143  -60.597  -1.607 0.6999999881
13351  5.241  -60.169  25.813 0.8999999762
13354  2.040  -59.735  26.183 0.8999999762
13360  -2.917  -59.973  26.623 0.6000000238
13370  1.139  -60.040  25.855 0.8999999762
13384  -1.056  -59.687  23.893 0.8000000119
13385  -1.879  -59.904  23.594 0.8000000119
13392  8.825  -58.719  23.828 0.8999999762
13395  -1.260  -59.817  23.074 0.8999999762
13413  13.272  -59.918  19.007 1.0000000000
13421  1.453  -59.394  19.586 1.0000000000
13432  8.344  -59.317  17.355 1.0000000000
13434  5.509  -59.714  18.377 1.0000000000
13454  12.150  -59.751  16.139 1.0000000000
13746  -0.572  -59.532  -3.440 0.5000000000
14232  -3.127  -58.256  27.647 0.6000000238
14335  9.828  -57.393  22.676 1.0000000000
14357  -2.681  -58.836  21.183 0.8999999762
14375  3.103  -58.260  19.139 1.0000000000
14392  7.444  -58.669  18.028 1.0000000000
14393  6.289  -58.424  18.466 1.0000000000
14407  -3.744  -57.356  16.679 0.8000000119
14410  12.614  -58.675  15.877 1.0000000000
14411  11.654  -59.247  15.822 1.0000000000
14413  9.859  -58.710  16.452 1.0000000000
15206  2.161  -58.342  25.696 0.8999999762
15210  -1.701  -56.847  25.147 0.6000000238
15222  -1.733  -56.192  24.779 0.6000000238
15229  5.595  -57.389  23.673 0.8999999762
15230  4.764  -57.091  23.770 0.8999999762
15272  3.987  -57.561  18.717 1.0000000000
15273  3.216  -57.644  19.065 1.0000000000
15288  7.369  -57.899  18.092 1.0000000000
15312  6.839  -57.159  17.778 1.0000000000
15373  11.231  -57.265  14.910 1.0000000000
15379  -2.837  -56.978  14.232 0.6000000238
16165  -1.363  -56.029  24.280 0.6000000238
16169  2.448  -56.400  23.309 0.8999999762
16173  -0.846  -55.736  23.913 0.6000000238
16182  12.108  -56.851  21.354 1.0000000000
16189  5.935  -56.014  21.910 0.8999999762
16192  -3.341  -56.374  22.279 0.8999999762
16202  6.878  -56.180  21.014 0.8999999762
16205  -0.099  -56.280  21.643 0.8999999762
16214  -2.995  -55.640  18.836 0.6000000238
16262  -2.693  -56.323  15.362 0.6999999881
16267  12.804  -56.236  14.796 1.0000000000
17038  -1.336  -55.610  25.312 0.6000000238
17039  -1.677  -56.070  25.359 0.6000000238
17051  -1.134  -55.408  24.299 0.6000000238
17068  6.260  -55.708  21.030 0.8999999762
17074  -3.491  -55.549  22.119 0.8000000119
17082  10.151  -55.546  19.863 0.8999999762
17095  14.687  -55.393  19.644 1.0000000000
17124  4.749  -55.597  17.697 1.0000000000
17125  4.099  -55.018  17.791 1.0000000000
17134  7.335  -55.846  16.102 1.0000000000
17148  6.677  -54.825  15.698 1.0000000000
17909  -0.677  -54.870  24.306 0.6000000238
17920  4.786  -54.816  20.900 0.8999999762
17961  8.732  -54.814  17.635 0.8999999762
17968  -2.570  -54.269  18.845 0.6000000238
17986  4.292  -54.078  16.960 1.0000000000
17995  7.118  -54.339  15.252 1.0000000000
18763  1.261  -53.062  22.977 0.6999999881
18772  -2.823  -53.080  21.985 0.8000000119
18784  -0.447  -53.075  21.246 0.8000000119
18785  -3.068  -53.066  21.277 0.8000000119
18792  13.735  -53.576  19.870 1.0000000000
18796  1.476  -53.658  19.534 0.8999999762
18808  5.277  -52.879  18.468 0.6999999881
18809  4.631  -52.685  18.908 0.6999999881
18811  1.663  -53.074  18.894 0.8999999762
18833  9.281  -53.219  16.662 0.6000000238
18834  9.009  -52.800  16.854 0.6999999881
18836  4.687  -53.548  16.374 1.0000000000
18846  15.424  -54.005  15.085 1.0000000000
18856  14.709  -53.509  14.712 1.0000000000
18860  7.794  -53.411  14.593 1.0000000000
19692  0.870  -52.563  19.948 0.8999999762
19708  6.657  -51.988  17.925 0.6000000238
19709  5.794  -52.249  18.062 0.6000000238
19740  16.622  -53.123  14.752 1.0000000000
19743  3.705  -51.441  15.852 1.0000000000
19755  5.694  -51.739  14.865 1.0000000000
20531  16.605  -51.245  19.861 0.8000000119
20551  17.060  -51.253  19.769 0.8000000119
20562  1.387  -50.849  19.985 0.8999999762
20580  5.477  -51.869  18.612 0.6000000238
21429  -2.376  -50.937  20.195 0.6999999881
21443  -2.081  -49.914  19.899 0.6000000238
21459  -1.479  -49.788  18.608 0.6000000238
21476  2.033  -50.692  18.533 0.8999999762
21499  7.877  -50.337  15.004 1.0000000000
21501  6.552  -50.202  15.103 1.0000000000
21503  4.916  -50.620  15.154 1.0000000000
21514  11.690  -50.821  14.581 1.0000000000
22280  17.826  -49.718  19.891 0.6999999881
22287  -1.708  -49.424  19.638 0.6000000238
22296  18.408  -49.918  17.870 0.8000000119
22321  4.462  -49.381  17.870 1.0000000000
22323  2.999  -49.881  18.388 0.8999999762
22351  11.919  -49.520  14.879 1.0000000000
23175  5.135  -48.531  18.097 1.0000000000
23190  18.656  -48.594  16.789 0.8999999762
23206  17.217  -48.136  15.892 0.8999999762
23225  9.971  -48.378  16.037 1.0000000000
24082  -0.607  -47.341  18.200 0.6000000238
24090  19.155  -47.548  17.788 0.6999999881
24107  8.901  -47.502  16.634 1.0000000000
24939  16.914  -46.108  21.359 0.6000000238
24980  0.696  -47.004  18.101 0.6999999881
24981  -0.189  -46.757  18.090 0.6999999881
24998  -0.913  -46.789  17.638 0.6000000238
25935  17.876  -45.195  16.816 0.6999999881
25941  11.148  -45.395  16.118 1.0000000000
25944  8.951  -45.789  16.708 0.8999999762
26826  17.914  -44.430  20.656 0.5000000000
26886  11.830  -44.346  16.310 1.0000000000
26887  11.216  -44.596  16.327 1.0000000000
27653  19.050  -43.550  19.750 0.6000000238
27682  18.668  -43.888  18.028 0.6000000238
27709  7.713  -43.496  15.903 0.8000000119
27711  4.923  -43.010  16.964 0.6000000238
27785  2.342  -43.013  12.482 0.3000000119
31236  7.856  -40.036  16.808 0.5000000000
107149  0.123  -79.554  14.423 1.0000000000
107151  -1.733  -77.845  11.924 1.0000000000
107155  -0.129  -77.237  13.293 1.0000000000
107161  0.458  -76.573  13.451 1.0000000000
107164  0.854  -76.087  14.134 1.0000000000
107166  4.132  -75.738  16.860 1.0000000000
107168  0.827  -76.473  15.905 1.0000000000
107169  1.434  -75.628  14.936 1.0000000000
107170  3.417  -75.012  17.097 1.0000000000
107171  1.696  -76.211  17.250 1.0000000000
107611  3.935  -75.639  17.276 1.0000000000
107647  -1.586  -78.175  10.998 1.0000000000
107658  3.530  -75.966  17.620 1.0000000000
107749  0.757  -78.779  10.790 1.0000000000
107767  2.855  -77.933  17.188 1.0000000000
107807  -1.411  -78.152  11.310 1.0000000000
107827  2.077  -75.419  16.360 1.0000000000
107878  2.487  -77.333  13.706 1.0000000000
107898  3.927  -76.205  16.334 1.0000000000
107923  -1.392  -77.903  13.071 1.0000000000
108038  2.031  -77.709  13.028 1.0000000000
108039  0.891  -78.890  14.912 1.0000000000
108135  -1.540  -78.039  11.603 1.0000000000
108336  -0.298  -77.489  11.711 1.0000000000
108439  12.325  -50.197  14.697 1.0000000000
108447  -3.218  -70.909  15.574 1.0000000000
108777  8.915  -66.859  17.142 1.0000000000
108807  6.054  -73.047  5.158 1.0000000000
108831  8.202  -74.771  6.475 1.0000000000
108883  -1.028  -62.855  -3.299 0.8999999762
108930  -3.193  -69.684  15.724 1.0000000000
109015  -3.135  -58.819  15.871 0.8999999762
109141  -2.309  -59.699  10.691 0.8999999762
109387  -2.117  -77.527  10.894 1.0000000000
109455  -3.561  -62.317  22.537 0.8999999762
109459  -0.325  -77.521  14.826 1.0000000000
109649  4.284  -51.750  20.218 0.6000000238
109659  -2.671  -58.048  26.967 0.6000000238
110012  8.490  -80.471  2.074 1.0000000000
110021  -0.338  -73.250  12.134 1.0000000000
110022  -3.058  -62.002  24.150 0.6999999881
110047  -1.487  -78.129  16.212 1.0000000000
110065  -0.005  -76.092  -0.994 0.6999999881
110320  3.781  -76.513  16.971 1.0000000000
110698  -2.676  -76.893  14.654 1.0000000000
110938  -3.248  -61.707  23.144 0.8000000119
111239  2.735  -59.486  26.159 0.8999999762
111412  2.369  -75.079  8.163 1.0000000000
111449  -2.097  -78.018  10.182 1.0000000000
111631  0.708  -72.981  -0.557 0.8999999762
111642  16.191  -48.971  15.367 1.0000000000
111661  -3.264  -64.699  19.707 1.0000000000
111806  -2.954  -73.775  13.544 1.0000000000
111868  0.689  -71.751  13.988 1.0000000000
111873  0.428  -67.318  9.655 1.0000000000
111972  6.412  -68.681  2.756 1.0000000000
112030  15.817  -46.400  16.018 1.0000000000
112144  0.481  -74.318  -2.707 0.6999999881
112454  -2.561  -67.020  5.276 1.0000000000
112469  7.161  -80.648  2.877 1.0000000000
112507  -2.214  -76.843  9.572 1.0000000000
112533  -2.186  -61.060  5.101 0.6000000238
113207  -2.506  -77.384  26.500 0.6999999881
113428  4.087  -82.627  18.865 0.8999999762
113444  -2.686  -76.898  12.963 1.0000000000
113458  4.043  -67.271  7.769 1.0000000000
113741  -1.156  -62.140  -3.271 0.8999999762
114033  5.416  -43.433  16.729 0.6999999881
114067  1.054  -65.231  -3.358 0.8999999762
114069  -3.202  -73.221  15.626 1.0000000000
114269  -3.026  -76.079  21.346 0.8999999762
114312  -2.027  -77.273  8.103 1.0000000000
114318  5.047  -52.056  15.301 1.0000000000
114362  4.171  -65.599  9.716 1.0000000000
114400  2.057  -73.083  0.630 0.8999999762
114432  4.547  -78.898  2.609 0.8999999762
114554  -1.357  -71.933  2.780 1.0000000000
114903  11.965  -77.680  -0.485 0.8999999762
114925  1.546  -77.779  1.526 0.8000000119
115153  2.156  -61.269  17.093 1.0000000000
115187  3.367  -64.960  -6.405 0.6999999881
115258  5.928  -71.922  13.683 1.0000000000
115317  1.821  -69.446  -4.349 0.6999999881
115353  12.045  -77.149  7.195 1.0000000000
115413  -3.326  -59.155  19.093 0.8999999762
115463  2.964  -78.323  -0.447 0.5000000000
115528  -2.547  -60.107  6.739 0.6000000238
115571  5.698  -67.050  10.590 1.0000000000
115633  -0.394  -78.620  17.837 1.0000000000
116113  3.613  -66.912  -6.080 0.6999999881
116275  9.423  -78.168  2.867 0.8999999762
116373  -0.744  -60.260  -0.653 0.6000000238
116618  0.436  -81.303  17.009 1.0000000000
116620  16.571  -43.573  16.729 0.6999999881
116716  2.494  -69.742  16.255 1.0000000000
117116  19.110  -45.038  17.969 0.6000000238
117137  -4.585  -72.930  22.065 0.6000000238
117386  -2.939  -75.150  16.694 1.0000000000
117422  -2.759  -69.310  17.525 0.8000000119
117509  13.386  -52.581  14.283 1.0000000000
117598  16.109  -77.258  -6.719 0.6000000238
117632  5.372  -72.213  8.137 1.0000000000
117810  10.925  -82.909  1.875 0.6999999881
117830  -2.630  -69.519  18.269 0.8000000119
117957  11.116  -42.271  16.667 0.8000000119
117976  -2.095  -61.111  21.308 0.8000000119
118034  4.022  -53.234  16.722 1.0000000000
118186  13.388  -78.285  1.416 0.8999999762
118473  16.615  -53.279  17.594 1.0000000000
118606  0.094  -57.837  21.195 0.8999999762
118641  -2.754  -66.489  15.256 1.0000000000
118844  6.238  -78.825  2.587 0.8999999762
118851  -3.620  -70.861  15.205 1.0000000000
118879  3.960  -60.805  18.475 1.0000000000
118910  -4.073  -72.682  14.628 1.0000000000
118945  3.245  -77.406  18.584 1.0000000000
119142  6.201  -81.619  6.639 0.6000000238
119165  -1.409  -73.191  3.670 1.0000000000
119273  7.608  -71.518  12.818 1.0000000000
119326  15.530  -43.816  16.507 0.8000000119
119461  -2.980  -61.712  25.988 0.6999999881
119515  13.032  -82.143  0.415 0.8000000119
119634  0.482  -76.829  -1.004 0.6999999881
119946  7.507  -65.729  11.564 1.0000000000
120016  2.798  -62.644  -6.476 0.5000000000
120069  8.958  -69.911  8.596 1.0000000000
120124  14.002  -79.208  -0.227 0.8999999762
120317  3.185  -63.244  -6.502 0.6000000238
120355  -1.528  -73.569  5.817 1.0000000000
120436  -4.440  -72.297  21.401 0.8000000119
120443  7.834  -76.713  5.586 0.8999999762
120836  9.984  -81.866  1.227 0.8999999762
120880  -1.272  -78.204  8.777 1.0000000000
120933  1.809  -70.120  -4.371 0.6999999881
121033  11.014  -82.242  0.886 0.8999999762
121044  1.895  -81.176  20.030 1.0000000000
121151  4.190  -66.962  -6.124 0.6999999881
121207  5.018  -72.340  7.574 1.0000000000
121311  -2.473  -67.583  14.271 1.0000000000
121339  13.408  -82.648  3.210 0.6000000238
121373  5.094  -79.872  -0.304 0.6999999881
121452  2.994  -70.475  2.209 1.0000000000
121642  -2.234  -63.022  15.630 1.0000000000
121767  5.266  -78.411  3.444 0.8999999762
121814  -2.155  -66.558  3.132 1.0000000000
121831  3.967  -82.228  20.192 0.8999999762
121881  5.481  -74.588  12.188 1.0000000000
121971  13.374  -80.982  -1.484 0.8000000119
121976  10.300  -46.497  16.255 1.0000000000
121977  -2.102  -75.284  4.895 1.0000000000
122031  -3.472  -63.866  13.216 1.0000000000
122234  0.890  -64.817  -5.117 0.8999999762
122308  8.443  -77.334  7.555 1.0000000000
122344  7.114  -60.074  17.658 1.0000000000
122455  -1.102  -64.221  8.028 1.0000000000
122466  -1.620  -62.454  16.471 1.0000000000
122503  10.250  -75.379  9.020 1.0000000000
122546  -0.354  -61.358  17.921 1.0000000000
122707  -0.694  -80.641  10.548 1.0000000000
122708  -0.832  -80.892  13.527 1.0000000000
122799  2.218  -77.768  15.179 1.0000000000
122813  1.587  -78.054  12.310 1.0000000000
122829  -1.070  -80.572  12.176 1.0000000000
122830  -0.134  -79.651  13.588 1.0000000000
122831  -0.532  -80.859  14.317 1.0000000000
122842  -1.689  -78.252  10.318 1.0000000000
122880  1.209  -78.401  11.534 1.0000000000
122898  -1.274  -78.020  12.035 1.0000000000
123184  -2.921  -76.205  17.754 1.0000000000
123219  7.501  -66.057  11.399 1.0000000000
123814  14.162  -52.826  14.426 1.0000000000
123830  13.688  -78.782  1.531 0.8999999762
123931  10.044  -57.035  22.122 0.8999999762
123965  7.586  -46.713  16.652 0.8999999762
123982  -4.005  -70.537  19.576 0.8000000119
124120  4.913  -69.474  0.255 1.0000000000
124148  15.676  -53.952  15.238 1.0000000000
124265  1.485  -80.532  7.436 1.0000000000
124266  8.117  -65.620  22.036 1.0000000000
124422  9.558  -57.824  23.196 0.8999999762
124446  -4.668  -68.895  21.946 0.6999999881
124461  4.800  -74.319  15.951 1.0000000000
124534  -3.152  -66.371  9.301 1.0000000000
124719  12.437  -77.652  -1.532 0.8999999762
124777  10.448  -78.109  2.012 0.8999999762
124794  4.248  -66.442  7.733 1.0000000000
124968  11.939  -78.357  6.426 1.0000000000
125098  8.670  -69.267  5.026 1.0000000000
125222  9.204  -48.034  16.302 1.0000000000
125226  4.232  -54.554  17.369 1.0000000000
125384  11.686  -72.245  9.269 1.0000000000
125438  2.498  -64.936  -6.349 0.6999999881
125520  -1.191  -61.450  9.641 1.0000000000
125539  3.840  -55.986  22.977 0.8999999762
125638  6.959  -76.706  -3.478 0.5000000000
125760  8.505  -69.524  6.964 1.0000000000
125838  -2.449  -59.912  3.948 0.5000000000
125940  2.759  -82.491  9.454 0.6000000238
125954  4.747  -62.832  24.603 0.8999999762
125980  7.599  -51.688  14.418 1.0000000000
125988  7.328  -51.922  18.019 0.6999999881
125994  -1.149  -80.957  11.685 1.0000000000
126072  -0.215  -62.697  3.127 1.0000000000
126094  1.432  -81.382  8.154 0.8999999762
126254  -1.983  -70.620  1.551 1.0000000000
126264  11.911  -77.278  7.379 1.0000000000
126381  -3.373  -62.903  14.659 1.0000000000
126418  -0.571  -64.227  6.418 1.0000000000
126432  1.778  -80.983  23.887 0.6999999881
126471  2.401  -69.986  12.824 1.0000000000
126529  6.995  -59.980  24.884 0.8999999762
126538  5.983  -71.380  7.307 1.0000000000
126593  9.899  -76.035  8.624 1.0000000000
126758  7.448  -57.261  17.519 1.0000000000
126759  11.559  -74.863  8.530 1.0000000000
126960  3.069  -76.520  18.217 1.0000000000
126984  4.596  -75.651  10.854 1.0000000000
127003  -1.490  -78.300  16.888 1.0000000000
127172  -0.327  -63.664  18.615 1.0000000000
127200  -2.268  -77.899  18.364 1.0000000000
127206  -2.469  -65.046  23.060 0.6000000238
127344  -1.031  -62.638  6.494 1.0000000000
127389  11.529  -72.067  10.255 1.0000000000
127426  7.128  -70.528  7.344 1.0000000000
127438  9.240  -73.907  9.831 1.0000000000
127671  9.061  -76.173  8.537 1.0000000000
127804  1.964  -76.569  2.817 0.8999999762
127871  2.352  -70.327  -4.856 0.6999999881
127904  0.390  -51.930  20.473 0.8999999762
127953  6.705  -40.626  16.877 0.4000000060
127972  -0.726  -77.767  12.032 1.0000000000
128076  0.074  -54.806  21.215 0.8999999762
128156  1.765  -75.665  8.868 1.0000000000
128322  -3.319  -67.681  15.366 1.0000000000
128338  6.993  -79.261  1.311 0.8999999762
128435  2.034  -67.261  -4.064 0.8999999762
128541  -1.708  -68.505  0.271 1.0000000000
128542  11.362  -63.185  21.219 1.0000000000
128624  2.454  -82.344  18.937 1.0000000000
128628  -0.315  -72.710  9.029 1.0000000000
128653  -1.194  -71.396  14.535 1.0000000000
128688  2.690  -73.258  1.549 0.8999999762
128751  5.201  -71.943  6.987 1.0000000000
128817  2.624  -71.562  -4.711 0.6000000238
129018  -3.807  -56.282  21.958 0.8000000119
129030  -1.057  -80.856  11.182 1.0000000000
129223  2.044  -66.378  20.515 1.0000000000
129236  2.363  -74.876  15.506 1.0000000000
129262  -1.251  -61.029  -2.185 0.6999999881
129273  1.653  -77.596  -1.276 0.5000000000
129299  -2.523  -61.576  20.865 1.0000000000
129342  -2.161  -69.478  13.287 1.0000000000
129410  -1.513  -69.639  -0.634 1.0000000000
129471  4.578  -44.054  16.796 0.6000000238
129477  8.038  -74.188  6.553 1.0000000000
129538  -3.334  -59.310  16.602 0.8999999762
129617  4.030  -73.855  16.099 1.0000000000
129645  12.225  -78.337  5.896 1.0000000000
129660  0.024  -77.541  10.511 1.0000000000
129813  0.524  -76.945  16.207 1.0000000000
129851  -1.299  -78.114  14.777 1.0000000000
129878  11.898  -77.849  1.726 0.8999999762
129902  0.251  -55.421  23.179 0.8000000119
129968  -1.659  -60.614  12.598 1.0000000000
130054  1.211  -70.346  0.473 1.0000000000
130218  5.494  -54.775  19.964 0.8999999762
130263  0.301  -76.031  -1.686 0.6999999881
130297  0.004  -72.120  8.930 1.0000000000
130696  9.433  -66.367  15.831 1.0000000000
130766  0.263  -66.010  13.138 1.0000000000
130775  -4.270  -68.953  21.239 0.8000000119
130808  -0.879  -72.588  6.388 1.0000000000
130852  10.588  -79.604  5.069 1.0000000000
130871  3.103  -76.672  12.434 1.0000000000
130916  -0.506  -60.480  19.230 1.0000000000
130962  7.118  -71.070  8.376 1.0000000000
130992  1.324  -74.685  -3.767 0.6000000238
131069  7.194  -55.342  15.776 1.0000000000
