global_signal	global_signal_derivative1	global_signal_power2	global_signal_derivative1_power2	csf	csf_derivative1	csf_power2	csf_derivative1_power2	white_matter	white_matter_derivative1	white_matter_power2	white_matter_derivative1_power2	csf_wm	tcompcor	std_dvars	dvars	framewise_displacement	rmsd	t_comp_cor_00	c_comp_cor_00	c_comp_cor_01	c_comp_cor_02	w_comp_cor_00	w_comp_cor_01	w_comp_cor_02	w_comp_cor_03	w_comp_cor_04	w_comp_cor_05	w_comp_cor_06	w_comp_cor_07	w_comp_cor_08	w_comp_cor_09	w_comp_cor_10	a_comp_cor_00	a_comp_cor_01	a_comp_cor_02	a_comp_cor_03	a_comp_cor_04	a_comp_cor_05	a_comp_cor_06	edge_comp_00	edge_comp_01	edge_comp_02	edge_comp_03	edge_comp_04	edge_comp_05	edge_comp_06	edge_comp_07	edge_comp_08	edge_comp_09	edge_comp_10	edge_comp_11	edge_comp_12	edge_comp_13	edge_comp_14	edge_comp_15	edge_comp_16	edge_comp_17	edge_comp_18	edge_comp_19	edge_comp_20	edge_comp_21	edge_comp_22	edge_comp_23	cosine00	cosine01	trans_x	trans_x_derivative1	trans_x_power2	trans_x_derivative1_power2	trans_y	trans_y_derivative1	trans_y_derivative1_power2	trans_y_power2	trans_z	trans_z_derivative1	trans_z_derivative1_power2	trans_z_power2	rot_x	rot_x_derivative1	rot_x_derivative1_power2	rot_x_power2	rot_y	rot_y_derivative1	rot_y_derivative1_power2	rot_y_power2	rot_z	rot_z_derivative1	rot_z_derivative1_power2	rot_z_power2	motion_outlier00	motion_outlier01	motion_outlier02	motion_outlier03	motion_outlier04	motion_outlier05	motion_outlier06	motion_outlier07	motion_outlier08	motion_outlier09	motion_outlier10	motion_outlier11	motion_outlier12	motion_outlier13	motion_outlier14	motion_outlier15	motion_outlier16	motion_outlier17	motion_outlier18	motion_outlier19	motion_outlier20	motion_outlier21	motion_outlier22	motion_outlier23	motion_outlier24	motion_outlier25	motion_outlier26	motion_outlier27	motion_outlier28	motion_outlier29	motion_outlier30	motion_outlier31	motion_outlier32	motion_outlier33	motion_outlier34	motion_outlier35	motion_outlier36	motion_outlier37	motion_outlier38	motion_outlier39
986.9348484698434	n/a	974040.3951241928	n/a	1443.2442265985296	n/a	2082953.897609988	n/a	939.8385478085692	n/a	883296.4959469201	n/a	1107.581108592381	977.2106197058856	n/a	n/a	n/a	n/a	-0.0121842112	-0.0030887725	-0.0215967058	0.0010190996	-0.0397195672	0.0355300908	-0.0910280493	0.0394014234	-0.0154834826	0.0287542057	-0.0470855092	0.0748342146	-0.0292025433	0.0944218646	-0.0502032535	-0.0333703581	-0.0128189919	0.0175627185	-0.0230140385	0.0217696066	-0.046432572	0.0020749841	-0.0299962399	0.0009205582	-0.0523839294	0.0115945376	-0.0072985312	0.0204666875	-0.0173669195	0.0386884137	-0.0115016426	0.0188731096	-0.0308580608	0.0259175305	-0.0288693146	0.0579927632	-0.0045691232	0.00657575	-0.0310002712	0.0308434926	-0.0119062044	0.0030787498	-0.0396151047	0.0870858338	-0.1141931254	0.1234912	0.153366806	0.1532882396	0.0246250568470145	n/a	0.0006063934247186	n/a	0.1177136053222938	n/a	n/a	0.0138564928779727	-0.263437668055829	n/a	n/a	0.0693994049506931	-0.0001501566500456	n/a	n/a	2.2547019552916793e-08	0.0017331673542522	n/a	n/a	3.0038690778455707e-06	-0.0021283750074435	n/a	n/a	4.529980172310118e-06	0.0	0.0	0.0	0.0	0.0	0.0	0.0	0.0	0.0	0.0	0.0	0.0	0.0	0.0	0.0	0.0	0.0	0.0	0.0	0.0	0.0	0.0	0.0	0.0	0.0	0.0	0.0	0.0	0.0	0.0	0.0	0.0	0.0	0.0	0.0	0.0	0.0	0.0	0.0	0.0
985.5341211234776	-1.400727346365784	971277.5038986254	1.962037098856931	1445.8837499408469	2.6395233423172613	2090579.8183430051	6.967083474637686	939.1818947462166	-0.656653062352575	882062.6314190935	0.4311932442970148	1109.3103325389256	966.2920953430074	0.583825	28.69986	0.1109492053994077	0.0622626395122975	-0.0213279015	-0.0060516385	-0.0283500319	0.0280507665	-0.0110431896	0.0443249377	-0.0117012151	0.0373330921	-0.0081764303	0.0346359098	-0.0664035938	0.0951046634	0.0914094904	0.1648797758	-0.0643406125	-0.0195060122	-0.0348499189	0.0076449949	-0.0193515137	0.0411060814	-0.0640023897	-0.0442004862	-0.0263225971	-0.0102100916	-0.0552850284	-0.0055548776	0.0053390467	0.0444284338	-0.0021131717	0.0675962743	-0.0030812042	0.0238315838	-0.034810883	0.0379018609	-0.0287894737	0.0789890865	-0.0276289895	0.0214693257	-0.0340120582	0.0717740608	-0.0381645853	0.0299203601	-0.0140732097	0.0853926826	-0.1161045168	0.0649757456	0.1531573254	0.1524510324	0.0173436571384257	-0.0072813997085888	0.0003008024429352	5.3018781716237056e-05	0.1092818744543819	-0.0084317308679119	7.109408542889849e-05	0.0119425280842632	-0.277083054549486	-0.0136453864936569	0.0001861965725612	0.0767750191184734	0.0007782359044151	0.0009283925544607	8.61912735178064e-07	6.056511229207888e-07	0.0017319475768595	-1.2197773926999123e-06	1.4878568877417965e-12	2.999642408989494e-06	-0.0014261735727119	0.0007022014347315	4.930868549391172e-07	2.033971059501825e-06	0.0	0.0	0.0	0.0	0.0	0.0	0.0	0.0	0.0	0.0	0.0	0.0	0.0	0.0	0.0	0.0	0.0	0.0	0.0	0.0	0.0	0.0	0.0	0.0	0.0	0.0	0.0	0.0	0.0	0.0	0.0	0.0	0.0	0.0	0.0	0.0	0.0	0.0	0.0	0.0
984.4198274040388	-1.1142937194388196	969082.3965861974	1.2416504931807988	1438.1869384832844	-7.6968114575624895	2068381.6700239223	59.24090661326522	935.8473280420844	-3.3345667041321576	875810.2214035088	11.1193351043068	1106.3410075535285	958.4165375276334	0.530095	26.058598	0.1726769445546944	0.0875846553345937	-0.0228527733	0.0062901076	-0.0157510555	0.0056623004	0.0419692669	0.0096901264	-0.0553507332	0.0228452312	0.0241036433	0.034221521	0.0232730055	-0.0540927046	-0.0282695327	0.2094302072	-0.0924323855	0.0060335709	-0.0224789886	0.0314457256	0.0143430476	0.0208814293	-0.0134028644	-0.0167384747	-0.0239788774	-0.007363818	-0.0506553588	0.002840375	0.0079286296	0.0106384539	0.0017803191	0.0700935039	-0.0105755194	0.0100753029	-0.0408910173	0.0247784746	-0.0339638284	0.0394909631	-0.0587473414	0.0206634236	-0.0312025799	0.0705570463	0.0049218462	0.0010311856	0.0183907927	0.0540283189	-0.0526654115	0.0286053389	0.1527386503	0.1507811905	0.0203047386636257	0.0029610815251999	0.0004122824121981	8.768003798880752e-06	0.1028776178323198	-0.006404256622062	4.1014502881226174e-05	0.0105838042508528	-0.2184573768631637	0.0586256776863223	0.0034369700841805	0.0477236255059343	0.0010502025916681	0.0002719666872529	7.39658789753711e-08	1.102925483546394e-06	0.0006478652468679	-0.0010840823299916	1.1752344982000166e-06	4.19729378099205e-07	-0.0021638431298895	-0.0007376695571776	5.441563755865966e-07	4.682217090769988e-06	0.0	0.0	0.0	0.0	0.0	0.0	0.0	0.0	0.0	0.0	0.0	0.0	0.0	0.0	0.0	0.0	0.0	0.0	0.0	0.0	0.0	0.0	0.0	0.0	0.0	0.0	0.0	0.0	0.0	0.0	0.0	0.0	0.0	0.0	0.0	0.0	0.0	0.0	0.0	0.0
986.5037125676106	2.083885163571836	973189.5749096788	4.342577374954816	1447.6257118191488	9.438773335864424	2095620.2015198967	89.09044208582526	937.9146122002752	2.0672841581907733	879683.8197787927	4.273663790706534	1105.7223162784755	950.9887019139954	0.630215	30.98032	0.2414611481881832	0.1143100569992681	-0.0239263056	-0.0084340276	-0.038470885	0.0072745326	0.0146219646	0.0678205708	-0.0470398606	-0.0387600082	-0.0169256322	0.0460626211	0.0181170895	0.0298670047	-0.0935750779	0.0625211288	-0.1359046103	0.005905571	-0.0357169154	0.0160617322	-0.0097304288	0.0175759429	0.0215980379	0.0232164928	-0.0187004825	0.0012407806	-0.0529688202	0.0047310152	-0.0041058468	-0.0169058442	-0.0215864756	0.0661023016	0.0001219049	0.009897046	-0.0245319468	0.0032087484	-0.0402130578	0.0117225413	-0.0308390389	0.0416480652	-0.0495907531	0.0880283218	0.0237763922	-0.0077522276	-0.0146914919	0.0460204607	0.0580399957	0.0393816783	0.1521113526	0.148287834	0.0500532464223368	0.0297485077587111	0.0025053274774151	0.00088497371387	0.1462473549035365	0.0433697370712166	0.0018809340936264	0.0213882888162809	-0.2436823561105541	-0.0252249792473904	0.0006362995780312	0.0593810906795909	0.000381085697292	-0.0006691168943761	4.4771741833951706e-07	1.4522630868052984e-07	-0.0010788248541278	-0.0017266901009957	2.9814587048765405e-06	1.163863065883869e-06	-0.001697291643044	0.0004665514868455	2.1767028987774682e-07	2.8807989215470014e-06	0.0	0.0	0.0	0.0	0.0	0.0	0.0	0.0	0.0	0.0	0.0	0.0	0.0	0.0	0.0	0.0	0.0	0.0	0.0	0.0	0.0	0.0	0.0	0.0	0.0	0.0	0.0	0.0	0.0	0.0	0.0	0.0	0.0	0.0	0.0	0.0	0.0	0.0	0.0	0.0
988.8463573032956	2.342644735684985	977817.1183519968	5.487984357632572	1450.1045199826951	2.4788081635463186	2102803.1188742425	6.1444899116638725	942.189470015232	4.2748578149568175	887720.9974075838	18.27440933809737	1104.5832181556202	956.2967381977202	0.68349	33.599205	0.3488238920780703	0.1960937503403113	-0.0174818073	-0.0194928921	-0.0490527862	0.0197625062	-0.0276423453	0.0670805607	-0.0476879819	0.0262379939	-0.1566747892	-0.0082600333	0.0343010263	-0.047146752	0.0265355056	-0.1843798791	-0.0127465685	-0.0199382147	-0.0132271065	-0.0047896132	-0.0410505866	0.0739094985	0.0112911037	0.0925572603	-0.0316725249	0.0066758961	-0.0757829131	0.0092274756	-0.0549863824	-0.0537819014	-0.033423887	0.0616907148	-0.0061587023	0.0401247626	-0.0191265331	0.0326211019	-0.055331628	0.0560976777	0.0019269904	-0.0057757563	-0.0183781711	0.0433701284	-0.0684030854	0.0960813459	-0.0774043532	0.0429716709	0.0145705866	0.016251275	0.151276289	0.1449845808	0.0260915474020038	-0.023961699020333	0.000680768845831	0.000574163019941	0.1443432562830793	-0.0019040986204571	3.625591556426931e-06	0.0208349756344027	-0.4186099560822143	-0.1749275999716601	0.0305996652318451	0.1752342953311534	-0.0002916875770162	-0.0006727732743082	4.526238786233766e-07	8.508164258558162e-08	-0.0023381084099438	-0.001259283555816	1.5857950739485883e-06	5.466750936649925e-06	-0.0027258447022322	-0.0010285530591882	1.0579213955654052e-06	7.430229340687352e-06	0.0	0.0	0.0	0.0	0.0	0.0	0.0	0.0	0.0	0.0	0.0	0.0	0.0	0.0	0.0	0.0	0.0	0.0	0.0	0.0	0.0	0.0	0.0	0.0	0.0	0.0	0.0	0.0	0.0	0.0	0.0	0.0	0.0	0.0	0.0	0.0	0.0	0.0	0.0	0.0
982.5251373573288	-6.321219945966732	965355.645539038	39.95782160528765	1434.9319011671428	-15.172618815552369	2059029.5609871508	230.20836172205372	937.7039338117876	-4.48553620344444	879288.6674861013	20.12003503241076	1099.087943959459	906.0685065613808	1.298046	63.809772	1.2918786398049065	0.7662656028740724	-0.0540564163	0.0293122014	-0.018694452	-0.0066637949	0.0505652355	0.0317362697	0.0423820841	-0.021670951	-0.0128076968	-0.2125746986	-0.0157156322	-0.1981365337	0.0231967225	-0.1750691061	-0.0354616681	0.0318413617	0.0233986023	0.0503883979	0.026372906	0.0788635792	0.0051390632	0.0394944269	-0.0934192751	0.0882426343	-0.2152097032	-0.0988846889	0.0353210757	0.2000042782	-0.0587072675	0.020276795	0.0757516528	0.0803722451	-0.0360573363	0.0267604895	0.0977198966	0.1177586034	0.0935852667	-0.099123195	0.0555184934	-0.1305522648	0.0920921189	-0.337954785	0.1437428001	0.1280622359	0.0668344736	0.4329613667	0.1502346003	0.1408894722	0.0263713826939522	0.0002798352919483	0.0006954498251908	7.830779061984547e-08	0.2121962176679943	0.0678529613849149	0.0046040243687027	0.0450272347926028	-0.151384520544596	0.2672254355376183	0.0714094333982697	0.0229172730605172	0.0134376600368425	0.0137293476138587	0.0001884949859021	0.0001805707072657	0.0025060481067062	0.00484415651665	2.3465852357802665e-05	6.28027711312573e-06	-0.0021689406809324	0.0005569040212998	3.1014208893988814e-07	4.704303677403503e-06	1.0	0.0	0.0	0.0	0.0	0.0	0.0	0.0	0.0	0.0	0.0	0.0	0.0	0.0	0.0	0.0	0.0	0.0	0.0	0.0	0.0	0.0	0.0	0.0	0.0	0.0	0.0	0.0	0.0	0.0	0.0	0.0	0.0	0.0	0.0	0.0	0.0	0.0	0.0	0.0
957.2718311002724	-25.253306257056465	916369.3586180684	637.7294769126872	1408.5743812863525	-26.35751988079028	1984081.7876162308	694.7188542662548	927.1939048047336	-10.51002900705396	859688.5371070495	110.46070972911562	1078.0538883209229	489.4493039790882	2.632928	129.430283	7.763712916941327	4.106541064211624	-0.3771223656	0.0945548261	-0.0930946645	-0.059627745	0.1575649033	0.2823589576	0.1220998962	-0.2311845402	0.0101118663	-0.3437530598	-0.013865133	0.0740280619	0.0817536259	0.2611954597	0.2784296892	0.1782178042	-0.091705414	0.0352878982	-0.3524115975	0.0630836157	0.2855538294	-0.1122306024	-0.4134064411	0.2629314893	0.008282327	-0.1167176642	0.0406212911	0.1380127476	0.2482173698	-0.2667535712	0.050751089	-0.1474453125	0.3172959203	-0.1098188287	0.1067418589	-0.1405920457	0.1366134622	0.1111501708	0.0813250122	-0.0670308806	-0.0616561598	-0.1292022357	-0.1407577181	0.2961612375	0.1606067389	-0.3353226163	0.1489877092	0.136024874	-0.2643238669187582	-0.2906952496127104	0.0698671066228854	0.084503728147396	1.835597369540011	1.6234011518720166	2.6354312998993903	3.3694177030622074	0.9436878247825148	1.0950723453271107	1.199183441500219	0.8905467106427544	0.0895358112058713	0.0760981511690288	0.0057909286113443	0.0080166614882934	0.0158197160714617	0.0133136679647554	0.0001772537546757	0.0002502634165816	-0.0078480049497379	-0.0056790642688055	3.2251770969223345e-05	6.159118169111058e-05	0.0	1.0	0.0	0.0	0.0	0.0	0.0	0.0	0.0	0.0	0.0	0.0	0.0	0.0	0.0	0.0	0.0	0.0	0.0	0.0	0.0	0.0	0.0	0.0	0.0	0.0	0.0	0.0	0.0	0.0	0.0	0.0	0.0	0.0	0.0	0.0	0.0	0.0	0.0	0.0
976.5993604288002	19.327529328527817	953746.3107899416	373.5533899451029	1408.2759121798208	-0.2984691065316838	1983241.0448259064	0.0890838075538216	933.5976957884974	6.40379098376377	871604.6575815917	41.00853896373415	1081.4950838178115	966.7406307639376	2.964643	145.736847	8.952769471432294	4.78475024800804	-0.01921893	0.0229752449	0.6159142162	-0.1672773979	0.0598028031	0.0110223252	-0.0810728278	-0.1984440655	-0.1814003456	-0.1519644123	-0.2164985976	0.1159148553	-0.274799878	-0.0384129038	0.0151259437	-0.0150167111	0.1971789945	-0.0427971438	-0.3756913865	-0.0553383279	-0.0448194086	0.2695331585	-0.0537239849	0.0626885702	-0.0870584255	0.0491773729	-0.0351869399	-0.0856641088	-0.0394261078	0.0385429257	-0.004990912	-0.0397412637	0.0274791207	0.0904109229	-0.0899884688	0.1463858899	0.0752701262	-0.0802109565	0.0656517319	-0.0131225219	-0.1868322055	-0.0280861277	-0.2695093712	-0.1110988853	-0.0092535835	0.1525246048	0.1475373187	0.1304173552	0.0315545342866698	0.295878401205428	0.0009956886340486	0.0875440282998802	0.005638336859647	-1.829959032680364	3.348750061288453	3.179084254285399e-05	-0.5387354421727082	-1.482423266955223	2.1975787424101965	0.2902358766530234	0.0016440576140828	-0.0878917535917885	0.0077249603494396	2.702925438423629e-06	-0.0014570506511113	-0.017276766722573	0.0002984866683862	2.1229965999038632e-06	-0.0061263498522738	0.0017216550974641	2.96409627462412e-06	3.7532162512455206e-05	0.0	0.0	1.0	0.0	0.0	0.0	0.0	0.0	0.0	0.0	0.0	0.0	0.0	0.0	0.0	0.0	0.0	0.0	0.0	0.0	0.0	0.0	0.0	0.0	0.0	0.0	0.0	0.0	0.0	0.0	0.0	0.0	0.0	0.0	0.0	0.0	0.0	0.0	0.0	0.0
991.658081825358	15.058721396557758	983385.7512495484	226.7650900991464	1440.207089798041	31.93117761822009	2074196.4615045425	1019.6001040863196	940.975760213984	7.378064425486627	885435.3813102852	54.43583466663132	1111.661796355916	1003.4681583093526	1.626995	79.98034699999998	0.4688066157835029	0.2421813860709928	0.0086711388	0.0316399262	-0.0674611417	-0.0034968115	-0.0015499652	0.0696377951	-0.0504699059	0.0709146536	-0.1671934403	-0.0498405138	-0.0632702522	-0.0402461598	-0.0613536585	0.0986173235	-0.0352269622	0.0383934077	-0.0710705074	0.0197818404	-0.0204601159	0.0778038935	-0.0893556542	0.032552337	-0.0300140725	0.0026934463	-0.0568680409	0.0260138809	-0.0497095389	-0.0643230075	0.0078871103	0.0805214228	-0.0344982228	0.0434008671	-0.0227625092	0.068010588	-0.0595659264	0.1230090253	-0.0545539102	0.0169781802	-0.0091427966	0.0988333696	-0.0522007922	0.1293490516	0.0095197767	0.0362776498	-0.0606858057	-0.0843796223	0.1458854101	0.124097542	0.00796716079806	-0.0235873734886098	6.347565118214404e-05	0.0005563641880911	0.0769832033977877	0.0713448665381407	0.0050900899813451	0.0059264136053851	-0.4638632325816658	0.0748722095910424	0.0056058477690449	0.2151690985411125	-0.0019600441072726	-0.0036041017213554	1.2989549217876958e-05	3.841772902454043e-06	-0.0012971719143874	0.0001598787367239	2.5561210456430133e-08	1.682654975475472e-06	-0.0039102869870389	0.0022160628652348	4.910934622673114e-06	1.529034432100576e-05	0.0	0.0	0.0	1.0	0.0	0.0	0.0	0.0	0.0	0.0	0.0	0.0	0.0	0.0	0.0	0.0	0.0	0.0	0.0	0.0	0.0	0.0	0.0	0.0	0.0	0.0	0.0	0.0	0.0	0.0	0.0	0.0	0.0	0.0	0.0	0.0	0.0	0.0	0.0	0.0
983.2381213269962	-8.419960498361775	966757.2032306409	70.89573479397266	1437.9839839179083	-2.223105880132607	2067797.9380044192	4.942199754280174	939.2938758322276	-1.6818843817563902	882272.9851759282	2.828735073596075	1111.007227960034	988.9156909948974	0.68734	33.78849	0.2424981550638617	0.1237168683698097	0.0013407626	0.0087705713	-0.017119071	0.0245019202	0.0344521865	0.0897824406	-0.0423810482	0.0181540802	-0.1640597878	0.0666014286	-0.0763357369	0.0012509501	0.0028844434	-0.1068340362	-0.0961395617	0.0026942586	-0.0577227129	0.0170838299	-0.0583393757	0.0854606214	-0.0918578397	0.0934836884	-0.027916135	-0.0024084672	-0.0443705376	0.0201811244	-0.0563162525	-0.0708098489	0.012066718	0.0947234371	-0.0417872886	0.0493697219	-0.0327924282	0.0417407166	-0.0524379201	0.0932336731	-0.0795326696	0.0294877751	-0.0305737874	0.0785361651	-0.0077440152	0.1251623233	0.0249392217	0.0518491403	-0.1110233229	-0.0878366939	0.1440342395	0.1170999511	-0.0136122387523727	-0.0215793995504327	0.0001852930438515	0.0004656704849572	0.0887580749504763	0.0117748715526885	0.0001386476000823	0.0078779958689143	-0.4118210614677053	0.0520421711139604	0.0027083875742547	0.1695965866683875	-0.0033767337918295	-0.0014166896845569	2.0070096623299288e-06	1.1402331100883232e-05	0.0001561441443047	0.001453316058692	2.1121275664523392e-06	2.438099380064698e-08	-0.0036382584733523	0.0002720285136865	7.399951225854066e-08	1.323692471891981e-05	0.0	0.0	0.0	0.0	0.0	0.0	0.0	0.0	0.0	0.0	0.0	0.0	0.0	0.0	0.0	0.0	0.0	0.0	0.0	0.0	0.0	0.0	0.0	0.0	0.0	0.0	0.0	0.0	0.0	0.0	0.0	0.0	0.0	0.0	0.0	0.0	0.0	0.0	0.0	0.0
982.1728840705484	-1.0652372564477446	964663.574203459	1.134730412524318	1443.840047290147	5.856063372238623	2084674.0821588135	34.29347821967479	940.1671679994596	0.8732921672319662	883914.3037841241	0.7626392093487044	1110.812050507447	963.8032785064964	0.7539249999999998	37.061684	0.9115549197663808	0.5035305255606894	-0.0105657426	-0.0179296519	-0.0121475924	-0.0223437083	0.0085131914	0.0700390097	-0.001245751	0.0516776892	-0.0066298402	0.1595574252	0.0137074177	-0.036034658	0.0535079874	-0.0520348365	-0.0428585065	0.0059973778	-0.0456689579	0.0473871252	0.013905578	0.0606661505	-0.0531674364	-0.0150476602	-0.0027046202	-0.0055149673	-0.0144537784	0.0013963184	-0.0385646206	-0.1198775784	-0.0003331553	0.0222625511	-0.0693220998	0.0066017453	-0.0228922523	-0.0135810957	0.0199881886	-0.1002352835	-0.0524647142	0.0091123158	0.0552662574	0.0196886856	0.1192814241	0.0651208313	0.1184839443	-0.0344141046	0.0458889636	-0.0697376341	0.1419863355	0.1094628008	0.0088312847264262	0.0224435234787989	7.799158991920869e-05	0.0005037117461433	-0.0314972226875767	-0.120255297638053	0.0144613366100167	0.0009920750370307	-0.0187220905472713	0.393098970920434	0.1545268009387042	0.0003505166744602	-0.0076825080799777	-0.0043057742881482	1.8539692220478136e-05	5.9020930398922646e-05	-0.0019228951815248	-0.0020790393258295	4.322404518345582e-06	3.697525879131293e-06	-0.0025079295327481	0.0011303289406042	1.2776435139674135e-06	6.289710541230103e-06	0.0	0.0	0.0	0.0	1.0	0.0	0.0	0.0	0.0	0.0	0.0	0.0	0.0	0.0	0.0	0.0	0.0	0.0	0.0	0.0	0.0	0.0	0.0	0.0	0.0	0.0	0.0	0.0	0.0	0.0	0.0	0.0	0.0	0.0	0.0	0.0	0.0	0.0	0.0	0.0
986.4613362970516	4.288452226503182	973105.9680089648	18.390822499000095	1438.1368118151695	-5.703235474977419	2068237.4894979	32.5268948830409	938.471385260048	-1.695782739411584	880728.5409519135	2.8756790992862555	1106.805079807745	964.095047016112	0.610928	30.032188	0.2177822920860238	0.1097389222855544	-0.0064009625	-0.0039951782	-0.0304770774	0.012751621	0.0174411955	0.0014937522	-0.0148464622	0.0303468553	-0.0444299621	0.1758315141	0.0031906498	0.0144323576	-0.0528829612	-0.0415547055	0.0835720533	0.004963386	-0.0227543257	-0.0077750116	0.0037122267	0.0305797344	-0.0144707633	0.0097105102	0.0010087955	-0.0051932067	-0.0159378815	0.0204748277	-0.0814150558	-0.1413933869	-0.0091353219	0.0062523984	-0.0654565939	0.0310447118	-0.0296279562	-0.0056039476	0.0167802685	-0.1025571651	-0.0370105745	0.0149368707	0.039962397	-0.0128054306	0.0903418699	0.0884834168	0.0885623362	-0.0841994289	0.0216990026	-0.089989252	0.1397444952	0.1012278027	0.0007190432809807	-0.0081122414454455	5.1702323992349e-07	6.58084612692037e-05	-0.0252781985991248	0.0062190240884519	3.8676260612745015e-05	0.0006389873244167	-0.1044031954313027	-0.0856811048840314	0.0073412517341483	0.0109000272162667	-0.0089249813695043	-0.0012424732895266	1.543739875187052e-06	7.965529244599886e-05	-0.0026170035457557	-0.0006941083642308	4.817864212952957e-07	6.848707558497905e-06	-0.0029267463123525	-0.0004188167796043	1.7540749487820053e-07	8.565843976868956e-06	0.0	0.0	0.0	0.0	0.0	0.0	0.0	0.0	0.0	0.0	0.0	0.0	0.0	0.0	0.0	0.0	0.0	0.0	0.0	0.0	0.0	0.0	0.0	0.0	0.0	0.0	0.0	0.0	0.0	0.0	0.0	0.0	0.0	0.0	0.0	0.0	0.0	0.0	0.0	0.0
987.68803591278	1.2266996157284211	975527.6562852452	1.504791947228256	1440.6961329560972	2.55932114092775	2075605.3475146529	6.550124702399721	937.6647308157676	-0.8066544442804116	879215.147415806	0.6506913924773395	1105.9861820969627	965.620580912033	0.469159	23.063044	0.1451361840621945	0.0723502255532004	-0.0017174511	-0.010532178	-0.0376355427	0.0102028408	0.043831661	-0.0014741247	-0.0238029788	0.0378360495	0.0114670681	0.1338021942	0.0186369325	-0.1054439748	-0.0201629205	0.0532084064	-0.051035457	0.0045463209	-0.0095545687	0.0193950868	0.0267918972	0.0376181878	-0.0134714241	-0.0079339239	0.0061876489	-0.008787756	-0.0051763251	0.0129457713	-0.0660479852	-0.1280186535	-0.0052231184	0.0030787279	-0.0637450827	0.0215054318	-0.0308271014	-0.0175121571	0.0117331925	-0.119656076	-0.0461324725	0.0288026276	0.0211753073	-0.0284749718	0.086197758	0.0581605853	0.084814833	-0.0713416842	0.0179293496	-0.077832231	0.1373117808	0.0924399334	0.0085671209363056	0.0078480776553249	7.339556113728574e-05	6.159232288400999e-05	-0.0228769682131826	0.0024012303859421	5.765907366372122e-06	0.0005233556746269	-0.0658901154984903	0.0385130799328124	0.0014832573259111	0.0043415073204043	-0.0082552299464987	0.0006697514230056	4.485669686180271e-07	6.814882146956893e-05	-0.0016313315648279	0.0009856719809278	9.71549253986133e-07	2.6612426744038446e-06	-0.0031987988301814	-0.0002720525178289	7.401257245704398e-08	1.0232313955969893e-05	0.0	0.0	0.0	0.0	0.0	0.0	0.0	0.0	0.0	0.0	0.0	0.0	0.0	0.0	0.0	0.0	0.0	0.0	0.0	0.0	0.0	0.0	0.0	0.0	0.0	0.0	0.0	0.0	0.0	0.0	0.0	0.0	0.0	0.0	0.0	0.0	0.0	0.0	0.0	0.0
989.5306373308546	1.842601418074537	979170.8822164072	3.3951799858902945	1439.561191642862	-1.134941313235231	2072336.4244842168	1.2880917844881108	937.3071219966096	-0.3576088191580311	878544.6409455672	0.1278840675396014	1103.6242517489138	964.1965608485724	0.509261	25.034397	0.1365930781725165	0.0692030679928346	0.0007191226	-0.0030445302	-0.0502640794	0.0089482905	0.0455107979	-0.0226440437	0.004035672	-0.0274755821	-0.0160907779	0.2147606326	-0.0093789601	-0.0437723313	-0.094485224	0.0250622765	-0.0312154821	0.0158902777	-0.0107516165	0.0013201377	0.0444766809	0.0108056063	0.0082515112	0.0123705147	0.0138206768	-0.0141058245	0.0038930915	0.0156528405	-0.0555641511	-0.1122851278	-0.016048144	-0.0125443774	-0.054667255	0.0236274645	-0.0403528719	-0.0301308978	-9.11045e-05	-0.1246666443	-0.0449836323	0.0369394007	2.0803e-05	-0.060871056	0.0439313843	-0.0173422326	0.0343230158	-0.0889658452	0.0377773994	-0.0476363803	0.1346915149	0.0831471893	0.0086405388040162	7.341786771060052e-05	7.465891082370971e-05	5.390183299171238e-09	-0.0519343371393574	-0.0290573689261747	0.0008443306889118	0.0026971753741044	-0.0652307964761291	0.0006593190223612	4.3470157324733085e-07	0.0042550568089101	-0.0075008815034894	0.0007543484430092	5.690415734705544e-07	5.6263223329389405e-05	-0.0011062338610301	0.0005250977037978	2.7572759853372204e-07	1.2237533552895626e-06	-0.0023421855298631	0.0008566133003182	7.337863462822096e-07	5.485833056300091e-06	0.0	0.0	0.0	0.0	0.0	0.0	0.0	0.0	0.0	0.0	0.0	0.0	0.0	0.0	0.0	0.0	0.0	0.0	0.0	0.0	0.0	0.0	0.0	0.0	0.0	0.0	0.0	0.0	0.0	0.0	0.0	0.0	0.0	0.0	0.0	0.0	0.0	0.0	0.0	0.0
992.7506587660472	3.2200214351926206	985553.8704804206	10.368538043099944	1445.796987558777	6.235795915914878	2090328.929234034	38.88515070494067	942.0652381369152	4.758116140305674	887486.9129059628	22.639669204637364	1106.7291490786542	962.5078260101216	0.541529	26.620676	0.0718321733535262	0.0409000158126335	0.0042733762	-0.0201532951	-0.0354376052	0.0042112805	-0.0331643053	0.0358154364	-0.0132328848	0.0534158254	0.0504378693	0.0896163048	0.0119606868	-0.0991629842	0.0407097958	-0.0187586893	0.1182447053	-0.0257584142	-0.0131488392	0.0266097097	0.0128738993	0.0027847273	-0.0135568701	-0.0405108925	0.0110890732	-0.0272801806	0.0126446874	0.0108279091	-0.0512290716	-0.0999816699	-0.017196228	-0.0180339008	-0.0518394832	0.0217700578	-0.030423667	-0.0263379543	-0.0109891319	-0.13040122	-0.0313363741	0.0127767356	-0.0002052011	-0.0643790635	0.0184538941	-0.0408003371	0.0167712615	-0.1141632783	0.0307684233	-0.0635790814	0.1318872767	0.0734003241	0.0044474176724236	-0.0041931211315926	1.977952395298575e-05	1.7582264824208412e-05	-0.0326666874353804	0.019267649703977	0.0003712423251151	0.0010671124680008	-0.0653460701349857	-0.0001152736588565	1.3288016426186265e-08	0.0042701088820864	-0.0069052326937468	0.0005956488097426	3.547975045477762e-07	4.7682238554789694e-05	-0.0011555370381806	-4.9303177150500106e-05	2.430803277133596e-09	1.3352658466071936e-06	-0.0020220149395742	0.0003201705902889	1.025092068859427e-07	4.088544415861256e-06	0.0	0.0	0.0	0.0	0.0	0.0	0.0	0.0	0.0	0.0	0.0	0.0	0.0	0.0	0.0	0.0	0.0	0.0	0.0	0.0	0.0	0.0	0.0	0.0	0.0	0.0	0.0	0.0	0.0	0.0	0.0	0.0	0.0	0.0	0.0	0.0	0.0	0.0	0.0	0.0
993.459763379035	0.7091046129878578	986962.3014531285	0.5028293521606595	1445.4177855100925	-0.3792020486844194	2089232.5746689	0.1437941937264608	940.8564065417404	-1.2088315951748427	885210.7777306366	1.461273825492955	1106.146323801201	965.103501457938	0.594853	29.241949	0.1664685064355526	0.0901395355517798	0.0108295129	-0.0143517845	-0.0154915649	0.00686972	-0.037452949	0.0054246233	-0.0245774379	0.0574616442	-0.1110542623	0.0589653264	0.0493468261	-0.0864741743	0.036580164	-0.1660493255	0.1348293684	-0.0172696485	-0.0211702845	-0.0076320558	-0.0302010987	0.0426300882	-0.0533052482	0.104644567	0.0127695583	-0.0193034819	-0.0012278408	0.0145729856	-0.0543160701	-0.1025688076	-0.0218950539	0.0033137181	-0.04844678	0.037107791	-0.0394362673	-0.0259809292	-0.0241112866	-0.0792880344	-0.040014171	0.0143341595	-0.0445960712	-0.0749265454	-0.0270887679	-0.0103414759	-0.0223036096	-0.0667824582	0.0273642687	-0.0424386924	0.1289028963	0.0632525717	-0.0106471067640683	-0.0150945244364919	0.0001133608824454	0.0002278446679638	-0.0115457536953584	0.0211209337400219	0.0004460938420503	0.0001333044283938	-0.1403794316903344	-0.0750333615553487	0.0056300053462956	0.0197063848417012	-0.0063432287726707	0.0005620039210761	3.158484073049113e-07	4.023655126243744e-05	-0.0007078951713777	0.0004476418668029	2.0038324091478536e-07	5.011155736598631e-07	-0.0019272669933794	9.474794619480008e-05	8.977173308132733e-09	3.714358063769672e-06	0.0	0.0	0.0	0.0	0.0	0.0	0.0	0.0	0.0	0.0	0.0	0.0	0.0	0.0	0.0	0.0	0.0	0.0	0.0	0.0	0.0	0.0	0.0	0.0	0.0	0.0	0.0	0.0	0.0	0.0	0.0	0.0	0.0	0.0	0.0	0.0	0.0	0.0	0.0	0.0
995.8388162593888	2.379052880353697	991694.9479689008	5.659892607519224	1454.707249309523	9.28946379943045	2116173.181193678	86.29413768092881	941.717963836478	0.8615572947376222	886832.7234123221	0.7422809721156101	1105.911988302926	980.9137304880456	0.634148	31.173658	0.2294343873257892	0.1192369589326532	0.0173586639	-0.0305873551	0.0159451319	-0.0218754963	-0.0187935666	-0.028473972	0.0051220297	0.0071127738	0.00375767	0.1375889918	-0.0606869619	0.0413709083	0.0610123204	-0.0386540389	0.0775178562	-0.024633025	0.0162529429	-0.0014716259	0.0195290317	-0.0229970126	-0.0118153125	-0.0175669971	0.0194549445	-0.0200863889	0.0261126839	0.014369681	-0.0578149948	-0.1036085539	-0.023010992	-0.0277266662	-0.0617441249	0.0243635992	-0.0306854824	-0.0259357036	0.0036421137	-0.0980215714	-0.0213981751	0.0097393451	0.0013508618	-0.0755214532	-0.0388883906	-0.0395899358	-0.0580117015	-0.05650998	-0.0040416284	-0.0013332179	0.1257424501	0.0527593557	-0.0040928354022184	0.0065542713618499	1.6751301629652247e-05	4.295847308476574e-05	-0.0553770138737377	-0.0438312601783793	0.0019211793688247	0.0030666136655721	-0.0890820316535894	0.051297400036745	0.0026314232505298	0.0079356083635311	-0.0077387712673702	-0.0013955424946994	1.947538854512103e-06	5.9888580728674574e-05	0.0003410334000362	0.0010489285714138	1.1002511479284049e-06	1.1630377994025083e-07	-0.0018167089445165	0.0001105580488629	1.2223082168371389e-08	3.300431389086255e-06	0.0	0.0	0.0	0.0	0.0	0.0	0.0	0.0	0.0	0.0	0.0	0.0	0.0	0.0	0.0	0.0	0.0	0.0	0.0	0.0	0.0	0.0	0.0	0.0	0.0	0.0	0.0	0.0	0.0	0.0	0.0	0.0	0.0	0.0	0.0	0.0	0.0	0.0	0.0	0.0
993.6561538321728	-2.1826624272159734	987352.5520485466	4.764015271180324	1438.8409419122772	-15.866307397245691	2070263.256123009	251.7397104238933	938.1484555418386	-3.569508294639377	880122.5246355372	12.741389465499312	1103.487742058585	978.3407914452068	0.640098	31.466154	0.3958993897662627	0.243904011903797	0.0196940645	0.0032308333	0.0132690985	0.0168508438	0.010708114	-0.0244158538	0.0484779204	0.0473178146	0.0800426191	0.0844303681	0.019998476	-0.0037690322	-0.045257793	0.0486598768	0.1090059598	0.0118045005	-0.0016487061	-0.0318638839	0.0419364204	-0.0138261142	0.0287159263	-0.0946657448	0.0276967337	-0.0463981084	0.0432555844	0.0148993262	-0.0060360466	-0.0178612719	-0.0011632714	-0.0086640876	-0.0355446363	0.0064101614	-0.0513306084	-0.0375835808	-0.0199833327	-0.0977819743	-0.0399947988	0.0347978539	-0.0428988888	-0.0650128836	0.014782205	-0.0958360094	0.0132575955	-0.0881110192	-0.0216369329	-0.0098545299	0.1224102548	0.0419779864	-0.0020108723012413	0.002081963100977	4.043607411899482e-06	4.334570353830181e-06	0.0123914568159193	0.067768470689657	0.0045925656196148	0.0001535482020207	-0.0682948196397958	0.0207872120137935	0.0004321081833064	0.0046641823896322	-0.0035129106639395	0.0042258606034307	1.785789783962768e-05	1.234054133281986e-05	0.000684996871717	0.0003439634716808	1.1831086985070854e-07	4.692207142620762e-07	-0.0002812981403913	0.0015354108041251	2.357486337424393e-06	7.912864378760355e-08	0.0	0.0	0.0	0.0	0.0	0.0	0.0	0.0	0.0	0.0	0.0	0.0	0.0	0.0	0.0	0.0	0.0	0.0	0.0	0.0	0.0	0.0	0.0	0.0	0.0	0.0	0.0	0.0	0.0	0.0	0.0	0.0	0.0	0.0	0.0	0.0	0.0	0.0	0.0	0.0
993.3718652023828	-0.2842886297900122	986787.6625756609	0.0808200250278826	1446.147226610898	7.306284698620857	2091341.8010343923	53.38179609730127	937.8276040898928	-0.3208514519458276	879520.6149929888	0.1029456542157457	1100.3825626551547	972.7619194436986	0.502358	24.695065	0.182540932027501	0.0966037716437865	0.0193053576	-0.0092375917	-0.0120040316	0.0137976308	-0.0137181866	-0.0633503459	0.0411348045	0.0184697909	0.1313058599	0.0706755152	0.0442545716	-0.0417363527	0.0167818268	0.0606476437	0.0804695328	-0.0118473911	0.0273963196	-0.0218293839	0.0667013644	-0.0542055403	0.0567080721	-0.0871751642	0.0396528189	-0.0432433539	0.0548335773	0.0122630662	-0.0128418828	-0.0338079758	-0.0076174711	-0.0234761225	-0.0354290514	0.0019839794	-0.0550843038	-0.0537184711	0.0020850809	-0.1239375836	-0.0380378141	0.0293987375	-0.0035788741	-0.0791237599	0.0211372356	-0.1156831987	0.0094275316	-0.0982827018	0.0198926703	0.0208941365	0.1189108618	0.0309673479	-0.0021617767612411	-0.0001509044599997	4.67327876544206e-06	2.2772156047831197e-08	-0.0107990846619259	-0.0231905414778452	0.0005378012140356	0.0001166202295354	0.0043775606518252	0.072672380291621	0.0052812748572499	1.9163037260408262e-05	-0.0043339180034306	-0.0008210073394911	6.740530514982551e-07	1.878284526045988e-05	0.0002471328883701	-0.0004378639833469	1.917248679124144e-07	6.107466451414829e-08	-0.000752968933514	-0.0004716707931226	2.224733370849968e-07	5.669622148372105e-07	0.0	0.0	0.0	0.0	0.0	0.0	0.0	0.0	0.0	0.0	0.0	0.0	0.0	0.0	0.0	0.0	0.0	0.0	0.0	0.0	0.0	0.0	0.0	0.0	0.0	0.0	0.0	0.0	0.0	0.0	0.0	0.0	0.0	0.0	0.0	0.0	0.0	0.0	0.0	0.0
994.4549017849464	1.0830365825636363	988940.5516841074	1.1729682391711205	1454.0643887960964	7.917162185198322	2114303.2467649654	62.68145706673427	938.6997511761743	0.8721470862815295	881157.2228582116	0.7606405401093617	1104.069200177059	977.8870532627708	0.549025	26.989136	0.1838494361357368	0.1384500039138179	0.020504139	-0.026838339	-0.0401260458	0.0154752757	-0.0479597347	-0.0974179924	0.0540254333	-0.0381231896	0.1582705549	0.0270805935	0.0249444917	0.0183474513	0.0420711579	0.0146195015	0.0943854863	-0.0388198375	0.0279835606	-0.0043454025	0.0849182052	-0.0841821641	0.0480779791	-0.0635924766	0.0432028213	-0.0483977451	0.0493666205	0.0039523865	0.0143538377	0.0309339454	-0.0029749634	-0.0152476204	-0.0012458172	-0.0167482796	-0.0300723067	-0.0370725645	0.0212527264	-0.0558942841	-0.0357720798	-0.0042222093	-0.0146789198	-0.0391813612	0.0197249827	-0.1258185999	0.0097255848	-0.1084047213	0.0183680723	0.0214809755	0.1152490509	0.0197875765	-0.0009446514031168	0.0012171253581242	8.92366273410539e-07	1.4813941373892052e-06	-0.0127935014963185	-0.0019944168343926	3.9776985093086025e-06	0.0001636736805363	-0.0150702175226911	-0.0194477781745163	0.0003782160759251	0.0002271114561812	-0.0017329915624654	0.0026009264409652	6.764818351311905e-06	3.003259755576268e-06	5.827634676802696e-05	-0.000188856541602	3.566679330589554e-08	3.396132592627326e-09	-0.0003189496007072	0.0004340193328068	1.8837278125005978e-07	1.017288477912823e-07	0.0	0.0	0.0	0.0	0.0	0.0	0.0	0.0	0.0	0.0	0.0	0.0	0.0	0.0	0.0	0.0	0.0	0.0	0.0	0.0	0.0	0.0	0.0	0.0	0.0	0.0	0.0	0.0	0.0	0.0	0.0	0.0	0.0	0.0	0.0	0.0	0.0	0.0	0.0	0.0
994.24404271646	-0.2108590684864566	988521.2164771698	0.0444615467629762	1444.4032162569692	-9.661172539127165	2086300.651133477	93.33825483078483	939.391551659542	0.691800483367615	882456.4873293219	0.4785879087876658	1106.3228160822505	978.6199997094228	0.51294	25.215286	0.0882545150939076	0.0486558699164893	0.0248178267	-0.016388407	-0.0129984842	0.0167250965	-0.0353542675	-0.0761734783	0.0261577409	0.0169571399	0.0954653084	0.04360025	0.0504109563	-0.0167143158	0.0645355658	0.0234772321	0.157590246	-0.0231297228	-0.0045081565	-0.0020713865	0.048474071	-0.046636443	0.0106711471	-0.0729613006	0.0460394436	-0.0540419297	0.0531188688	-0.0001011148	0.0371848583	0.0484797104	-0.0055483331	-0.0145138312	0.0119158786	-0.0265428856	-0.0124721471	-0.0256457696	0.0190762561	-0.0475756019	-0.0079876449	-0.0151040289	-0.0044746074	-0.0240816085	0.0199313111	-0.0810463066	0.0406571566	-0.1147868409	0.0294724212	-0.0240571717	0.1114298236	0.0084997322	0.0002415407162459	0.0011861921193627	5.8341917604582376e-08	1.407051744038174e-06	0.0032034633824196	0.0159969648787381	0.0002559028853315	1.0262177642503224e-05	0.0028145564228694	0.0178847739455605	0.0003198651390837	7.921727857515391e-06	-0.0009300319704871	0.0008029595919782	6.44744106349958e-07	8.64959466128118e-07	-0.0002018516073509	-0.0002601279541189	6.766655251409857e-08	4.0744071390141917e-08	-0.0003195937376149	-6.441369077000232e-07	4.149123558613482e-13	1.0214015712266155e-07	0.0	0.0	0.0	0.0	0.0	0.0	0.0	0.0	0.0	0.0	0.0	0.0	0.0	0.0	0.0	0.0	0.0	0.0	0.0	0.0	0.0	0.0	0.0	0.0	0.0	0.0	0.0	0.0	0.0	0.0	0.0	0.0	0.0	0.0	0.0	0.0	0.0	0.0	0.0	0.0
995.0668523013372	0.822809584877291	990158.0405488912	0.6770156129659398	1443.8110223845763	-0.5921938723929543	2084590.2683591957	0.3506935824997626	939.798298385908	0.4067467263660091	883220.8416490481	0.1654428994094651	1102.8166973078362	969.0457447324934	0.522369	25.678764	0.2289710274954511	0.125227252395932	0.0206444941	-0.0105260496	-0.0052234263	0.0146435353	-0.043656849	-0.0913392393	0.0936732919	-0.0036827577	0.1234452719	-0.0915807232	0.0643042281	0.1278628832	0.0103875767	-0.0160530992	-0.0418956776	-0.0080010587	0.0273641653	-0.0393914281	0.0853733785	-0.0657661316	0.0591453583	-0.1065372756	0.0487482468	-0.0562806637	0.061474833	-0.0132480109	0.0676946265	0.0848928238	0.0059522219	-0.0132027946	0.0301153946	-0.0469785731	0.0021859614	-0.0210911975	0.02517832	-0.0423432333	0.009490141	-0.0366753246	0.0079197202	-0.0075116301	0.0387589215	-0.0863280461	0.0297635865	-0.0991884514	0.0334809848	0.0166691216	0.1074583966	-0.0028345346	-0.0045028973087113	-0.0047444380249572	2.0276084172799468e-05	2.250969217265977e-05	0.003154811272779	-4.865210964060014e-05	2.367027772480977e-09	9.952834166853451e-06	0.0752381350470727	0.0724235786242033	0.0052451747407361	0.0056607769653615	0.0009365684027937	0.0018666003732807	3.4841969535320213e-06	8.771603731115424e-07	0.0008139226544507	0.0010157742618016	1.0317973509385857e-06	6.624700874280736e-07	-0.0001668811979643	0.0001527125396506	2.332111976653608e-08	2.784933423399989e-08	0.0	0.0	0.0	0.0	0.0	0.0	0.0	0.0	0.0	0.0	0.0	0.0	0.0	0.0	0.0	0.0	0.0	0.0	0.0	0.0	0.0	0.0	0.0	0.0	0.0	0.0	0.0	0.0	0.0	0.0	0.0	0.0	0.0	0.0	0.0	0.0	0.0	0.0	0.0	0.0
995.4726702864908	0.4058179851535897	990965.8372873164	0.1646882370741191	1455.1446183662583	11.333595981682038	2117445.8603602834	128.45039787599924	941.0831947566578	1.2848963707498342	885637.5794533975	1.6509586835660954	1106.5562391905028	968.3765295983948	0.593117	29.15662	0.1575582913232865	0.0864528127308953	0.020936096	-0.0305361351	-0.0249901252	0.0201310534	-0.0621857143	-0.0516681696	0.0845967962	-0.0256229725	0.1659929818	-0.1054013405	0.0445675066	0.0866807462	0.0012834186	-0.0127368218	-0.1078775548	-0.0357651994	0.0004776458	-0.0349920244	0.0841015091	-0.0784336043	0.035468914	-0.0809010741	0.0553411761	-0.0502222041	0.0729555521	-0.0123456457	0.0672207763	0.1089838577	0.0031274541	-0.0272745468	0.0519921305	-0.0557089609	0.0231415606	-0.013634973	0.0349135227	-0.0193927591	0.0516247907	-0.0307348269	0.0329795933	0.0475429227	0.0710859359	-0.0234787635	0.0485304399	-0.0736051181	0.0227181039	0.0377851517	0.1033401944	-0.0141533203	0.0083247187225765	0.0128276160312878	6.930094181001572e-05	0.0001645477330461	-0.0590412763332608	-0.0621960876060398	0.0038683533134981	0.0034858723110604	0.1260157722768866	0.0507776372298138	0.0025783684426425	0.0158799748625401	0.0006439612281739	-0.0002926071746198	8.561895863898216e-08	4.146860633912377e-07	0.0007420330726779	-7.188958177280008e-05	5.1681119674681095e-09	5.506130809478056e-07	0.000103761054766	0.0002706422527303	7.324722896293158e-08	1.0766356486152852e-08	0.0	0.0	0.0	0.0	0.0	0.0	0.0	0.0	0.0	0.0	0.0	0.0	0.0	0.0	0.0	0.0	0.0	0.0	0.0	0.0	0.0	0.0	0.0	0.0	0.0	0.0	0.0	0.0	0.0	0.0	0.0	0.0	0.0	0.0	0.0	0.0	0.0	0.0	0.0	0.0
991.7856564425118	-3.6870138439790026	983638.788325104	13.59407108569282	1409.9373622675823	-45.207256098676	1987923.365518068	2043.6960039712783	939.572646422956	-1.5105483337017631	882796.7579062372	2.281756268449173	1109.710870903229	981.9100863223464	0.9616650000000002	47.273808	1.0562086117052367	0.6538440650246985	0.0347055901	0.0710647627	0.0029869838	-0.0064277938	0.0054011609	-0.0195409599	-0.0278470972	0.115277333	-0.017981271	-0.1180174011	0.1122291975	0.042896868	0.2486071349	-0.012278029	-0.2273411487	0.0227908831	-0.0092157492	0.0546639273	0.1108211517	0.0567104966	-0.1141342505	0.0124983919	-0.0052161176	-0.0245214606	0.0053867849	-0.0072815483	0.086550321	0.2229189176	0.0474626604	0.0258967922	0.1159239371	0.0534896029	0.1137023051	0.2000544298	-0.0536533536	0.23787356	0.1054258494	-0.0732352672	-0.0570297019	0.0348309432	-0.0434239338	0.2395720527	0.0745535815	-0.0860330436	-0.0695118053	-0.0678462765	0.0990808418	-0.0253948054	-0.0325749729159809	-0.0408996916385574	0.0010611288604768	0.001672784776129	-0.0231415709453557	0.0358997053879051	0.0012887888469383	0.0005355323058189	-0.3826539524630874	-0.5086697247399741	0.258744888867041	0.1464240473356227	0.0071743127216523	0.0065303514934784	4.264549062837557e-05	5.147076302806203e-05	0.0025500486914271	0.0018080156187492	3.268920477641053e-06	6.502748328649066e-06	-0.0009726616317824	-0.0010764226865484	1.158685800116075e-06	9.460706499416012e-07	0.0	0.0	0.0	0.0	0.0	1.0	0.0	0.0	0.0	0.0	0.0	0.0	0.0	0.0	0.0	0.0	0.0	0.0	0.0	0.0	0.0	0.0	0.0	0.0	0.0	0.0	0.0	0.0	0.0	0.0	0.0	0.0	0.0	0.0	0.0	0.0	0.0	0.0	0.0	0.0
993.9246893031363	2.139032860624525	987886.288006336	4.575461578831538	1458.7404716592528	48.80310939167043	2127923.763656659	2381.7434862953505	943.8279161753144	4.255269752358345	890811.1353518363	18.10732066533585	1103.348779553565	920.0803516026148	1.137919	55.938198	1.0599567108542851	0.7950032363988643	-0.0059015373	-0.0477926474	-0.0478342796	0.0464788946	-0.0684870569	-0.0245018561	0.0808451538	-0.0718647329	-0.143490193	-0.2318434615	0.1629141312	0.0158011626	0.1208975364	-0.2265755769	0.0667404816	-0.0245403782	0.0393198968	-0.0346099265	0.05388766	-0.0039623736	0.1306740392	0.0229613579	0.0444738035	-0.0152410672	0.037493439	-0.0590219031	0.1249274931	0.1726838231	0.0658343193	-0.0528531683	0.0675663345	-0.1177469993	0.1762705636	0.0248242609	0.0698033874	-0.0124267219	0.0920326207	-0.1609151404	0.0774040465	0.1187098741	0.2136866284	0.1114624183	0.0318800658	-0.1754735941	0.1730096406	-5.88527e-05	0.0946861568	-0.0364975928	-0.0021840214848651	0.0303909514311158	4.769949846352356e-06	0.0009236099288884	-0.0767619052832486	-0.0536203343378929	0.0028751402545074	0.0058923901027144	0.3920533278282292	0.7747072802913166	0.6001713701363687	0.1537058118611889	0.0057650957276609	-0.0014092169939914	1.985892536154158e-06	3.323632874909396e-05	0.0007410270259544	-0.0018090216654727	3.272559386149621e-06	5.49121053194823e-07	-0.0001661373953673	0.0008065242364151	6.504813439249602e-07	2.760163413943056e-08	0.0	0.0	0.0	0.0	0.0	0.0	1.0	0.0	0.0	0.0	0.0	0.0	0.0	0.0	0.0	0.0	0.0	0.0	0.0	0.0	0.0	0.0	0.0	0.0	0.0	0.0	0.0	0.0	0.0	0.0	0.0	0.0	0.0	0.0	0.0	0.0	0.0	0.0	0.0	0.0
996.9380759194328	3.0133866162964296	993885.5272179408	9.080498899274446	1439.4451108419948	-19.295360817257915	2072002.227126923	372.310949068172	942.7670702664358	-1.0608459088786049	888809.7487787587	1.1253940423844733	1106.23385277864	971.7544218371196	0.8742959999999999	42.978893	0.6368937521603004	0.4516529403903374	0.0361272043	-0.0051752293	0.0278183174	0.0203346279	-0.1058760405	-0.0191175254	-0.049909889	0.1003988333	-0.0580979548	-0.1647472757	0.1271305385	0.0877641868	0.0431867336	0.0135681581	-0.1594914839	-0.0442586401	0.0261776066	-0.0159522433	0.0128992189	-0.0361250636	-0.0054144369	0.0059269924	0.0511222743	-0.0464378828	0.0389946885	-0.0143634678	0.0863369448	0.1572006609	-0.0029764561	0.0005848461	0.084147287	-0.0422699344	0.0754295486	0.0758353202	0.003999524	0.1041968926	0.0790131143	-0.0795957867	0.0238618271	0.068191499	-0.0113669484	0.1670658563	-0.0045926748	-0.0667820921	0.0447764645	-0.0545365963	0.0901621419	-0.0474010431	0.0125940685393572	0.0147780900242222	0.000158610562374	0.000218391944764	-0.0070603347322162	0.0697015705510323	0.0048583089372805	4.98483265309384e-05	-0.0543030381273297	-0.4463563659555589	0.1992340054290528	0.0029488199498582	0.0046400135629077	-0.0011250821647532	1.265809877445747e-06	2.152972586396741e-05	-0.0001321016053479	-0.0008731286313023	7.623536067998276e-07	1.7450834135492325e-08	-4.319367883306481e-05	0.0001229437165342	1.5115157435250375e-08	1.865693891133951e-09	0.0	0.0	0.0	0.0	0.0	0.0	0.0	1.0	0.0	0.0	0.0	0.0	0.0	0.0	0.0	0.0	0.0	0.0	0.0	0.0	0.0	0.0	0.0	0.0	0.0	0.0	0.0	0.0	0.0	0.0	0.0	0.0	0.0	0.0	0.0	0.0	0.0	0.0	0.0	0.0
995.798306966962	-1.1397689524708312	991614.2681582676	1.2990732650164558	1445.8315248195297	6.386413977534858	2090428.7981619665	40.78628349245261	942.6332865781004	-0.1337836883353702	888557.5129650312	0.0178980752646154	1110.1945295957762	989.1364814866204	0.576168	28.323425	0.2343636818373273	0.1323396473333984	0.052468149	-0.0186713913	-0.0207353767	0.0102485578	-0.0807968503	-0.0122370301	-0.060558388	0.0319313209	0.0582228973	-0.0067996639	0.000320552	-0.0639965604	0.0786933565	-0.0286329606	-0.2309824881	-0.0468489779	-0.0087272092	0.0152522536	0.0649956697	-0.0331230007	-0.0462874075	0.0055688595	0.0591419796	-0.0602879214	0.0768459797	0.0056896535	0.075168481	0.1243276847	-0.0115916286	0.0222352261	0.0604004174	-0.0199973543	0.0293515493	0.0481147079	-0.0157592018	0.0988044212	0.047009406	-0.0210796477	-0.0107715992	0.0813261341	-0.0558039133	0.1444983382	-0.0252535056	0.0209468177	-0.041938901	-0.0738791166	0.0855149763	-0.0580456054	0.0124357570830966	-0.0001583114562606	0.0001546480542297	2.5062517183351868e-08	-0.0175671976966924	-0.0105068629644762	0.0001103941693542	0.0003086064349146	-0.118637949388777	-0.0643349112614473	0.0041389808070182	0.014074963035174	0.0023484649974615	-0.0022915485654462	5.251194827798537e-06	5.515287844301843e-06	0.0006046366724243	0.0007367382777722	5.427832899347473e-07	3.655855056403303e-07	0.0001157914010514	0.0001589850798844	2.5276255625869663e-08	1.340764855744616e-08	0.0	0.0	0.0	0.0	0.0	0.0	0.0	0.0	0.0	0.0	0.0	0.0	0.0	0.0	0.0	0.0	0.0	0.0	0.0	0.0	0.0	0.0	0.0	0.0	0.0	0.0	0.0	0.0	0.0	0.0	0.0	0.0	0.0	0.0	0.0	0.0	0.0	0.0	0.0	0.0
995.268683707577	-0.5296232593849481	990559.7527690128	0.280500796881536	1445.8019616887432	-0.0295631307865278	2090343.312423018	0.0008739787019013	941.1981573524716	-1.4351292256287709	885853.971403688	2.059595894253835	1109.4788222268362	992.9634647813692	0.422895	20.788824	0.1252684833883796	0.0731810584989698	0.0629288562	-0.0250048444	-0.02234254	0.0065729832	-0.0492085839	-0.0357472032	0.0218997909	0.0110243898	0.1436842411	0.0419385135	-0.0019283542	-0.0217175248	0.0965749097	0.0271220113	-0.0830729333	-0.0488746433	-0.0099114602	-0.0029809477	0.0685742992	-0.0528022393	-0.0145575336	-0.0358248949	0.0629351104	-0.0660228377	0.1021411434	0.0136551503	0.0626344045	0.1045399401	-0.0131621848	0.0042594359	0.0537629872	-0.0034653451	0.0142735637	0.0383201864	-0.0182468624	0.0957253806	0.0276999765	-0.0120082776	-0.0163466993	0.0704793912	-0.0621664312	0.1126024321	-0.0166746033	0.0440736885	-0.0745475601	-0.0570908057	0.0807510076	-0.0683731426	-0.004694876807207	-0.0171306338903036	2.2041868234850197e-05	0.0002934586174836	-0.0178556602898964	-0.0002884625932039	8.321066767797614e-08	0.0003188246043881	-0.1362103857807	-0.0175724363919229	0.0003087905207481	0.0185532691945271	0.0010110187411322	-0.0013374462563293	1.7887624885692595e-06	1.0221588949205384e-06	0.000911977435964	0.0003073407635397	9.44583449331658e-08	8.317028437074718e-07	-4.496058933858106e-05	-0.0001607519903899	2.5841202414340564e-08	2.0214545936725287e-09	0.0	0.0	0.0	0.0	0.0	0.0	0.0	0.0	0.0	0.0	0.0	0.0	0.0	0.0	0.0	0.0	0.0	0.0	0.0	0.0	0.0	0.0	0.0	0.0	0.0	0.0	0.0	0.0	0.0	0.0	0.0	0.0	0.0	0.0	0.0	0.0	0.0	0.0	0.0	0.0
994.8694613347916	-0.3992223727854025	989765.2450965784	0.1593785029324068	1447.7918018895623	1.989840200819117	2096101.1016186257	3.959464024795864	939.8303644912048	-1.367792861266821	883281.1140196709	1.8708573113324771	1108.2517339403385	989.4281501484392	0.455816	22.407167	0.0769407401561358	0.0496131396531184	0.0671156308	-0.0268304844	-0.0149669851	0.0172448479	-0.0069018769	-0.0350058591	0.0522845512	0.018728428	0.1152002314	-0.0066473815	0.0034704153	-0.0485512423	-0.0008547327	0.0304091995	-0.0920241641	-0.0226835636	-0.0053250444	-0.0115806289	0.0932141289	-0.0385177269	-0.0031529014	-0.0382815393	0.067268465	-0.0654833491	0.0881939899	0.0089829338	0.0603330201	0.1072318362	-0.010280218	0.0173580584	0.0574086017	-0.0001748472	0.0093326268	0.0428090509	-0.0193884202	0.1073677239	0.0216976123	-0.0086399493	-0.0250536433	0.0574065422	-0.05180296	0.1148979182	0.0093022691	0.0228602193	-0.0626467174	-0.0704760483	0.0758767427	-0.0783272495	-0.0045041881196112	0.0001906886875957	2.028771061684668e-05	3.636217557700837e-08	0.0075812007368369	0.0254368610267333	0.0006470338988933	5.747460461221636e-05	-0.1360507800128942	0.0001596057678057	2.547400111687839e-08	0.0185098147421169	0.001773029601414	0.0007620108602818	5.80660551187409e-07	3.143633967490288e-06	0.0011719594526917	0.0002599820167277	6.75906490218021e-08	1.3734889587534293e-06	-4.603940580910008e-05	-1.078816470519021e-06	1.163844977063117e-12	2.1196268872549983e-09	0.0	0.0	0.0	0.0	0.0	0.0	0.0	0.0	0.0	0.0	0.0	0.0	0.0	0.0	0.0	0.0	0.0	0.0	0.0	0.0	0.0	0.0	0.0	0.0	0.0	0.0	0.0	0.0	0.0	0.0	0.0	0.0	0.0	0.0	0.0	0.0	0.0	0.0	0.0	0.0
993.9802960354144	-0.8891652993771686	987996.82890665	0.7906149296164898	1457.897897056546	10.106095166983778	2125466.2782419	102.13315952413286	940.261358680965	0.430994189760213	884091.4226285744	0.1857559916070624	1107.8433408648054	968.5216935486246	0.55764	27.412655	0.2990154172789734	0.1803588257640166	0.0567917398	-0.0440402857	-0.0282191658	0.0319795273	-0.0408989462	-0.0871721167	0.0453202919	0.0108832655	0.1029836411	-0.0755596633	0.0339890826	-0.0362222919	-0.0593543787	-0.0194980894	-0.1390954741	-0.0209539349	0.004043748	-0.0330132018	0.1354055758	-0.0766700544	0.0303255115	-0.0372813524	0.0770093923	-0.0637058648	0.1059138376	-0.0006072096	0.0788673388	0.1125087674	0.003595468	0.0036637125	0.046983597	-0.0178466732	0.0083263403	-0.0043180833	0.0007079586	0.0365799264	0.0026268137	0.0070484036	-0.0057505904	0.0470795877	-0.0017048473	0.0422078109	0.0094471761	0.0511255333	-0.0370058982	-0.0358623114	0.0708988393	-0.0878535601	-0.0167768998173158	-0.0122727116977046	0.0002814643674802	0.0001506194524149	-0.0377111890083625	-0.0452923897451994	0.002051400568831	0.0014221337764244	0.0328563969395432	0.1689071769524374	0.028529634426042	0.0010795428198488	0.0023880530586449	0.0006150234572309	3.7825385294424876e-07	5.702797410903262e-06	0.0020049438847333	0.0008329844320415	6.938630640236668e-07	4.019799980929456e-06	-4.889429420923972e-05	-2.854888400139637e-06	8.15038777725186e-12	2.3906520062196926e-09	0.0	0.0	0.0	0.0	0.0	0.0	0.0	0.0	0.0	0.0	0.0	0.0	0.0	0.0	0.0	0.0	0.0	0.0	0.0	0.0	0.0	0.0	0.0	0.0	0.0	0.0	0.0	0.0	0.0	0.0	0.0	0.0	0.0	0.0	0.0	0.0	0.0	0.0	0.0	0.0
995.0431986377542	1.0629026023398185	990110.9671552532	1.129761942060758	1445.493598568282	-12.404298488263976	2089451.7435018816	153.86662098594795	941.9105270673645	1.649168386399424	887195.4410003204	2.71975636669928	1105.9515510630386	955.377024994912	0.582703	28.644703	0.3471478191644184	0.2159958086908563	0.0563597341	-0.0297100907	-0.0175669189	0.0075482949	-0.0433387935	-0.1114475725	0.0960594157	-0.0218328774	0.0762947873	-0.0570219021	0.0844332482	0.0812847808	-0.044227324	-0.0070224789	0.0151237526	-0.0331099636	0.028419901	-0.0476646911	0.096545651	-0.0552279082	0.0749292002	-0.0617706365	0.0894271359	-0.0584303842	0.1314949127	0.0030933472	0.0665522346	0.0901917178	0.0016798048	-0.0517473858	0.0358082617	-0.057523991	0.0083016981	-0.052980547	0.0369193124	-0.0357190161	0.0317411569	0.0126585271	0.0207958171	-0.0107789638	0.0307537543	-0.0605098892	0.0133433117	0.0535031357	-0.0544473779	0.0258586911	0.0658240966	-0.096900045	0.0015957914771718	0.0183726912944876	2.5465504386141555e-06	0.0003375557854025	-0.0929396824527941	-0.0552284934444316	0.0030501864881416	0.0086377845744262	0.2012035010239188	0.1683471040843756	0.0283407474535955	0.040482848824282	0.0004250485642697	-0.0019630044943752	3.853386644937235e-06	1.806662819877333e-07	0.0021419913640012	0.0001370474792679	1.878201157368549e-08	4.5881270034557215e-06	-4.495566102986624e-05	3.938633179373477e-06	1.5512831321661627e-11	2.0210114586322342e-09	0.0	0.0	0.0	0.0	0.0	0.0	0.0	0.0	0.0	0.0	0.0	0.0	0.0	0.0	0.0	0.0	0.0	0.0	0.0	0.0	0.0	0.0	0.0	0.0	0.0	0.0	0.0	0.0	0.0	0.0	0.0	0.0	0.0	0.0	0.0	0.0	0.0	0.0	0.0	0.0
995.5456628237832	0.5024641860289876	991111.166767246	0.252470258241773	1449.2071051912685	3.713506622986415	2100201.2337368564	13.790131438963968	943.4160843375344	1.505557270169902	890033.9081867657	2.2667026937614474	1103.8782213157583	951.9040749814864	0.481685	23.678814	0.1295605736806155	0.0716421544947484	0.0590510046	-0.0358040297	0.0112243489	0.0220147456	-0.0731941781	-0.1250372486	0.0591266985	0.0192970778	0.0526259899	-0.1609854885	0.0574615831	0.0801632155	-0.1155625368	-0.047272146	0.0773606055	-0.0363107965	0.0450544275	-0.0590799799	0.0845931778	-0.0769917048	0.0670391244	-0.0639605377	0.0968888162	-0.0532981804	0.1387511566	0.0033237727	0.0465773966	0.0634767423	0.0130355334	-0.0575365495	0.022212697	-0.0617127667	-0.0076867921	-0.0753412535	0.0346559438	-0.0639116079	0.0163053617	0.0172902792	0.0346890074	-0.0505578311	0.0339388167	-0.0770907118	-0.0030655217	0.0617397329	-0.0229852902	0.05801355	0.0606594461	-0.1054172954	-0.0133210587280245	-0.0149168502051963	0.0001774506056354	0.0002225124200442	-0.1092883882881636	-0.0163487058353695	0.0002672801824914	0.0119439518146244	0.2577082102461219	0.0565047092222031	0.0031927821642857	0.0664135216282593	-0.0001368530402294	-0.0005619016044991	3.157334131386631e-07	1.8728754620029778e-08	0.0023350118926113	0.0001930205286101	3.725692446492245e-08	5.452280538636205e-06	-0.0001258396962776	-8.088403524773375e-05	6.542227157956635e-09	1.5835629159238612e-08	0.0	0.0	0.0	0.0	0.0	0.0	0.0	0.0	0.0	0.0	0.0	0.0	0.0	0.0	0.0	0.0	0.0	0.0	0.0	0.0	0.0	0.0	0.0	0.0	0.0	0.0	0.0	0.0	0.0	0.0	0.0	0.0	0.0	0.0	0.0	0.0	0.0	0.0	0.0	0.0
995.822913927984	0.2772511042007863	991663.2759040212	0.0768681747805553	1447.5467924546565	-1.6603127366120134	2095391.7163457645	2.756638383356073	942.082763288006	-1.3333210495283083	887519.9328843652	1.7777450211152697	1104.3444631701318	957.9888527817814	0.496804	24.422043	0.096927277158236	0.0630704792014799	0.0689268178	-0.0348418653	-0.0129681186	0.0039088554	-0.0441010778	-0.1239999025	0.1009410693	-0.0091999386	0.0688423984	-0.0843724851	0.0502490634	0.1223929949	-0.1080540209	-0.0995332631	0.0162665644	-0.0303555624	0.0437513076	-0.0722524568	0.110678177	-0.0700689604	0.0758082877	-0.0827763075	0.100462137	-0.0551878337	0.1437220977	0.0174153814	0.0362674357	0.0464829474	0.0031808577	-0.0791758056	0.0207838205	-0.0505673634	-0.0134095931	-0.0799898218	0.0375605215	-0.0736285939	0.0198998436	0.0338042695	0.0284330544	-0.0688347725	0.0355752382	-0.1063820096	0.0032246599	0.0732707872	-0.0392996129	0.0670674447	0.0554119421	-0.1133587932	-0.0065150946310978	0.0068059640969267	4.244645805215937e-05	4.632114728865528e-05	-0.1277381269701862	-0.0184497386820225	0.0003403928574349	0.0163170290818514	0.2574558483392479	-0.0002523619068739	6.368653204108098e-08	0.0662835138440818	-0.0012615124462178	-0.0011246594059883	1.2648587794781804e-06	1.5914136519624177e-06	0.0021669931991525	-0.0001680186934588	2.8230281351602264e-08	4.695859525173186e-06	9.86645372345516e-06	0.000135706150001	1.841615914810888e-08	9.734690907708218e-11	0.0	0.0	0.0	0.0	0.0	0.0	0.0	0.0	0.0	0.0	0.0	0.0	0.0	0.0	0.0	0.0	0.0	0.0	0.0	0.0	0.0	0.0	0.0	0.0	0.0	0.0	0.0	0.0	0.0	0.0	0.0	0.0	0.0	0.0	0.0	0.0	0.0	0.0	0.0	0.0
997.2525272358184	1.4296133078344155	994512.6030782268	2.0437942099372592	1447.0711830576086	-0.4756093970479469	2094015.008835747	0.2262042985603116	945.1680708591292	3.085307571123167	893342.6821715679	9.519122808429934	1104.7348989326265	974.099212938458	0.539398	26.515873	0.2798099325497182	0.1705748048663808	0.0890455795	-0.0309783174	-0.0072410894	0.0297345848	-0.0958018361	-0.1198540471	0.0325767607	0.1105436116	0.0866914003	0.0035121152	0.1436807667	0.1317927351	-0.128490971	-0.0172797714	0.1460945873	-0.0410110546	0.0381234645	-0.0722426748	0.1072722325	-0.0318288929	0.0576167733	-0.1025281489	0.1040078524	-0.0653218032	0.1504795308	0.0236644895	0.0196212414	0.0104708975	-0.0210971668	-0.0459817295	0.0042289897	-0.0114141108	-0.0397043445	-0.0678178376	0.0102284021	-0.052019509	-0.0165950151	0.0403165697	0.0046348103	-0.0697961163	-0.063855106	-0.0791134854	-0.0497330111	0.1127541778	-0.037317299	0.0404993946	0.0500887521	-0.1206811645	-0.0230069308228308	-0.016491836191733	0.0005293188658865	0.0002719806609749	-0.127956216463275	-0.0002180894930888	4.7563026995740396e-08	0.0163727933315964	0.0950273656641442	-0.1624284826751036	0.0263830119841364	0.0090302002250669	-0.0023511209009168	-0.001089608454699	1.1872465845515426e-06	5.527769490727825e-06	0.0017020347563143	-0.0004649584428381	2.1618635356652357e-07	2.896922311701879e-06	-0.0004489971325352	-0.0004588635862586	2.105557907941543e-07	2.0159842502483202e-07	0.0	0.0	0.0	0.0	0.0	0.0	0.0	0.0	0.0	0.0	0.0	0.0	0.0	0.0	0.0	0.0	0.0	0.0	0.0	0.0	0.0	0.0	0.0	0.0	0.0	0.0	0.0	0.0	0.0	0.0	0.0	0.0	0.0	0.0	0.0	0.0	0.0	0.0	0.0	0.0
996.8687259415018	-0.3838012943166404	993747.256760233	0.1473034335191284	1452.17181436816	5.100631310551535	2108802.978445314	26.016439766178667	940.643223024764	-4.524847834365232	884809.6730224158	20.474247924159734	1103.8082891446409	979.3231754017352	0.501424	24.649145	0.1212607810068754	0.054593840977107	0.0974457705	-0.0355862433	-0.0256109186	0.0193110524	-0.0365940528	-0.140661617	0.0874687653	0.0006916444	0.1523670228	0.071782646	0.0152467458	0.128548324	-0.0064043515	-0.0364914974	0.0621704663	-0.0376556657	0.0394947308	-0.0444744716	0.1143739085	-0.0707063562	0.0119508002	-0.0826149154	0.1030042361	-0.0679827783	0.1571440565	0.0288032078	0.0262263422	0.0269799167	-0.0233805987	-0.0507065695	0.0124448109	0.0003900771	-0.0388430286	-0.0552142719	0.003808117	-0.0220886395	-0.0055115755	0.0424216045	-0.016134994	-0.0641544182	-0.0533192561	-0.0906039853	-0.0409080796	0.1014664085	-0.0773891066	0.0328322377	0.0446971468	-0.1273444172	-0.0173912438534813	0.0056156869693494	0.0003024553627712	3.153594013772175e-05	-0.1055876183099115	0.0223685981533635	0.0005003541833466	0.0111487451403595	0.0654480410429911	-0.0295793246211531	0.0008749364450435	0.004283446076365	-0.0021040177942964	0.0002471031066203	6.105994530145269e-08	4.426890878715889e-06	0.0022679919616432	0.0005659572053288	3.2030755826369853e-07	5.14378753807817e-06	1.18859807756856e-05	0.0004608831133108	2.1241324413513465e-07	1.4127653899996766e-10	0.0	0.0	0.0	0.0	0.0	0.0	0.0	0.0	0.0	0.0	0.0	0.0	0.0	0.0	0.0	0.0	0.0	0.0	0.0	0.0	0.0	0.0	0.0	0.0	0.0	0.0	0.0	0.0	0.0	0.0	0.0	0.0	0.0	0.0	0.0	0.0	0.0	0.0	0.0	0.0
996.0889812745417	-0.7797446669601413	992193.2586165542	0.6080017456527818	1442.6966618609324	-9.475152507227676	2081373.6581446773	89.77851503522292	943.0279038147356	2.38468078997164	889301.6273732142	5.686702470059763	1103.8126307692482	988.4492838093128	0.529224	26.015781	0.2104000655713122	0.1354073688652411	0.1101094304	-0.0215897428	0.003798702	0.0160956901	-0.0727449208	-0.0902383136	0.0387666543	0.0253285162	0.134132167	0.0444161275	-0.0498321086	0.0025320105	-0.0124987779	0.0792204773	0.1071467746	-0.0406116053	0.0337789968	-0.0656578167	0.094359468	-0.0592198641	0.0214254285	-0.0902458524	0.1062526907	-0.0669037669	0.1428002859	0.0262034276	0.0221307911	0.0191785076	-0.0325688137	-0.0125846643	0.0058454198	0.0154480385	-0.0563641915	-0.0432146653	-0.017787706	0.0223785785	-0.0224153601	0.043198249	-0.0483915986	-0.0501334492	-0.0980637278	-0.0456845934	-0.0593168037	0.1006288727	-0.032624506	0.0048546499	0.0392444906	-0.1333121588	-0.0154399764897306	0.0019512673637507	0.0002383928740034	3.8074443248386105e-06	-0.0732864227276621	0.0323011955822493	0.0010433672360427	0.0053708997562175	-0.0585876775573268	-0.1240357186003179	0.0153848594886972	0.0034325159615612	-0.0016770717869269	0.0004269460073695	1.822828932087572e-07	2.812569778506185e-06	0.002076350124897	-0.0001916418367461	3.6726593591457135e-08	4.311229841159788e-06	-0.0004117638556085	-0.0004236498363841	1.7947918386834725e-07	1.6954947278557766e-07	0.0	0.0	0.0	0.0	0.0	0.0	0.0	0.0	0.0	0.0	0.0	0.0	0.0	0.0	0.0	0.0	0.0	0.0	0.0	0.0	0.0	0.0	0.0	0.0	0.0	0.0	0.0	0.0	0.0	0.0	0.0	0.0	0.0	0.0	0.0	0.0	0.0	0.0	0.0	0.0
996.5206322410154	0.4316509664737396	993053.370482033	0.1863225568577134	1451.1097461851682	8.413084324235797	2105719.495473583	70.7799878467021	943.544309987962	0.5164061732264145	890275.8649106594	0.2666753357463496	1103.8046112060547	961.9806574995624	0.627413	30.842556	0.3884468240860322	0.2503060282220198	0.1009768632	-0.0287897551	-0.0218838026	0.0325227227	-0.053225086	-0.0667309075	0.042745064	-0.0385408748	0.1651059226	0.0322399882	-0.0595823417	0.0820299249	-0.0932740686	-0.0759144555	-0.0077871378	-0.0180223238	0.0244473524	-0.071930199	0.107005059	-0.0929731338	0.0528772399	-0.1042124749	0.11545666	-0.0449351439	0.1261070509	0.0172145768	0.0016791712	-0.0367661096	-0.0224424977	-0.0264051346	-0.033123197	0.0082018534	-0.0635920764	-0.0792751616	0.0279322632	-0.0609453035	-0.0449203665	0.0661686907	-0.0105932194	-0.0676049556	-0.038532283	-0.0775362548	-0.0223437039	0.1691766286	0.0221594783	0.0730761673	0.0337382312	-0.1385517956	-0.0062220320988615	0.0092179443908691	3.8713683439262845e-05	8.49704987931551e-05	-0.1156191584681778	-0.0423327357405157	0.0017920605152763	0.0133677898048896	0.1675855493834106	0.2261732269407374	0.0511543285847863	0.0280849163621395	-0.0030487925727016	-0.0013717207857747	1.8816179141263605e-06	9.29513615136044e-06	0.00167380198544	-0.000402548139457	1.6204500458029249e-07	2.801613086462886e-06	-0.000851953270655	-0.0004401894150464	1.937667211189798e-07	7.258243753797516e-07	0.0	0.0	0.0	0.0	0.0	0.0	0.0	0.0	0.0	0.0	0.0	0.0	0.0	0.0	0.0	0.0	0.0	0.0	0.0	0.0	0.0	0.0	0.0	0.0	0.0	0.0	0.0	0.0	0.0	0.0	0.0	0.0	0.0	0.0	0.0	0.0	0.0	0.0	0.0	0.0
994.8116694393098	-1.7089628017056384	989650.2576526264	2.920553857613585	1450.222897970729	-0.8868482144391692	2103146.45379862	0.7864997554539426	942.5718955753734	-0.9724144125885914	888441.7783285527	0.9455897898100152	1118.2482321195514	994.234079732276	1.034167	50.837914	1.011019059838906	0.5369772324805464	0.1290928494	-0.0535014699	0.0634342649	-0.0331684781	-0.0121494924	-0.0460666253	0.038075572	0.0229722436	-0.1146761855	0.1799239271	-0.0557353374	0.0395467522	0.253837888	-0.1511070104	0.0668633016	-0.0910131815	-0.0366696731	0.0327988778	-0.0163288415	0.0458407793	-0.2112775991	0.1854150608	0.0943598249	0.0149146004	0.060813988	0.0274046443	-0.075072483	-0.191990279	-0.1106546977	0.006500677	-0.0471909498	0.0670373857	-0.0610543886	-0.0690596474	-0.0610405084	0.0263729238	0.0458724235	0.1403708781	-0.0466476419	0.0172396006	-0.2256091366	0.1481200918	-0.2914469356	0.319476538	0.0849106853	-0.0068360687	0.0281858894	-0.1430347106	0.1714401976345527	0.1776622297334142	0.0293917413649744	0.0315638678738484	-0.1038578647168719	0.0117612937513058	0.0001383280307045	0.010786456063548	-0.2880563558430253	-0.4556419052264359	0.2076095457983763	0.0829764641415636	-0.0082328597307102	-0.0051840671580086	2.687455229874336e-05	6.777997934554962e-05	0.000723897695801	-0.000949904289639	9.023181594745732e-07	5.24027873985997e-07	-0.0020370544455624	-0.0011851011749073	1.4044647947668994e-06	4.149590814185537e-06	0.0	0.0	0.0	0.0	0.0	0.0	0.0	0.0	1.0	0.0	0.0	0.0	0.0	0.0	0.0	0.0	0.0	0.0	0.0	0.0	0.0	0.0	0.0	0.0	0.0	0.0	0.0	0.0	0.0	0.0	0.0	0.0	0.0	0.0	0.0	0.0	0.0	0.0	0.0	0.0
974.74906246942	-20.06260696988977	950135.7347850133	402.5081984282696	1378.5022192463475	-71.72067872438151	1900268.368467105	5143.855756685951	938.100035469487	-4.471860105886435	880031.6765478528	19.99753280661864	1077.967766735041	978.3474942174014	1.732161	85.15011599999998	2.478017712128628	1.1716589026994533	0.131772058	0.1475546443	0.0412552625	0.111231926	0.0517690658	-0.0721173165	0.0146563761	-0.0254208531	-0.2096610843	0.2083835398	-0.2225157922	0.0741641677	-0.1323252056	-0.1931433198	0.1471469691	0.0413297417	0.1624188937	-0.0977370734	-0.043171088	0.1834941447	-0.0585608279	0.1985522282	0.0455579794	0.1257421919	-0.0190551083	0.1073301975	-0.1867192291	-0.3230427375	-0.1955894199	-0.1172045222	0.1398809663	0.1392029169	0.4014941812	-0.0891134884	0.041095982	0.1250071302	0.304998257	-0.0213166169	-0.4992515347	-0.0623132674	0.3244542686	0.0380538188	0.1018138322	0.040649317	-0.0327231921	0.012264609	0.022595049	-0.1467364196	0.51113826777123	0.3396980701366772	0.2612623287801736	0.1153947788545829	0.0595792657564118	0.1634371304732837	0.0267116956173411	0.0035496889080731	-0.6557887864374976	-0.3677324305944723	0.1352271405109184	0.4300589324171658	-0.0224321263231375	-0.0141992665924273	0.0002016191717628	0.0005032002913771	-0.0140711622921076	-0.0147950599879086	0.0002188938000458	0.0001979976082508	-0.0051857294837104	-0.003148675038148	9.91415449585631e-06	2.689179027822333e-05	0.0	0.0	0.0	0.0	0.0	0.0	0.0	0.0	0.0	1.0	0.0	0.0	0.0	0.0	0.0	0.0	0.0	0.0	0.0	0.0	0.0	0.0	0.0	0.0	0.0	0.0	0.0	0.0	0.0	0.0	0.0	0.0	0.0	0.0	0.0	0.0	0.0	0.0	0.0	0.0
964.3101920861636	-10.438870383256358	929894.1465612538	108.97001487842674	1332.751161482891	-45.75105776345663	1776225.6584339947	2093.159286475145	932.5809529622396	-5.51908250724739	869707.2338279589	30.460271721804137	1060.0858803151923	933.6406334926204	1.95127	95.921143	1.685638407507775	0.8503602168488156	0.1032190335	0.2730540687	0.2415395146	0.2620704771	0.1063711743	-0.1785025563	-0.0439872206	-0.0054235641	-0.2285015452	0.0451714184	-0.2137930143	-0.0303708888	-0.0793661571	0.1464520593	0.2170748181	0.1269619126	0.2731049117	-0.203592182	-0.1786307008	0.0295807687	-0.1958678395	0.0744801332	0.0315259272	0.1364455287	0.012407397	-0.0133144834	-0.0956906717	-0.3028853104	-0.222001996	-0.1154926668	0.0796821135	0.1122160751	0.1082405385	0.1548498901	0.2699902775	0.1016799319	0.1082974524	-0.4016638502	0.4610918455	-0.0229391618	-0.3126392742	-0.0783481809	-0.0973188461	-0.1063553697	0.0432262085	-0.0306068918	0.0169733466	-0.1496367051	0.1588252895125919	-0.352312978258638	0.0252254725887586	0.1241244346494715	-0.0841250146999925	-0.1437042804564043	0.0206509202214929	0.0070770180982739	-0.0305422818369649	0.6252465046005327	0.3909331915151839	0.0009328309798085	-0.0132683896073302	0.0091637367158073	8.397407059663475e-05	0.0001760501627719	-0.0131273560140552	0.0009438062780524	8.907702904911255e-07	0.0001723274759197	-0.0063656793736947	-0.0011799498899843	1.3922817428739625e-06	4.052187388868215e-05	0.0	0.0	0.0	0.0	0.0	0.0	0.0	0.0	0.0	0.0	1.0	0.0	0.0	0.0	0.0	0.0	0.0	0.0	0.0	0.0	0.0	0.0	0.0	0.0	0.0	0.0	0.0	0.0	0.0	0.0	0.0	0.0	0.0	0.0	0.0	0.0	0.0	0.0	0.0	0.0
940.0128161695696	-24.297375916593975	883624.0945630452	590.362476432281	1328.2781122014385	-4.473049281452404	1764322.7433534171	20.008169874301867	914.5626761478449	-18.018276814394767	836424.8886027078	324.65829936015604	1087.9230643120882	277.162526167768	3.541427	174.090561	12.369219117457057	6.486952884837851	-0.3996777275	0.2882837426	-0.3882063982	-0.3631847632	0.5625595621	0.2281791987	0.1562778068	-0.2071531712	0.3301414495	0.0788386964	-0.0674986888	-0.1087058707	0.0497380008	-0.0733995219	0.0004672585	0.5954397136	-0.4248594671	0.1516625146	-0.0997686331	-0.2476462034	-0.0343745596	-0.1143547172	-0.2887365545	0.3014219011	0.1616961072	-0.1654356511	-0.0610904198	-0.0482394683	0.2125468412	-0.2320914049	0.1668128029	0.0657612908	-0.2322959781	-0.3920000349	0.016185037	0.2886387746	-0.3250000068	-0.0063731832	-0.1198074729	-0.0747914666	-0.1194900211	0.2269411456	0.0667828641	-0.2368118769	-0.0246626417	0.188344575	0.0113284606	-0.1517197269	-0.1668004787731689	-0.3256257682857608	0.0278223997189583	0.1060321409716919	2.323747915185507	2.4078729298854995	5.79785204647538	5.3998043733289895	2.379414486952939	2.409956768789904	5.807891627436274	5.661613300721518	0.1070097073803046	0.1202780969876348	0.0144668206149668	0.0114510774736184	0.0094449393889621	0.0225722954030173	0.000509508519761	8.920688006116777e-05	-0.0080305599929604	-0.0016648806192656	2.7718274764065377e-06	6.448989380053613e-05	0.0	0.0	0.0	0.0	0.0	0.0	0.0	0.0	0.0	0.0	0.0	1.0	0.0	0.0	0.0	0.0	0.0	0.0	0.0	0.0	0.0	0.0	0.0	0.0	0.0	0.0	0.0	0.0	0.0	0.0	0.0	0.0	0.0	0.0	0.0	0.0	0.0	0.0	0.0	0.0
969.653993898779	29.641177729209403	940228.8678838534	878.5994171745795	1422.91126120143	94.6331489999916	2024676.4572538445	8955.432889654609	943.8206387885712	29.257962640726305	890797.3982032666	856.0283778861361	1091.9140180783852	766.6179909983808	3.329834	163.689026	8.430283649333694	4.068732435934328	-0.0367676419	-0.0038165991	0.1241184705	-0.3505637341	0.1336914035	0.0506434647	-0.7807550149	-0.0774918569	0.2271659839	-0.1776827877	-0.0826019437	0.1206978977	0.0827844805	-0.1815176544	0.1116924387	0.0093095043	0.1636936993	0.4317033396	-0.2945448858	-0.582109821	0.0660406991	0.1261418525	0.0018904113	0.2145878909	-0.2100253996	0.3982783282	0.2490262457	-0.2306613413	0.1753582883	-0.1027337879	-0.0240983853	-0.5814427548	-0.2029572615	0.2099175499	-0.1594766123	0.0638974441	0.010519492	-0.098091862	-0.1698829222	0.0106007219	-0.0349000959	-0.0965417656	0.0361568095	0.0303479335	0.0281914445	0.009904365	0.0056681013	-0.1529741081	0.0879448698920981	0.254745348665267	0.007734300140338	0.0648951926665884	0.1202111453002174	-2.203536769885289	4.855574296236495	0.0144507194543899	0.7100648682786925	-1.6693496186742465	2.786728149367852	0.504192117163637	0.0331301117979723	-0.0738795955823323	0.0054581946434089	0.0010976043077461	-0.0004259885992368	-0.0098709279881989	9.743521934820836e-05	1.8146628667973105e-07	-0.0057280453213138	0.0023025146716465	5.301573813147845e-06	3.281050320302492e-05	0.0	0.0	0.0	0.0	0.0	0.0	0.0	0.0	0.0	0.0	0.0	0.0	1.0	0.0	0.0	0.0	0.0	0.0	0.0	0.0	0.0	0.0	0.0	0.0	0.0	0.0	0.0	0.0	0.0	0.0	0.0	0.0	0.0	0.0	0.0	0.0	0.0	0.0	0.0	0.0
995.4705936583628	25.81659975958371	990961.7028385332	666.4968231465376	1459.295931374974	36.38467017354401	2129544.615327553	1323.8442236375831	943.5204717288228	-0.3001670597483326	890230.8805713804	0.090100263757959	1115.7255745290597	922.7405774660792	2.448396	120.359024	2.34263750816278	1.4343281439819826	0.1074818691	-0.053759385	-0.0211903947	0.0599054054	-0.025220684	-0.0696944082	-0.1329076429	0.0031264724	0.0135571419	0.1378704314	-0.0994952831	-0.065682932	-0.0772542495	0.017784403	-0.0126351296	-0.0680391355	-0.0025865338	-0.0251268076	0.0882649265	-0.0055034697	-0.0623256161	0.0592149377	0.1409652566	0.0235508537	-0.0277200273	0.0151365757	-0.0297331418	-0.1287838842	0.018239582	0.0581539488	-0.0549070952	-0.0947139362	-0.0419342044	-0.0057055564	0.1071094528	0.0843855728	-0.1418413095	0.0340137481	0.1501477211	0.1346377301	0.0868431371	0.0201352065	0.2005537094	0.011046663	0.3482420049	-0.1096185234	0.0	-0.1533929978	0.1372676018691834	0.0493227319770853	0.0188423945229166	0.0024327318896833	-0.0588068777491912	-0.1790180230494086	0.0320474525765185	0.0034582488706083	0.3768633761211717	-0.3332014921575208	0.1110232343759984	0.1420260042614477	0.0060440290098283	-0.027086082788144	0.0007336558808061	3.653028667164606e-05	-0.0076891495286159	-0.0072631609293791	5.275350668605907e-05	5.9123020473414125e-05	-0.0044553838192616	0.0012726615020522	1.6196672988057637e-06	1.985044497693808e-05	0.0	0.0	0.0	0.0	0.0	0.0	0.0	0.0	0.0	0.0	0.0	0.0	0.0	1.0	0.0	0.0	0.0	0.0	0.0	0.0	0.0	0.0	0.0	0.0	0.0	0.0	0.0	0.0	0.0	0.0	0.0	0.0	0.0	0.0	0.0	0.0	0.0	0.0	0.0	0.0
980.262002595274	-15.20859106308876	960913.593732097	231.30124212426333	1433.695131411111	-25.600799963862983	2055481.729831923	655.4009587897269	942.5407039234474	-0.9797678053754452	888382.9785525077	0.9599449524502164	1114.9870845045998	885.5359124677153	1.29399	63.610378	1.8878558599896191	1.0761801497593475	0.0881804571	0.0005378151	-0.0119592724	-0.0199170664	0.0051788582	0.006356328	-0.0694069276	0.0724761289	-0.0932265191	0.0201936647	-0.0383792885	-0.2424626936	0.1677213007	-0.0251667802	0.0644831153	-0.0305536431	-0.0370087075	0.0894551191	0.0741949783	0.1514573214	-0.1610240029	0.1418449284	0.0472107727	0.0606154717	-0.2079830668	-0.0498747178	-0.0274773634	0.0612813499	-0.0631475155	0.1604257499	-0.0155201864	0.1112619524	-0.080722015	-0.0493857485	0.1019926629	0.2221853511	-0.0744400927	0.106687832	0.1129680914	0.0095088389	0.0934972418	-0.0741242667	0.3103914909	0.2802250027	0.1921786093	0.049347762	-0.0056681013	-0.1529741081	0.0819340179047856	-0.0553335839643978	0.0067131832900217	0.003061805514345	0.3342465828306586	0.3930534605798498	0.1544910228737955	0.1117207781339723	0.0197766763240849	-0.3570866997970868	0.1275109111719747	0.0003911169264276	0.0227941426056207	0.0167501135957924	0.0002805663054719	0.0005195729371253	-0.0032712470533426	0.0044179024752733	1.9517862281025956e-05	1.0701057284002645e-05	-0.0039757575773616	0.0004796262418999	2.3004133191911685e-07	1.580664831394818e-05	0.0	0.0	0.0	0.0	0.0	0.0	0.0	0.0	0.0	0.0	0.0	0.0	0.0	0.0	1.0	0.0	0.0	0.0	0.0	0.0	0.0	0.0	0.0	0.0	0.0	0.0	0.0	0.0	0.0	0.0	0.0	0.0	0.0	0.0	0.0	0.0	0.0	0.0	0.0	0.0
986.5478508587084	6.2858482634344455	973276.6620339364	39.51188839092183	1435.974838055178	2.2797066440668914	2062023.7355275943	5.197062383002728	940.5116511890724	-2.029052734375	884562.1660223954	4.117054998874664	1110.667047803647	787.7453208580588	1.241098	61.010269	1.3332494078746615	0.7916666393740263	0.0162519687	-0.0203573545	0.0303445719	0.0468637659	0.0366597058	0.033353131	-0.0588715086	-0.0567155607	-0.1939941159	-0.0744550002	-0.0231694132	-0.1777915674	-0.0158707227	0.0420043705	-0.0549862643	-0.0278476305	-0.0120912575	0.00446674	-0.0612875371	0.0649241544	-0.0239842868	0.1332862329	-0.0476516488	0.0950752531	-0.2582096889	-0.0802828282	0.0060339319	0.0049095504	-0.0261469903	-0.0556792475	-0.0207567675	0.0591143521	-0.0657209009	0.0524624502	0.0910420986	-0.0524673192	-0.012884022	0.083425618	0.1408463533	0.0524321079	0.0098948973	0.030266775	0.1867127365	0.2009447888	-0.2349365776	0.0021046421	-0.0113284606	-0.1517197269	0.1002099124506088	0.0182758945458231	0.0100420265533586	0.00033400832145	0.6232134421603348	0.2889668593296762	0.0835018457908568	0.3883949944893329	0.279285846109822	0.259509169785737	0.0673450092028825	0.0780005838372791	0.0375191318302536	0.0147249892246329	0.0002168253076655	0.0014076852532959	-0.0032639515684655	7.295484877099887e-06	5.3224099591993156e-11	1.0653379841288398e-05	-0.0045734225521201	-0.0005976649747585	3.572034220530784e-07	2.091619384024073e-05	0.0	0.0	0.0	0.0	0.0	0.0	0.0	0.0	0.0	0.0	0.0	0.0	0.0	0.0	0.0	1.0	0.0	0.0	0.0	0.0	0.0	0.0	0.0	0.0	0.0	0.0	0.0	0.0	0.0	0.0	0.0	0.0	0.0	0.0	0.0	0.0	0.0	0.0	0.0	0.0
988.5944318369465	2.046580978238012	977318.950659015	4.188493700485658	1437.28343866155	1.3086006063720106	2065783.6830507696	1.7124355469971937	940.5452301217324	0.0335789326600206	884625.3299047425	0.0011275447185862	1105.449653982002	801.0161438559534	0.820577	40.338184	1.2808442228027777	0.6165483306732202	0.0380061372	-0.0380027203	0.0535355571	-0.0228691177	0.0134644848	-0.0074535439	-0.000170001	-0.1042760862	-0.1462941106	-0.1003205921	0.1203864017	-0.2049844017	0.052437518	0.0376013332	-0.0284952466	-0.0149523928	0.0092739882	0.0132275184	-0.0171476749	0.0379500101	0.02555195	0.1167606582	0.0160118855	0.0478237446	-0.2754759433	-0.0781219977	0.031586986	0.0640436359	0.0237495543	0.0030040193	-0.0760883221	0.0571550922	-0.00063357	-0.0032381594	0.0407015805	-0.0767869285	0.000810291	-0.0280682213	-0.0512855632	-0.1222783057	-0.0162958187	-0.0059391092	-0.1013206156	-0.0053235192	-0.2390989264	-0.007952563	-0.0169733466	-0.1496367051	0.0717502825873594	-0.0284596298632494	0.0051481030513659	0.0008099505319531	0.36848350464318	-0.2547299375171548	0.0648873410674935	0.1357800931941205	0.3188647332228953	0.0395788871130733	0.0015664883051094	0.1016747180933082	0.0304389773705318	-0.0070801544597218	5.01285871735185e-05	0.0009265313433637	0.0030750053897803	0.0063389569582458	4.018237531849285e-05	9.455658147177895e-06	0.0011689813960983	0.0057424039482184	3.297520310451427e-05	1.3665175044239304e-06	0.0	0.0	0.0	0.0	0.0	0.0	0.0	0.0	0.0	0.0	0.0	0.0	0.0	0.0	0.0	0.0	1.0	0.0	0.0	0.0	0.0	0.0	0.0	0.0	0.0	0.0	0.0	0.0	0.0	0.0	0.0	0.0	0.0	0.0	0.0	0.0	0.0	0.0	0.0	0.0
991.6986538348972	3.104221997950731	983466.2200179473	9.636194212561229	1438.892571671944	1.609133010394089	2070411.832812701	2.5893090451399434	940.6382346483148	0.0930045265823764	884800.2884822981	0.0086498419648119	1104.818239871587	824.3114521102779	0.547766	26.927254	0.3645104155122187	0.2339936467385492	0.0622593723	-0.0302235709	0.0163921369	0.0017139076	-0.0209737186	-0.0212028457	-0.0013307591	-0.0680972778	-0.1578269855	-0.1019910946	-0.0017402866	-0.2051784624	0.0398606646	0.0484788818	-0.1040322632	-0.0307972039	0.0140140529	-0.0086360454	0.004515874	0.037195691	0.0021982492	0.1026501512	0.0436391661	0.0497928137	-0.2621234195	-0.0884070454	0.0323991393	0.084476524	0.0089547843	0.0337263227	-0.0692066578	0.0470176919	-0.0217256772	-0.0187363563	0.0703810052	-0.0481027097	-0.004935019	-0.0195133972	-0.0903217875	-0.1267931264	-0.0375213617	-0.0196826037	-0.1134146221	-0.0084864913	-0.1987053662	-0.0388104523	-0.022595049	-0.1467364196	0.0626662675214788	-0.0090840150658805	0.0039270610850735	8.251932971714561e-05	0.3036413261826283	-0.0648421784605517	0.00420450810751	0.0921980549659452	0.2859252793188389	-0.0329394539040564	0.0010850076234974	0.081753265353556	0.0259763114139056	-0.0044626659566261	1.991538744043043e-05	0.0006747687546722	0.0026758567255453	-0.000399148664235	1.593196561605849e-07	7.160209215646015e-06	0.0008779006553249	-0.0002910807407733	8.472799764919128e-08	7.707095606198888e-07	0.0	0.0	0.0	0.0	0.0	0.0	0.0	0.0	0.0	0.0	0.0	0.0	0.0	0.0	0.0	0.0	0.0	0.0	0.0	0.0	0.0	0.0	0.0	0.0	0.0	0.0	0.0	0.0	0.0	0.0	0.0	0.0	0.0	0.0	0.0	0.0	0.0	0.0	0.0	0.0
993.267717254142	1.5690634192447988	986580.7581392542	2.4619600136121798	1445.2105793553826	6.318007683438509	2088633.618680721	39.91722108798803	941.4571061044368	0.8188714561219967	886341.4826345408	0.6705504616513592	1103.7928858962014	842.6761136047058	0.621466	30.55022	0.3452270167128725	0.1878614848147081	0.0795282185	-0.0440266004	0.0302511093	0.0160699305	0.0013264966	-0.0451764215	0.0037593806	-0.0770852238	-0.1355755438	-0.0957228046	0.0280024299	-0.1493623853	-0.0430025943	0.0904880068	-0.1368663827	-0.0294972493	0.0387050892	-0.022081079	0.0434053665	0.0021001072	0.0449334151	0.0712527912	0.0737317153	0.0303579772	-0.242525664	-0.0684701998	0.0293775596	0.0777396506	0.0241867243	0.0526897839	-0.0701920467	0.033798829	0.0032183172	-0.0215816428	0.057065196	-0.0244429514	-0.0216228328	-0.0111054549	-0.0371983363	-0.0983965018	-0.0005651893	0.0081534251	-0.0594430619	-0.1430316742	-0.0254347726	-0.0708934772	-0.0281858894	-0.1430347106	0.0774750372168711	0.0148087696953922	0.0060023813917555	0.0002192996598911	0.3210247123794687	0.0173833861968404	0.0003021821156685	0.1030568659583206	0.2597176863454891	-0.0262075929733497	0.0006868379294567	0.0674532766006538	0.0247699013388806	-0.0012064100750249	1.4554252691218217e-06	0.0006135480123378	-0.0005192433271026	-0.0031951000526479	1.0208664346430617e-05	2.696136327405776e-07	-0.000457134573948	-0.0013350352292729	1.7823190633997446e-06	2.089720186986195e-07	0.0	0.0	0.0	0.0	0.0	0.0	0.0	0.0	0.0	0.0	0.0	0.0	0.0	0.0	0.0	0.0	0.0	0.0	0.0	0.0	0.0	0.0	0.0	0.0	0.0	0.0	0.0	0.0	0.0	0.0	0.0	0.0	0.0	0.0	0.0	0.0	0.0	0.0	0.0	0.0
991.592055647022	-1.6756616071199917	983254.8048222868	2.8078418215759524	1448.8531160732723	3.6425367178896977	2099175.3519552317	13.268073741174652	937.387459616991	-4.069646487445766	878695.2494471959	16.56202253277966	1103.6483502254307	809.0738391241496	0.659351	32.412598	0.5161517359895931	0.3597211227256309	0.057578117	-0.0471332361	0.0191525876	-0.0078100383	0.0239021661	-0.1161479008	0.0905213471	-0.1131683014	-0.0690049961	-0.0534346601	-0.0192834684	-0.1158865543	-0.0366681147	0.1429478074	-0.0626818784	-0.0170324727	0.0239988783	-0.0271869943	0.084217858	-0.0138933818	0.0589593434	0.0294139204	0.0868886374	0.0289558701	-0.2032775687	-0.1025225282	0.056248925	0.0733424736	0.0400896638	0.0528640033	-0.0670718738	0.0141821005	0.0398680869	-0.059453222	0.0272116077	-0.0681936064	-0.0471783735	-0.0141285723	-0.0538433407	-0.0502437268	0.037439576	0.0077178275	-0.1032875599	-0.221496698	0.0414745739	-0.1151830813	-0.0337382312	-0.1385517956	0.0799558375070148	0.0024808002901436	0.0063929359514481	6.154370079577027e-06	0.2524426237554564	-0.0685820886240123	0.0047035028800318	0.0637272782885389	0.5847016052958622	0.3249839189503731	0.1056145475763427	0.3418759672355583	0.0229839990757216	-0.001785902263159	3.18944689355644e-06	0.0005282642135127	8.20861542589757e-05	0.0006013294813615	3.615971451545816e-07	6.738136721028354e-09	-0.0004720013919287	-1.4866817980699982e-05	2.2102227687126427e-10	2.2278531398263026e-07	0.0	0.0	0.0	0.0	0.0	0.0	0.0	0.0	0.0	0.0	0.0	0.0	0.0	0.0	0.0	0.0	0.0	1.0	0.0	0.0	0.0	0.0	0.0	0.0	0.0	0.0	0.0	0.0	0.0	0.0	0.0	0.0	0.0	0.0	0.0	0.0	0.0	0.0	0.0	0.0
993.9781089927616	2.386053345739583	987992.4811568264	5.693250568715059	1435.8455407230863	-13.007575350186016	2061652.416814372	169.19701649076686	943.673008564883	6.285548947892039	890518.7470938978	39.50812557634672	1102.134080762061	812.2105038939617	0.550124	27.043161	0.2764626714321822	0.1784839510652521	0.0657155689	-0.0317429617	0.0358361296	-0.0140666743	-0.0398970549	-0.074327969	0.0163059729	-0.0286441352	-0.1046489158	-0.0878216953	-0.0081386684	-0.0861477875	-0.0488299144	0.0604357595	-0.027823	-0.0323021427	0.0452282825	-0.0258232276	0.043960636	-0.0338833532	0.0413733095	0.0428579466	0.0807252637	0.0297499275	-0.2335390719	-0.0756113208	0.0261777833	0.0869509432	0.034564931	0.0232522522	-0.0683944238	0.0131498294	0.0312043238	-0.0352636347	0.0147394597	-0.1098976601	-0.0399228549	-0.0355415893	-0.0698297683	-0.0755680337	0.0164654458	0.020069948	-0.1030922585	-0.2032680273	-0.0010299087	-0.1077456646	-0.0392444906	-0.1333121588	0.0773337771674818	-0.0026220603395329	0.0059805130909897	6.875200424151882e-06	0.2960020226682474	0.0435593989127909	0.0018974212336436	0.0876171974236936	0.5129991424031601	-0.0717024628927021	0.0051412431848793	0.2631681201063777	0.0258649144905895	0.0028809154148678	8.299673627623474e-06	0.0006689938016055	0.0001917683198358	0.0001096821655768	1.2030177445621902e-08	3.677508849264568e-08	-0.0002910239866303	0.0001809774052984	3.275282122854134e-08	8.469496079419304e-08	0.0	0.0	0.0	0.0	0.0	0.0	0.0	0.0	0.0	0.0	0.0	0.0	0.0	0.0	0.0	0.0	0.0	0.0	0.0	0.0	0.0	0.0	0.0	0.0	0.0	0.0	0.0	0.0	0.0	0.0	0.0	0.0	0.0	0.0	0.0	0.0	0.0	0.0	0.0	0.0
978.796402250976	-15.181706741785549	958042.3970594543	230.48421959357677	1429.315543019299	-6.5299977037873305	2042942.9215165533	42.64087001146781	941.1452686621708	-2.527739902712256	885754.4167251897	6.389469015763764	1096.89161425439	751.361523001444	1.319634	64.870987	1.5337296780482748	0.968520423611037	0.0332164249	0.0168599202	-0.0011150559	0.072751463	-0.0396703741	0.0392473208	0.0927206741	-0.0669385686	-0.1298423961	-0.0939259411	-0.0210727892	-0.0159307443	-0.0941145846	0.0656468564	0.1141481161	-0.0290155655	0.0371600517	-0.0316355575	-0.0594847263	0.0871037299	0.118245265	0.0361079188	-0.0132911362	-0.0083982719	-0.1869571332	-0.0629109181	-0.0668260175	0.0693325976	-0.0296270794	0.0137659212	-0.082454756	0.0904885734	0.0242612077	-0.0749500982	-0.1017357802	-0.2416735555	0.0418055873	0.1685543502	0.0478231217	0.149722038	-0.100338357	0.2630749594	-0.0591334189	0.0009892007	0.2413924704	-0.0294970237	-0.0446971468	-0.1273444172	0.0382471869029643	-0.0390865902645174	0.0014628473059902	0.0015277615385062	0.8569395543150762	0.5609375316468288	0.314650914410037	0.7343453997497214	0.4313532536991218	-0.0816458887040383	0.0066660511422722	0.1860656294768189	0.0416458590162558	0.0157809445256663	0.0002490382101221	0.0017343775732018	0.0007003841147736	0.0005086157949378	2.5869002686021017e-07	4.905379082271993e-07	0.0004606090414234	0.0007516330280537	5.649522088611742e-07	2.121606890409834e-07	0.0	0.0	0.0	0.0	0.0	0.0	0.0	0.0	0.0	0.0	0.0	0.0	0.0	0.0	0.0	0.0	0.0	0.0	1.0	0.0	0.0	0.0	0.0	0.0	0.0	0.0	0.0	0.0	0.0	0.0	0.0	0.0	0.0	0.0	0.0	0.0	0.0	0.0	0.0	0.0
965.6680692847297	-13.128332966246376	932514.8200360974	172.35312647263137	1445.5608131980057	16.245270178706733	2089646.0646536795	263.9088031791783	936.5190665886836	-4.626202073487207	877067.9620841391	21.40174562473733	1102.4086718024494	422.54077024487606	1.993356	97.989998	7.221135781729253	4.226157618605984	-0.2217040505	-0.0226571841	-0.0514005994	-0.0137990832	0.0213750783	0.2049176567	0.0906036636	0.0803958407	0.0693882298	-0.1165849571	0.0476583202	0.0705850629	-0.1832943755	0.0768313663	0.0066684651	0.0637737613	-0.0884732803	0.029660174	-0.0359595985	0.0692423409	0.0736235603	-0.2102228846	-0.1447042162	0.0946019288	0.1213317432	-0.0256740152	-0.1288282716	0.0122929468	0.131854674	0.3551450688	0.0683121459	0.022975414	0.0453390056	-0.0152840806	-0.1449929938	-0.3510045758	0.2059406524	-0.2216038656	-0.1872667481	0.151031737	-0.3849289947	-0.0443518628	0.3884147199	-0.0669999188	0.1145128065	0.156505618	-0.0500887521	-0.1206811645	-0.0521906459772623	-0.0904378328802266	0.0027238635275239	0.0081790016160717	3.2252482854115527	2.3683087310964765	5.608886245787803	10.40222650255016	1.029651913619432	0.5982986599203102	0.3579612864624389	1.0601830632201583	0.1203913245718258	0.07874546555557	0.0062008483455634	0.0144940710321587	0.0026408188839275	0.0019404347691538	3.7652870933413486e-06	6.973924377708086e-06	-0.0021353017904975	-0.0025959108319209	6.738753047284259e-06	4.559513736501829e-06	0.0	0.0	0.0	0.0	0.0	0.0	0.0	0.0	0.0	0.0	0.0	0.0	0.0	0.0	0.0	0.0	0.0	0.0	0.0	1.0	0.0	0.0	0.0	0.0	0.0	0.0	0.0	0.0	0.0	0.0	0.0	0.0	0.0	0.0	0.0	0.0	0.0	0.0	0.0	0.0
984.4192244401896	18.75115515545997	969081.2094474244	351.605819664133	1442.6657187844164	-2.895094413589277	2081284.3761557569	8.381571663595839	944.2577196996916	7.738653111008034	891622.6412124614	59.886751972514325	1108.0118223172483	519.5914943761715	1.625717	79.917496	3.26612801305492	1.9728893574803248	-0.1432917366	-0.023963123	0.0063116312	0.0468842368	-0.0651480141	0.1588165946	0.0057540033	0.0271103176	-0.0489359436	0.1130966983	0.1421742938	0.123782837	0.0299069208	-0.0034556566	-0.0410138227	-0.0020963913	-0.0402666188	-0.0462007493	-0.1058512408	0.1171543851	0.0452519171	-0.0269137363	-0.1521255295	-0.0179919109	0.0600767586	0.0322979816	-0.1043041389	-0.0468898908	0.1301315923	0.2994204869	0.10730258	-0.0956847391	0.0776167405	0.0924208221	0.0356472302	-0.0729545444	0.0358077214	0.146240432	0.113419795	-0.019266256	0.2174447193	0.0462981227	-0.3833080454	-0.141491463	0.0297363453	0.4118881273	-0.0554119421	-0.1133587932	0.0363401032670935	0.0885307492443558	0.001320603105463	0.007837693561767	1.8607334678220724	-1.3645148175894803	1.861900687421253	3.4623290382731557	1.066569360048355	0.036917446428923	0.0013628978508324	1.1375701997939576	0.086324260176008	-0.0340670643958178	0.0011605648765487	0.0074518778949351	0.0012811787124207	-0.0013596401715068	1.8486213959750403e-06	1.6414188931599625e-06	-0.0022318972190161	-9.659542851860005e-05	9.330676810691972e-09	4.981365196251801e-06	0.0	0.0	0.0	0.0	0.0	0.0	0.0	0.0	0.0	0.0	0.0	0.0	0.0	0.0	0.0	0.0	0.0	0.0	0.0	0.0	1.0	0.0	0.0	0.0	0.0	0.0	0.0	0.0	0.0	0.0	0.0	0.0	0.0	0.0	0.0	0.0	0.0	0.0	0.0	0.0
990.4686366646392	6.049412224449611	981028.1202163092	36.5953882613204	1447.5582736515264	4.892554867109993	2095424.9556169875	23.937093127681685	943.6471468367666	-0.6105728629249825	890469.9377331702	0.3727992209404094	1109.0519864447765	606.5170927563444	1.254514	61.669769	2.0370022009802256	1.2780004833432594	-0.0737646723	-0.0420672797	-0.0191404372	-0.0249043853	-0.0662457683	0.1519731148	-0.0321809694	-0.080027351	0.000444087	0.1075672364	0.064234946	0.0930506148	-0.0122944559	0.0246767527	0.0365023003	-0.0745483695	-0.0351184209	0.019715031	-0.1232081441	0.0900679619	0.1399710659	0.0221520527	-0.1373153363	-0.1236190659	-0.0513622159	0.0311731048	-0.0402492847	-0.0288506098	0.0444986217	-0.122827547	-0.0043896222	0.0210062453	0.0329013834	0.0442067839	-0.0988303369	-0.1116819354	0.0691063641	0.0672126887	0.0938243402	0.1370449635	0.0875659688	0.0692676969	-0.0513256164	0.0081655889	0.0452746861	0.2208962025	-0.0606594461	-0.1054172954	0.0165913162543915	-0.019748787012702	0.0002752717750532	0.000390014588473	1.1865413880414335	-0.6741920797806389	0.4545349604389433	1.4078804655352917	1.0407217851345223	-0.0258475749138327	0.0006680971289261	1.0831018340535867	0.0630549363452103	-0.0232693238307977	0.0005414614315425	0.0039759249974985	0.0022109767612283	0.0009297980488076	8.645244115664201e-07	4.888418238691583e-06	-8.674391316036006e-05	0.0021451533058557	4.60168270562381e-06	7.524506470372087e-09	0.0	0.0	0.0	0.0	0.0	0.0	0.0	0.0	0.0	0.0	0.0	0.0	0.0	0.0	0.0	0.0	0.0	0.0	0.0	0.0	0.0	1.0	0.0	0.0	0.0	0.0	0.0	0.0	0.0	0.0	0.0	0.0	0.0	0.0	0.0	0.0	0.0	0.0	0.0	0.0
988.4446978453356	-2.02393881930368	977022.9206985568	4.096328344284375	1428.9354496758417	-18.622823975684696	2041856.5193403	346.8095728293368	945.3170889608516	1.6699421240849688	893624.3986814186	2.788706697793417	1105.6245043745664	701.9713647843597	0.90684	44.578735	0.7935348759192536	0.5391160057099775	0.0066567071	0.0074438198	0.0134470684	0.0484647515	-0.0618148632	0.04633751	-0.0644791021	0.0484120695	-0.0460472436	-0.0736336441	0.0645669741	-0.0930877637	0.0062078893	0.1109690749	0.0617894248	-0.0565799196	0.0186246447	0.0251700326	-0.0983089758	0.0377986633	0.0441727523	0.056108399	-0.1003300872	-0.0906266422	-0.0898551227	0.0722545577	-0.1100657358	0.0272687607	0.0721428145	-0.1658225331	-0.0157532038	0.0074139167	-0.0100758138	0.0327084265	-0.1239711673	-0.148472555	0.0554374018	0.038941235	0.1106242351	0.2068645097	0.0626544157	0.1768941137	-0.0527109983	0.1963230923	0.0147932605	0.1802682663	-0.0658240966	-0.096900045	-0.025631031753889	-0.0422223480082804	0.0006569497887688	0.0017827266713323	1.176294936272896	-0.0102464517685374	0.0001049897738449	1.3836697771012565	0.4863291832668395	-0.5543926018676828	0.307351157005619	0.2365160744969911	0.0601491066653395	-0.0029058296798707	8.44384612841802e-06	0.0036179150326383	0.002778723808376	0.0005677470471477	3.223367095449329e-07	7.721306003235622e-06	0.0001731488453162	0.0002598927584765	6.754424590855557e-08	2.9980522634333355e-08	0.0	0.0	0.0	0.0	0.0	0.0	0.0	0.0	0.0	0.0	0.0	0.0	0.0	0.0	0.0	0.0	0.0	0.0	0.0	0.0	0.0	0.0	1.0	0.0	0.0	0.0	0.0	0.0	0.0	0.0	0.0	0.0	0.0	0.0	0.0	0.0	0.0	0.0	0.0	0.0
943.2997264672068	-45.14497137812873	889814.3739531072	2038.0684407320623	1287.6368839751256	-141.29856570071615	1658008.744973171	19965.2846690796	927.5961328662416	-17.72095609460996	860434.5857084062	314.03228490709387	1072.6182534761515	535.8822775422634	2.49478	122.639183	2.853750154053313	1.56762583130842	-0.1017523965	0.3964044692	-0.1911567789	0.3238984109	0.2926554649	-0.0724345364	0.1344195188	-0.2035644722	-0.2095657856	0.2031560189	0.0085547164	0.2978076856	0.0289144786	-0.0910371678	-0.3085161626	0.4492075246	-0.0273407349	-0.3217317988	0.0618397366	0.1346416383	-0.0458400071	0.2749134559	-0.0757033689	0.0521824653	0.0822500144	-0.2551381547	0.3492047323	-0.2815931415	-0.0400260195	-0.0320803201	0.0203185464	0.0999540981	0.3164455335	0.0661650075	-0.3685487532	-0.0487031565	-0.2569220565	0.0755622078	0.1651269397	0.2990887654	0.0991617724	-0.2282203412	0.0746638869	-0.0591988541	-0.3019834589	0.011538487	-0.0708988393	-0.0878535601	0.122085281877446	0.147716313631335	0.0149048160510954	0.0218201093128309	0.8473334269215798	-0.3289615093513163	0.1082156746346961	0.7179739363786681	1.628217373977776	1.1418881907109366	1.3039086400850963	2.6510918169230853	0.0445577395917733	-0.0155913670735661	0.0002430907272226	0.0019853921575282	0.001619060237948	-0.001159663570428	1.3448195965778177e-06	2.6213560541042342e-06	-0.0077795033178841	-0.0079526521632003	6.324467642885441e-05	6.0520671872969725e-05	0.0	0.0	0.0	0.0	0.0	0.0	0.0	0.0	0.0	0.0	0.0	0.0	0.0	0.0	0.0	0.0	0.0	0.0	0.0	0.0	0.0	0.0	0.0	1.0	0.0	0.0	0.0	0.0	0.0	0.0	0.0	0.0	0.0	0.0	0.0	0.0	0.0	0.0	0.0	0.0
994.416883855215	51.1171573880082	988864.9388963162	2612.963779430401	1501.3082175233817	213.67133354825611	2253926.3640032336	45655.43878029013	943.5364712409254	15.940338374683732	890261.0725617777	254.0943874994149	1135.5524121756866	513.5526274254239	2.850056	140.103958	4.42302192278308	2.5476951498089173	-0.1385825706	-0.1968631606	0.1482195622	-0.172586395	-0.0627331737	-0.0271842477	-0.091440271	0.1449669457	-0.0078904507	0.0296584411	-0.0459092465	-0.0356210361	0.0635777888	-0.1440684285	-0.1555915679	-0.1418131527	-0.1073982869	0.1587479211	-0.0319407171	-0.0771664199	-0.2890785255	0.1316543221	0.0522044772	0.0790446365	0.055322893	0.0384544087	-0.1469275398	0.1083996006	0.1429595757	-0.1092523811	0.1254551434	0.298615386	0.0087710039	0.5113786835	-0.2747306541	0.1147641476	-0.1498624044	0.286864908	-0.0712893415	-0.2049620145	-0.1078159083	-0.2398580557	0.0050033808	-0.097376086	0.2876392393	-0.1185411195	-0.0758767427	-0.0783272495	0.0879642055994907	-0.0341210762779553	0.0077377014667494	0.001164247846366	-0.281710809631889	-1.1290442365534687	1.2747408880946052	0.0793609802634544	3.047325760327737	1.419108386349961	2.01386861220879	9.28619428955702	0.0134130301985347	-0.0311447093932386	0.0009699929231892	0.0001799093791068	0.004948803776259	0.0033297435383109	1.1087192030923854e-05	2.4490658815915336e-05	-0.0054389917773998	0.0023405115404843	5.477994271140193e-06	2.9582631554622637e-05	0.0	0.0	0.0	0.0	0.0	0.0	0.0	0.0	0.0	0.0	0.0	0.0	0.0	0.0	0.0	0.0	0.0	0.0	0.0	0.0	0.0	0.0	0.0	0.0	1.0	0.0	0.0	0.0	0.0	0.0	0.0	0.0	0.0	0.0	0.0	0.0	0.0	0.0	0.0	0.0
954.9248907159434	-39.49199313927159	911881.5469088564	1559.617522112274	1428.258905217511	-73.04931230587067	2039923.5003331231	5336.202028360628	928.6435922106856	-14.892879030239785	862378.9213539661	221.79784580935583	1104.344898223877	234.41059145985943	2.318383	113.967789	6.634639464609398	4.120687593169368	-0.3385305444	-0.0041123505	0.019776719	-0.0491353186	0.0852287375	0.1845812656	0.1607868175	0.2824832106	0.2056164276	-0.0592977334	-0.2820004867	-0.2208138755	0.2457477861	0.0373920671	-0.0049999194	0.0414919399	-0.1252600446	0.1312409831	-0.0332853624	0.032267497	-0.4344105777	-0.1983887573	-0.1277715974	0.1888408607	0.1399159951	-0.1057983742	-0.130922685	0.0595375546	-0.0629329087	0.0440891803	0.105565563	0.1517243214	-0.5387159732	0.0361495873	-0.2246894153	-0.0290279919	0.262255429	-0.2770904322	0.0538776253	0.1433698222	0.4080104223	-0.127956087	-0.1794700203	0.0467915186	-0.0405865854	-0.2849957821	-0.0807510076	-0.0683731426	-0.0175804541726307	-0.1055446597721214	0.0003090723689159	0.0111396752064128	1.6974037141947065	1.9791145238265957	3.916894298421372	2.881179368961985	3.588300023425198	0.540974263097461	0.2926531533338409	12.875897058113276	0.0908542149735301	0.0774411847749954	0.0059971370993549	0.0082544883784564	0.0069319366209095	0.0019831328446505	3.932815879531584e-06	4.8051745316306215e-05	-0.0046831890387813	0.0007558027386184	5.71237779703224e-07	2.193225957296132e-05	0.0	0.0	0.0	0.0	0.0	0.0	0.0	0.0	0.0	0.0	0.0	0.0	0.0	0.0	0.0	0.0	0.0	0.0	0.0	0.0	0.0	0.0	0.0	0.0	0.0	1.0	0.0	0.0	0.0	0.0	0.0	0.0	0.0	0.0	0.0	0.0	0.0	0.0	0.0	0.0
960.152593640612	5.22770292466862	921893.0030747944	27.32887786858884	1391.7733593911323	-36.48554582637871	1937033.083910878	1331.195054248781	928.8610143121684	0.217422101482839	862782.7839090304	0.0472723702132139	1087.1246534686222	203.83561214996803	2.292021	112.671867	7.603083696612144	3.888945479272556	-0.3627374421	0.1137991991	0.0860099698	0.0399864353	0.0420011956	0.2130356542	0.1664992467	0.5270330422	-0.0814136019	-0.1800547432	-0.4124195556	0.2427198592	-0.1505818979	-0.0663694446	-0.046196339	0.0094298409	0.0703761539	0.0535119769	-0.2017300122	0.2105090218	-0.3068517006	-0.4425656211	-0.1762752917	0.2940713878	0.2690999618	-0.0027258835	-0.1443437472	0.2629568712	-0.3956067158	-0.0008699549	-0.6666937602	-0.1755863953	0.10573145	0.1456547639	-0.0059881336	0.0811323302	-0.0783761229	0.01941219	-0.0622732157	0.0127019318	0.0364449368	0.0138883959	0.0273810195	-0.0608496966	-0.0263228714	0.0742872696	-0.0855149763	-0.0580456054	-0.5158864256628277	-0.498305971490197	0.2661388041831682	0.248308841222789	4.27605225267304	2.5786485384783333	6.649428284996445	18.28462286759018	3.8268382209047473	0.2385381974795493	0.0569004716567924	14.644690768977412	0.1593047278843009	0.0684505129107707	0.0046854727177475	0.0253779963262911	0.020675538798845	0.0137436021779355	0.0001888866008253	0.0004274779046225	-0.0082408937333563	-0.003557704694575	1.2657262693800997e-05	6.791232952447114e-05	0.0	0.0	0.0	0.0	0.0	0.0	0.0	0.0	0.0	0.0	0.0	0.0	0.0	0.0	0.0	0.0	0.0	0.0	0.0	0.0	0.0	0.0	0.0	0.0	0.0	0.0	1.0	0.0	0.0	0.0	0.0	0.0	0.0	0.0	0.0	0.0	0.0	0.0	0.0	0.0
969.3171747716704	9.1645811310583	939575.7853073328	83.9895473077498	1449.6965973303709	57.92323793923856	2101620.2243112554	3355.1014933656456	935.5948170595948	6.733802747426353	875337.6617087766	45.3440994412467	1106.8366415790308	509.411030903533	2.869179	141.043991	9.275105223051284	3.6599160404379583	-0.109065677	-0.0536443634	-0.1282442927	-0.1345358454	0.0792572458	0.1631657808	-0.0959399089	0.0909662519	0.046018821	0.2555307052	0.1425600742	-0.0260364636	-0.2157770793	0.1159902904	-0.0977394864	0.0312626158	-0.0539357344	0.1798192383	0.1399489076	0.1842797208	0.1344051641	-0.1177726545	-0.1151251264	0.0320956051	0.1141033633	0.0429394005	-0.0991575967	-0.0194077308	0.1601530692	0.4741640456	0.0554396357	-0.0669843508	0.0840301104	-0.0192515352	0.0988579897	-0.0001052558	-0.0331468861	-0.0076369591	0.0006817533	-0.1196612169	-0.0888145728	-0.1080277565	0.0533191502	0.1341565942	-0.2674291075	-0.2495056195	-0.0901621419	-0.0474010431	-0.0533045977126818	0.4625818279501459	0.0028413801373108	0.2139819475496983	2.2391810058609	-2.03687124681214	4.148844476090041	5.013931577008232	1.0079458393259983	-2.818892381578749	7.946154258922712	1.0159548150145912	0.0993713553232074	-0.0599333725610934	0.0035920091465468	0.0098746662587711	0.0027361038316351	-0.0179394349672099	0.0003218233269427	7.486264177488275e-06	-0.0069785059274547	0.0012623878059016	1.5936229724890558e-06	4.869954497952038e-05	0.0	0.0	0.0	0.0	0.0	0.0	0.0	0.0	0.0	0.0	0.0	0.0	0.0	0.0	0.0	0.0	0.0	0.0	0.0	0.0	0.0	0.0	0.0	0.0	0.0	0.0	0.0	1.0	0.0	0.0	0.0	0.0	0.0	0.0	0.0	0.0	0.0	0.0	0.0	0.0
981.3465639460406	12.029389174370294	963041.0785687004	144.70620390845724	1439.2666359787995	-10.429961351571365	2071488.4494417305	108.78409379527236	941.9315080942598	6.336691034665023	887234.9659407267	40.15365326880408	1115.1060843423147	543.776514069312	1.348977	66.313454	1.6553443175462528	1.0167106579877707	-0.0768225593	-0.0173418109	-0.0128363558	0.008150114	-0.0484490034	0.1862347701	-0.0619317614	-0.023363779	-0.0583367386	0.0984838618	0.0963044275	0.0165690426	0.0920566006	0.0727832656	-0.1015420687	-0.0265977941	-0.1003144734	0.0178781132	-0.0904235408	0.1421721373	0.0643152856	0.0117058359	-0.1221992028	-0.076690516	0.0744269141	0.0552301639	-0.0872433391	-0.0653478541	0.1158556822	0.2766262165	0.0485202533	-0.1071082314	0.0678358836	0.0288839108	0.1887849409	0.1482201134	-0.0654578296	0.1298377778	0.0978612622	-0.1286382147	0.1629172639	0.0075887124	-0.0929975543	-0.0381780663	-0.0435059362	-0.0577438964	-0.0946861568	-0.0364975928	-0.0057801279359921	0.0475244697766897	3.34098789564363e-05	0.0022585752275554	1.7384504016947062	-0.5007306041661939	0.2507311379486415	3.022209799152485	1.0247977666612726	0.0168519273352742	0.0002839874549133	1.050210462553932	0.0811393161454107	-0.0182320391777967	0.0003324072525807	0.0065835886245449	0.001735802294783	-0.0010003015368521	1.0006031646286732e-06	3.0130096065739285e-06	-0.0044061003167416	0.002572405610713	6.617270626028235e-06	1.9413720001190432e-05	0.0	0.0	0.0	0.0	0.0	0.0	0.0	0.0	0.0	0.0	0.0	0.0	0.0	0.0	0.0	0.0	0.0	0.0	0.0	0.0	0.0	0.0	0.0	0.0	0.0	0.0	0.0	0.0	1.0	0.0	0.0	0.0	0.0	0.0	0.0	0.0	0.0	0.0	0.0	0.0
978.9711534940288	-2.3754104520118062	958384.5193734294	5.642574815526934	1438.553145622892	-0.7134903559074246	2069435.1527815177	0.5090684879729034	939.7335407568974	-2.1979673373624564	883099.1276234953	4.831060416112206	1111.9851056749576	587.0306593605662	0.8190539999999998	40.263329	1.0988716904285554	0.6791135259787211	-0.0369849918	-0.0407064218	-0.0063111154	-0.0250506908	-0.0121062535	0.11650112	-0.022603099	-0.027041331	-0.0048129099	0.0990686788	0.0404735344	0.0360953521	0.0715861629	0.1527634592	-0.0952942265	-0.0456697489	-0.0684417248	0.0562530581	-0.0947583467	0.1107117888	0.0529047474	-0.0019154527	-0.1179709924	-0.1496190065	0.0138713362	0.0588812713	-0.0381345001	-0.0759084189	0.0397681852	0.0439688899	-0.0113642125	-0.0447067242	0.0201859051	0.0215272894	0.1095441736	0.13189971	-0.049046271	0.0652597954	0.0672616411	0.025572974	0.1162387247	-0.0062698932	0.0529067226	-0.0036306887	0.0273401554	-0.0683713668	-0.0990808418	-0.0253948054	-0.006550453177752	-0.0007703252417599	4.290843683392128e-05	5.934009780924483e-07	1.372504056647614	-0.3659463450470921	0.1339167274533254	1.883767385514157	0.9587830558220743	-0.0660147108391983	0.0043579420471829	0.9192649481315148	0.0685618255307152	-0.0125774906146955	0.0001581932701627	0.0047007239201042	0.0017777714502953	4.196915551230008e-05	1.7614100144156281e-09	3.1604713294850544e-06	-0.0037027539009393	0.0007033464158023	4.946961806219422e-07	1.3710386450921203e-05	0.0	0.0	0.0	0.0	0.0	0.0	0.0	0.0	0.0	0.0	0.0	0.0	0.0	0.0	0.0	0.0	0.0	0.0	0.0	0.0	0.0	0.0	0.0	0.0	0.0	0.0	0.0	0.0	0.0	1.0	0.0	0.0	0.0	0.0	0.0	0.0	0.0	0.0	0.0	0.0
982.5731934413524	3.602039947323533	965450.0804695372	12.97469178211452	1444.240579411847	5.687433788954877	2085830.8512198676	32.346903103745625	940.2393142412294	0.5057734843320532	884049.9680448173	0.2558068174533856	1111.868075005362	588.7509650271664	0.534447	26.272501	0.341153307381564	0.1913348479139383	-0.0277274093	-0.0610686007	0.0073759653	-0.0052731081	-0.0305810881	0.1161531504	-0.0248989332	-0.0658994503	-0.0005660424	0.1102283687	0.0680554117	-0.0016547433	-0.0316187647	0.1363313902	-0.0125846135	-0.0636746833	-0.0682530828	0.0209100966	-0.0862228459	0.0751084113	0.0907544932	-0.0049728486	-0.1125882156	-0.1647492661	-0.0070953963	0.0597300102	-0.0340595427	-0.0573041821	0.0214030919	-0.0171343851	-0.0236595857	-0.0063119552	0.0031709369	-0.0049770524	0.0656299646	0.0998156214	-0.0333744123	0.0267152782	0.0392391853	0.0426492247	0.0709851239	-0.0126248645	0.0816826674	-0.0139851762	0.0351749637	-0.0505003772	-0.1033401944	-0.0141533203	-0.0154772489961914	-0.0089267958184393	0.0002395452364901	7.968768358410714e-05	1.2695888216123876	-0.1029152350352264	0.0105915456023559	1.611855775963131	0.9776368982287876	0.0188538424067132	0.0003554673734971	0.9557739047784048	0.0654295446933827	-0.0031322808373324	9.811183243920364e-06	0.0042810253187833	0.0016119736501771	-0.0001657978001182	2.7488910524034625e-08	2.5984590488652834e-06	-0.0027916838559663	0.000911070044973	8.300486268471044e-07	7.79349875166287e-06	0.0	0.0	0.0	0.0	0.0	0.0	0.0	0.0	0.0	0.0	0.0	0.0	0.0	0.0	0.0	0.0	0.0	0.0	0.0	0.0	0.0	0.0	0.0	0.0	0.0	0.0	0.0	0.0	0.0	0.0	0.0	0.0	0.0	0.0	0.0	0.0	0.0	0.0	0.0	0.0
985.6705738079384	3.0973803665859805	971546.4800708704	9.593765135312305	1443.9175647617965	-0.3230146500504816	2084897.9338276368	0.104338464147235	941.6017909019998	1.362476660770426	886613.9326298534	1.8563426511441303	1112.6086937735015	574.9153036073519	0.528677	25.988853	0.3369328534151644	0.1747940630630176	-0.0351201785	-0.062481739	-0.0079623253	-0.0400110887	-0.0852752938	0.1152708684	-0.0407052183	-0.0386981658	-0.0063647201	0.0942485113	0.0794580922	0.0608878755	0.0979139095	0.0611342402	0.0972106203	-0.0725467978	-0.0716511066	0.0183940294	-0.1039165012	0.0814804141	0.0799027574	-0.0144843522	-0.108735561	-0.1638943738	-0.0097753609	0.0502367375	-0.0206728012	-0.0388033901	0.0075481035	-0.0609067358	-0.0276244669	0.0163593944	0.0022859388	-0.012501626	0.0240784054	0.0547507531	-0.0290338514	-0.0247724398	0.0110355103	0.0137789261	0.0286106078	-0.0328967992	0.0438099863	-0.0278471563	0.0307341482	-0.0250036533	-0.1074583966	-0.0028345346	-0.0167883598028453	-0.0013111108066539	0.0002818490248697	1.719011547324642e-06	1.200839856782849	-0.0687489648295385	0.0047264201651331	1.4420163616382535	1.1022843823343391	0.1246474841055514	0.0155369952938437	1.2150308595381956	0.0639479285651136	-0.0014816161282691	2.195186351547144e-06	0.0040893375677688	0.0025332814801029	0.0009213078299257	8.488081174825866e-07	6.417515057432339e-06	-0.0032332657712398	-0.0004415819152734	1.9499458789661226e-07	1.0454007547470897e-05	0.0	0.0	0.0	0.0	0.0	0.0	0.0	0.0	0.0	0.0	0.0	0.0	0.0	0.0	0.0	0.0	0.0	0.0	0.0	0.0	0.0	0.0	0.0	0.0	0.0	0.0	0.0	0.0	0.0	0.0	0.0	0.0	0.0	0.0	0.0	0.0	0.0	0.0	0.0	0.0
988.6300827182976	2.9595089103592045	977389.440455588	8.758692990495526	1442.9802463212202	-0.9373184405762912	2082191.9912732493	0.8785658590443706	945.0354694870284	3.433678585028588	893092.0385885682	11.790148625283924	1108.3442548947914	592.0067071184739	0.504454	24.79809	0.140007199516334	0.0729968331452431	-0.0191503619	-0.0617664232	0.0265458667	-0.0337291216	-0.1049911645	0.1061593709	-0.0679786655	-0.0307873165	0.0001351794	0.0092765125	0.0048363959	0.0417461851	-0.0626953477	0.1012590146	0.1222986065	-0.076177466	-0.0186702676	0.0158054366	-0.0929047106	0.0260826889	0.1231347191	-0.0281658998	-0.107041698	-0.1708391347	-0.0193101859	0.0588619066	-0.0227067928	-0.0274735258	-0.0038723424	-0.0667098104	-0.0296088691	-0.0012017091	-0.0141595476	-0.0065101132	0.0304508068	0.0603691476	-3.88516e-05	-0.0223494827	-0.0084042199	-0.0055990713	0.0001035381	-0.0440027151	0.0430904741	-0.0238299179	0.0508738608	-0.0150425257	-0.1114298236	0.0084997322	-0.0284165951442219	-0.0116282353413766	0.0008075028795906	0.0001352158571544	1.1931208666505595	-0.0077189901322896	5.958280866238429e-05	1.4235374024369822	1.0381538947190665	-0.0641304876152726	0.0041127194417726	1.0777635091203666	0.0642266078369354	0.0002786792718218	7.766213654313153e-08	0.0041250571542394	0.0028139802649831	0.0002806987848802	7.879180783322088e-08	7.918484931714356e-06	-0.0026620540993939	0.0005712116718459	3.262827740529881e-07	7.086532028099867e-06	0.0	0.0	0.0	0.0	0.0	0.0	0.0	0.0	0.0	0.0	0.0	0.0	0.0	0.0	0.0	0.0	0.0	0.0	0.0	0.0	0.0	0.0	0.0	0.0	0.0	0.0	0.0	0.0	0.0	0.0	0.0	0.0	0.0	0.0	0.0	0.0	0.0	0.0	0.0	0.0
990.2722215662636	1.6421388479660664	980639.0728057832	2.69661999599932	1445.3155383139456	2.335291992725388	2088937.0052917304	5.4535886912873135	943.1574450798754	-1.8780244071530203	889545.9662095982	3.5269756738624545	1107.4822480745404	599.5825428760389	0.462688	22.744978	0.1633768849010582	0.0707032662612695	-0.0116515534	-0.0600323238	0.0170411832	-0.021584109	-0.0939057038	0.0832451444	-0.0188036635	-0.03026633	-0.0313392252	0.0119836282	0.0686947703	0.0424813247	0.0191590447	0.0224183148	0.1465427006	-0.0802400588	-0.0184386208	-0.0051222847	-0.082351207	0.044732975	0.1192994153	-0.0294598368	-0.1052944	-0.1737382586	-0.0218745442	0.0517424577	-0.0298037567	-0.0021515818	0.0005864632	-0.0877728925	-0.0448233241	0.0091136654	-0.0146760636	-0.0271227513	0.0096536279	0.0277285819	0.0242492468	-0.0258465647	-0.0211386728	0.003970097	-0.0091443491	-0.0333251715	0.0282025734	-0.0089324175	0.0281249607	-0.0107176074	-0.1152490509	0.0197875765	-0.044317232551279	-0.0159006374070571	0.0019640171010041	0.0002528302699507	1.2085951421943122	0.0154742755437526	0.0002394532036039	1.4607022177356896	0.9980644730818184	-0.040089421637248	0.001607161727209	0.996132692428088	0.0640169934300285	-0.0002096144069069	4.3938199582934725e-08	0.0040981754478203	0.0036926315886081	0.0008786513236249	7.720281485079643e-07	1.3635528049186378e-05	-0.0019120688236658	0.0007499852757281	5.624779138089541e-07	3.656007186434716e-06	0.0	0.0	0.0	0.0	0.0	0.0	0.0	0.0	0.0	0.0	0.0	0.0	0.0	0.0	0.0	0.0	0.0	0.0	0.0	0.0	0.0	0.0	0.0	0.0	0.0	0.0	0.0	0.0	0.0	0.0	0.0	0.0	0.0	0.0	0.0	0.0	0.0	0.0	0.0	0.0
992.0459500663362	1.7737285000725933	984155.1670430196	3.146112791969772	1443.4627458345522	-1.852792479393429	2083584.698612225	3.4328399716968496	942.6880871274936	-0.4693579523817561	888660.829612093	0.2202968874639948	1106.5799732386508	626.4381337341374	0.471089	23.157925	0.239963223419948	0.1440667262826124	0.0124203699	-0.0486203715	0.0293606699	-0.009163502	-0.0763997145	0.048732944	0.0110384031	-0.0483076934	0.004443005	-0.03128006	0.0540274946	-0.0120444104	-0.0402941288	0.0627834245	0.0788397512	-0.0698898599	-0.0091173893	-0.0184382227	-0.0681153756	0.0312064173	0.1466197891	-0.039252393	-0.1021208513	-0.1672798604	-0.0279002624	0.0498741941	-0.0311385201	0.001635264	0.0056709388	-0.0957594775	-0.0401759968	0.0100444528	-0.0083959501	-0.0347133386	0.0229923109	0.0398589434	0.0218080281	-0.0425453548	-0.0177056219	0.0039143016	-0.0258513425	-0.0387822079	-0.0008741538	0.0073605463	0.0106404597	0.0079612446	-0.1189108618	0.0309673479	-0.0619072415778703	-0.0175900090265913	0.0038325065597807	0.0003094084175555	1.1957156759588372	-0.0128794662354749	0.0001658806505107	1.429735977733699	0.8533962152579662	-0.1446682578238523	0.0209289048217885	0.728285100216621	0.0633898847850534	-0.000627108644975	3.9326525260249153e-07	0.0040182774930623	0.0043429240255392	0.0006502924369311	4.228802535297887e-07	1.8860989091605608e-05	-0.0018929600988914	1.9108724774399887e-05	3.65143362503764e-10	3.5832979359949388e-06	0.0	0.0	0.0	0.0	0.0	0.0	0.0	0.0	0.0	0.0	0.0	0.0	0.0	0.0	0.0	0.0	0.0	0.0	0.0	0.0	0.0	0.0	0.0	0.0	0.0	0.0	0.0	0.0	0.0	0.0	0.0	0.0	0.0	0.0	0.0	0.0	0.0	0.0	0.0	0.0
988.4947045968275	-3.551245469508672	977121.7810159692	12.611344384705866	1444.0464814980126	0.5837356634604021	2085270.24072679	0.3407473247955558	944.6309056312032	1.942818503709532	892327.547873627	3.774543738356144	1106.5428373390268	613.6311874766393	0.694294	34.130344	0.3106718801112229	0.1985201327779768	0.007177537	-0.0332836896	0.0080712661	0.0217338579	-0.0841010661	0.0882797573	0.0380695559	-0.0686998315	-0.020118058	0.0264750307	0.0542824759	0.0230492843	-0.0838125835	-0.0255850764	0.0013262398	-0.0185061404	-0.0460032982	-0.0654163346	-0.0399610749	0.0543901544	0.099032258	0.0124714096	-0.09403829	-0.1644171504	-0.0125732907	-0.0217174312	0.0512434731	-0.033449794	-0.0486569901	-0.0612264173	-0.036048227	0.0214531568	0.0068563873	-0.0197517038	0.0102919691	0.0496604325	0.0174137286	0.0024224395	-0.0565497809	0.0057459306	-0.0967986781	-0.0782598348	0.0049451059	-0.0698374381	-0.0484163972	-0.0204128089	-0.1224102548	0.0419779864	-0.036120121314795	0.0257871202630753	0.0013046631637955	0.0006649755714623	1.1676967826175684	-0.0280188933412688	0.0007850583840693	1.3635157761354206	0.9742553254094446	0.1208591101514784	0.0146069245066071	0.9491734390886628	0.060974627518263	-0.0024152572667904	5.833467664783864e-06	0.0037179052009909	0.0043679301775747	2.50061520354998e-05	6.253076396225307e-10	1.9078814036167747e-05	-0.0016130883906093	0.000279871708282	7.832817309674088e-08	2.6020541559185016e-06	0.0	0.0	0.0	0.0	0.0	0.0	0.0	0.0	0.0	0.0	0.0	0.0	0.0	0.0	0.0	0.0	0.0	0.0	0.0	0.0	0.0	0.0	0.0	0.0	0.0	0.0	0.0	0.0	0.0	0.0	0.0	0.0	0.0	0.0	0.0	0.0	0.0	0.0	0.0	0.0
990.1397885574	1.6450839605724925	980376.8008844928	2.706301237332877	1459.0697952472167	15.023313749204137	2128884.667402755	225.699956007026	943.056177295229	-1.574728335974214	889354.9535346903	2.4797693321201173	1108.8140940443377	612.5881865730698	0.708372	34.82238	0.154699415502728	0.0784189828173659	0.0066140113	-0.0803254696	0.0355224803	-0.0050465949	-0.0823186096	0.0615861086	-0.0309566191	-0.0196836677	0.0072548371	0.0217366346	-0.0082279182	0.0480174617	-0.0403974288	0.0842804863	0.0630094942	-0.1070728184	-0.0043328305	0.0080115263	-0.0710260607	0.0196046386	0.0971389695	-0.0402853576	-0.0941863619	-0.1745017294	-0.0320102311	0.0587361639	-0.0019572623	0.0157673069	-0.0128734042	-0.08284431	-0.0347293569	0.0210596718	-0.0327943733	-0.0362657009	-0.0154387219	0.0467169643	0.0204935003	-0.0684653295	-0.0263986687	-0.0101926609	-0.0258260898	-0.0180812047	0.0366398022	-0.0114341943	-0.0036210609	0.0004748704	-0.1257424501	0.0527593557	-0.0441116605104525	-0.0079915391956574	0.0019458385929894	6.386469871573006e-05	1.1274861073525957	-0.0402106752649726	0.001616898405265	1.271224922273109	1.0310785934546374	0.0568232680451927	0.0032288837913358	1.0631230658803934	0.0617288392100879	0.0007542116918249	5.688352760853788e-07	0.0038104495902248	0.0044678249339291	9.989475635440066e-05	9.978962347105073e-09	1.996145964023857e-05	-0.0014737161788505	0.0001393722117587	1.9424613410539783e-08	2.1718393758057192e-06	0.0	0.0	0.0	0.0	0.0	0.0	0.0	0.0	0.0	0.0	0.0	0.0	0.0	0.0	0.0	0.0	0.0	0.0	0.0	0.0	0.0	0.0	0.0	0.0	0.0	0.0	0.0	0.0	0.0	0.0	0.0	0.0	0.0	0.0	0.0	0.0	0.0	0.0	0.0	0.0
987.8691601372112	-2.270628420188814	975885.477550199	5.155753422569148	1445.952576154129	-13.11721909308767	2090778.8524867625	172.0614367360637	939.7821480613084	-3.2740292339206007	883190.4858147269	10.719267424566716	1107.307294328636	602.3620938631936	0.504791	24.814697	0.2439803609446521	0.1318676588084666	0.0031128696	-0.0570033553	0.0211314992	-0.0103367603	-0.0458686378	0.0207389436	0.0061056894	-0.1066225462	-0.0050092777	0.0303993205	-0.0310308451	0.0643594714	-0.0335949623	-0.0051970402	0.102216301	-0.0769896434	-0.0138150524	-0.0209420535	-0.0538678041	-0.0002467187	0.0890228229	-0.0124006449	-0.0863505574	-0.1679861025	-0.0377900374	0.0337048197	0.018197587	0.0234570466	-0.0265365086	-0.0825300861	-0.0325590774	0.0334814506	-0.0334487394	-0.0222937574	-0.0161654624	0.0110008642	0.0192524595	-0.0778702638	-0.0499490578	-0.0163216331	-0.0599915579	-0.0232024534	0.0420109471	-0.0012194913	-0.0448610128	-0.0121534709	-0.1289028963	0.0632525717	-0.045242936298294	-0.0011312757878415	0.0020469232848914	1.2797849081564096e-06	1.038313441505423	-0.0891726658471727	0.0079517643342915	1.0780948028108353	1.088969945677725	0.0578913522230877	0.0033514086622176	1.1858555425893476	0.0602209195671328	-0.0015079196429551	2.273821649609843e-06	0.003626559153511	0.004753155732462	0.0002853307985328	8.141366459142228e-08	2.259248941703637e-05	-0.0013512652786075	0.000122450900243	1.499422297032114e-08	1.8259178531702047e-06	0.0	0.0	0.0	0.0	0.0	0.0	0.0	0.0	0.0	0.0	0.0	0.0	0.0	0.0	0.0	0.0	0.0	0.0	0.0	0.0	0.0	0.0	0.0	0.0	0.0	0.0	0.0	0.0	0.0	0.0	0.0	0.0	0.0	0.0	0.0	0.0	0.0	0.0	0.0	0.0
989.4016283503018	1.532468213090624	978915.5821822288	2.34845882413317	1445.9264799277687	-0.0260962263603232	2090703.385356308	0.0006810130302492	941.837730647633	2.05558258632459	887058.3108714832	4.22541976920089	1106.1776961210733	600.5316470058607	0.458014	22.515207	0.1714397142345918	0.090268559009928	0.0055286797	-0.0550454329	0.0364529126	-0.0039757684	-0.0819061438	0.0268299227	0.0055403706	0.0039173364	0.0238848449	0.0083069042	-0.025900006	0.1208080071	0.0033275286	-0.0619491822	0.0700375073	-0.0697008144	-0.0030392106	-0.0333376964	-0.0410214575	0.0075635298	0.07720071	-0.0443396579	-0.076452499	-0.1613187324	-0.0492914176	0.0372845717	0.0337612795	0.0323040029	-0.0263835762	-0.0854184252	-0.0308046403	0.0429397063	-0.0401986267	-0.0332601204	-0.0373653084	0.0129594393	0.0203046535	-0.1055234301	-0.0625743818	-0.056531403	-0.0612172828	-0.0424133898	0.0188960095	-0.0172010884	-0.0547182832	-0.0084220395	-0.1318872767	0.0734003241	-0.0522300291987534	-0.0069870929004594	0.0027279759501026	4.881946719965018e-05	0.9911098818852082	-0.0472035596202147	0.0022281760408191	0.9822987979705112	1.135679639156578	0.0467096934788529	0.0021817954648883	1.2897682427948152	0.0591464518107436	-0.0010744677563891	1.1544809595200346e-06	0.0034983027618006	0.0049660784599321	0.00021292272747	4.533608787330636e-08	2.4661935270201576e-05	-0.0012278683977655	0.000123396880842	1.5226790201534758e-08	1.5076608022312162e-06	0.0	0.0	0.0	0.0	0.0	0.0	0.0	0.0	0.0	0.0	0.0	0.0	0.0	0.0	0.0	0.0	0.0	0.0	0.0	0.0	0.0	0.0	0.0	0.0	0.0	0.0	0.0	0.0	0.0	0.0	0.0	0.0	0.0	0.0	0.0	0.0	0.0	0.0	0.0	0.0
992.4143572043862	3.012728854084344	984886.2563853952	9.076535148232365	1453.4403670390798	7.513887111311078	2112488.900538695	56.45849952152674	943.164153093062	1.3264224454291025	889558.619679753	1.7593965037381205	1109.5009959568488	651.62806686759	0.571858	28.111589	0.4167058963797452	0.2640173598228475	0.0473572028	-0.0732175642	0.0242063505	-0.0340874576	-0.1085994097	0.023931852	-0.0231766116	0.0207348922	-0.026892656	-0.0225515874	0.0129622578	0.0571456127	-0.0077725985	0.0298997045	0.0589270098	-0.1035249166	-0.0122995981	0.0093349071	-0.0681498784	0.0227086489	0.0780324048	-0.0225799183	-0.0704860401	-0.1585148659	-0.0575139625	0.044624212	-0.0029213907	0.0531403778	-0.0253787549	-0.1059354669	-0.0494084384	0.0271550357	-0.0376621685	-0.0442270391	-0.0440170141	-0.0065266925	0.0388154854	-0.0923506657	-0.0610202942	0.0134778686	-0.1097299784	-0.028400274	0.0128846265	0.0262294973	-0.0647047987	-0.053982547	-0.1346915149	0.0831471893	-0.048322762085462	0.0039072671132914	0.0023350893355681	1.5266736294608534e-05	0.9871735147998776	-0.0039363670853306	1.549498583047434e-05	0.974511548322344	0.8719875713097096	-0.2636920678468684	0.0695335066453574	0.7603623245186059	0.0574177498998916	-0.0017287019108519	2.9884102965833462e-06	0.0032967980035665	0.0057322987458217	0.0007662202858895	5.870935265087402e-07	3.285924891134903e-05	-0.001636350087709	-0.0004084816899434	1.6685729101909762e-07	2.677641609545252e-06	0.0	0.0	0.0	0.0	0.0	0.0	0.0	0.0	0.0	0.0	0.0	0.0	0.0	0.0	0.0	0.0	0.0	0.0	0.0	0.0	0.0	0.0	0.0	0.0	0.0	0.0	0.0	0.0	0.0	0.0	0.0	0.0	0.0	0.0	0.0	0.0	0.0	0.0	0.0	0.0
989.3020640436608	-3.1122931607253577	978718.5739210476	9.686368718297835	1446.8994001480976	-6.54096689098219	2093517.8741489248	42.78424786892522	943.5343030053864	0.3701499123243366	890256.9809478603	0.137010957593714	1112.5782954492302	594.9078436169073	0.833001	40.948936	1.2020533332573962	0.6869984679151004	0.0125314522	-0.0500342473	-0.019511296	0.0041017116	-0.0963320176	0.0647739153	0.0323359136	-0.0093239405	-0.0168177928	-0.0722186287	0.0841215103	0.0466530306	0.0513439672	0.0530336571	-0.1006067256	-0.053733044	-0.0808326285	-0.0153402803	-0.0393412919	0.0509698019	0.0557271764	-0.0541107769	-0.1092006546	-0.1595706614	0.035147337	-0.0184763247	0.0054496679	0.0064392965	0.0005860027	0.0350101895	0.0051757399	-0.0267641404	0.0165304087	0.0206519014	0.1035642792	0.0411647863	0.038245838	0.0163434514	-0.0703345741	0.0126093094	-0.0800411651	-0.048893357	-0.0785516008	-0.0584059645	0.069480983	-0.0570097915	-0.1373117808	0.0924399334	-0.0205620122159615	0.0277607498695004	0.0004227963463693	0.0007706592333169	1.4198918847263684	0.4327183699264908	0.1872451876718393	2.016092964311799	0.90214119271932	0.0301536214096104	0.0009092408841141	0.8138587316010373	0.069178142073815	0.0117603921739233	0.0001383068240844	0.0047856153407849	0.0032880629252058	-0.0024442358206158	5.974288746781881e-06	1.0811357800112924e-05	-0.0016601339342056	-2.3783846496600123e-05	5.65671354173838e-10	2.756044679500964e-06	0.0	0.0	0.0	0.0	0.0	0.0	0.0	0.0	0.0	0.0	0.0	0.0	0.0	0.0	0.0	0.0	0.0	0.0	0.0	0.0	0.0	0.0	0.0	0.0	0.0	0.0	0.0	0.0	0.0	0.0	1.0	0.0	0.0	0.0	0.0	0.0	0.0	0.0	0.0	0.0
967.5278441932452	-21.774219850415648	936110.1292892286	474.1166500942349	1452.2216441956912	5.3222440475935855	2108947.7038704366	28.32628170214535	944.7899268288282	1.2556238234418515	892628.0058372227	1.576591185994734	1115.1997379231675	416.4569124913652	2.065031	101.513428	2.2838876483594035	1.3889160372630838	-0.1020651592	-0.0691815493	0.0274696323	-0.0462039523	-0.0794486905	0.2013179452	0.050731291	0.0671951513	-0.0190022352	-0.0063850514	0.2008426971	0.0986766508	0.1511391449	-0.2682288609	-0.0085218801	0.0014913245	-0.1541561533	0.0521847614	-0.0399293929	0.0968977809	-0.0979559494	-0.0140847019	-0.0605570734	-0.0432089482	0.057126053	-0.1952421546	0.2953195894	-0.0971671283	-0.1459193643	0.1265518606	0.0433881773	-0.0413543533	0.0557122872	0.0651563684	-0.2455367679	-0.0981750576	-0.1779969595	-0.313799229	0.0144620453	-0.540670761	0.1203588597	0.3190811255	0.0118199974	0.260130722	0.2199823053	0.0510479223	-0.1397444952	0.1012278027	-0.0619405729851507	-0.0413785607691892	0.0038366345817287	0.0017121852913294	1.1336310793377322	-0.2862608053886362	0.0819452487017506	1.2851194240404318	1.973064924333684	1.0709237316143638	1.146877638934834	3.892985195635886	0.0567456634119386	-0.0124324786618763	0.000154566525678	0.003220070316061	2.1996628192910705e-05	-0.0032660662970128	1.0667189056483487e-05	4.83851651857154e-10	-0.0036680799870606	-0.002007946052855	4.031847351175974e-06	1.345481079147449e-05	0.0	0.0	0.0	0.0	0.0	0.0	0.0	0.0	0.0	0.0	0.0	0.0	0.0	0.0	0.0	0.0	0.0	0.0	0.0	0.0	0.0	0.0	0.0	0.0	0.0	0.0	0.0	0.0	0.0	0.0	0.0	1.0	0.0	0.0	0.0	0.0	0.0	0.0	0.0	0.0
950.1323891134216	-17.39545507982359	902751.5568423785	302.6018574341604	1220.495805849588	-231.72583834610327	1489610.012096435	53696.86415720439	925.8231137833504	-18.966813045477807	857148.4380154987	359.7399971021071	1017.277997453636	577.194514635597	3.009473	147.940598	2.508480967541293	1.0502210111183607	-0.0086752954	0.5090445437	0.3351331885	0.1096896147	0.1940499392	-0.2770640252	-0.1246979684	0.0731538542	-0.1059413248	-0.0733573009	-0.1189093547	0.2873830488	0.3854169233	0.1985704631	0.0480849391	0.2108548511	0.5291813813	-0.1687537209	-0.1833858754	-0.0820759472	-0.0873813958	-0.197153352	0.0562941617	0.1339634234	-0.1293813612	0.3233625405	-0.2516129708	0.2478560253	-0.4232376203	0.0083580125	0.436154826	-0.2063000813	0.1249457926	-0.2541760877	-0.2500699126	-0.080075694	-0.2077691095	0.0711813667	0.1960616559	-0.0319935992	-0.0216358142	-0.0157385902	0.0300310514	-0.0708330068	-0.0704130102	-0.0782164891	-0.1419863355	0.1094628008	0.7305573641543504	0.792497937139501	0.5337140623201521	0.6280529803703645	1.0146173290318927	-0.1190137503058395	0.0141642727618607	1.029448324371812	1.5649111764403472	-0.4081537478933368	0.1665894819193775	2.4489469901479115	0.047771759950885	-0.0089739034610536	8.053094332830984e-05	0.0022821410488049	-0.0082338941556043	-0.0082558907837972	6.815973263398773e-05	6.779701296569465e-05	-0.0102145963862621	-0.0065465163992015	4.285687696501418e-05	0.0001043379793342	0.0	0.0	0.0	0.0	0.0	0.0	0.0	0.0	0.0	0.0	0.0	0.0	0.0	0.0	0.0	0.0	0.0	0.0	0.0	0.0	0.0	0.0	0.0	0.0	0.0	0.0	0.0	0.0	0.0	0.0	0.0	0.0	1.0	0.0	0.0	0.0	0.0	0.0	0.0	0.0
972.0095066537488	21.877117540327163	944802.481025264	478.6082718732904	1497.0275823786396	276.53177652905174	2241091.5824024347	76469.82343031341	931.6088312017092	5.785717418358786	867895.0143730148	33.474526045100255	1119.1700714503493	451.0071069268439	3.097432	152.264557	1.9282513079427264	1.125783336398527	-0.0792052407	-0.1167060987	-0.3241509635	0.2152102419	0.0913533127	0.0357005576	0.1399709082	-0.3033390227	0.0100806951	-0.1022161778	-0.0424677679	0.0951870898	0.0325800838	-0.2970373554	-0.070586643	0.1568403398	-0.2421917894	-0.2414241986	0.0717699304	-0.1552616982	0.1644229279	0.2587217002	-0.0957544006	0.0728737875	0.0448295761	-0.2879332705	0.2035294544	-0.0960316442	-0.3714631426	-0.0300144768	0.304168749	-0.1799192064	-0.2555857861	0.2661375468	0.3537247415	-0.1777067615	0.0939922364	0.3519108784	-0.1682123264	0.0703752731	-0.0918732952	0.0968737189	0.0623465609	-0.0807489936	-0.016343099	-0.00087833	-0.1440342395	0.1170999511	0.5259247660081598	-0.2046325981461905	0.2765968595007377	0.0418745002240602	1.356454487582539	0.3418371585506463	0.1168526429659797	1.8399687768828088	1.6989412467279763	0.1340300702876291	0.0179640597413068	2.8864013598336107	0.0692423766682592	0.0214706167173742	0.0004609873822243	0.004794506726669	-0.0076658318507134	0.0005680623048909	3.226947822379629e-07	5.876497796341202e-05	-0.007298245789362	0.0029163505969	8.505100804039567e-06	5.326439160194017e-05	0.0	0.0	0.0	0.0	0.0	0.0	0.0	0.0	0.0	0.0	0.0	0.0	0.0	0.0	0.0	0.0	0.0	0.0	0.0	0.0	0.0	0.0	0.0	0.0	0.0	0.0	0.0	0.0	0.0	0.0	0.0	0.0	0.0	1.0	0.0	0.0	0.0	0.0	0.0	0.0
946.6460695406598	-25.36343711308893	896138.7809767798	643.3039421896171	1325.7457673329088	-171.2818150457308	1757601.8396011232	29337.46016535994	923.8358826727238	-7.772948528985466	853472.7381136906	60.41872883425733	1054.600042706338	411.6863271455139	3.306908	162.562027	3.0272438691931947	1.2768489182807157	-0.1472435665	0.2478382874	-0.108677546	-0.5469978796	0.4389708288	-0.1238816336	-0.1184812357	0.3440653379	-0.0156464038	-0.122552137	0.391157535	-0.1052658204	-0.3284532483	-0.0971712691	0.011970273	0.2279899286	0.3090117516	0.6059829885	0.3245415641	0.2318540183	0.1240663515	0.2068191894	-0.0316025809	0.2886438451	0.0998806735	0.5535642906	0.4707691107	0.03940173	0.0365924993	0.0632625438	-0.0758441627	0.4496793211	-0.0357012598	-0.0874877082	0.1609623468	-0.1068977113	0.107496959	0.1133725337	0.1153523773	-0.0286727174	0.0300045513	0.1121026225	0.0169949219	-0.0662072923	-0.0060542357	0.031409511	-0.1458854101	0.124097542	0.0434216301015482	-0.4825031359066116	0.0018854379606756	0.2328092761597141	0.6123518096052294	-0.7441026779773097	0.5536887953730039	0.3749747387267991	2.260013481002744	0.5610722342747678	0.3148020520740799	5.107660934314141	0.0597966805053395	-0.0094456961629197	8.922117600219611e-05	0.0035756429994576	0.0053688226090686	0.013034654459782	0.0001699022168859	2.8824256207646167e-05	-0.0096092115873504	-0.0023109657979884	5.340562919472162e-06	9.23369473304692e-05	0.0	0.0	0.0	0.0	0.0	0.0	0.0	0.0	0.0	0.0	0.0	0.0	0.0	0.0	0.0	0.0	0.0	0.0	0.0	0.0	0.0	0.0	0.0	0.0	0.0	0.0	0.0	0.0	0.0	0.0	0.0	0.0	0.0	0.0	1.0	0.0	0.0	0.0	0.0	0.0
993.4142704601408	46.76820091948093	986871.9127538536	2187.264617244937	1513.4232638859014	187.67749655299255	2290449.975671055	35222.84271239854	942.1913885920304	18.355505919306665	887724.6127369785	336.92459755370203	1124.172135540258	752.7111034044211	3.09552	152.170532	4.206900774698473	2.3836243867914737	0.1442996891	-0.1848105724	-0.022492047	0.2590028809	-0.0476626059	-0.0478568901	0.0175568399	-0.0605632922	0.0901483458	0.0571162624	-0.0667753859	-0.0786352185	-0.0394591005	-0.1394112233	-0.0094615541	-0.0850725514	-0.0912672794	-0.1135165333	0.0595916356	-0.1403925844	-0.1322969208	0.1332078645	0.1772611551	0.0732653865	0.021332023	-0.1036714482	0.0096823776	-0.0657998891	0.0921039145	0.0483466036	-0.0943877356	-0.1131734672	-0.0123988555	-0.1582033022	0.0136676489	0.1042387808	0.0405889142	-0.0092535613	0.120122806	0.1030030109	-0.013647978	0.0218527615	0.0396723221	0.0074872862	0.0486677171	-0.0406629663	-0.1475373187	0.1304173552	0.0894979461646414	0.0460763160630932	0.008009882367689	0.002123026901946	-0.0953361469040743	-0.7076879565093037	0.5008222437883142	0.0090889809065152	1.3870044778305228	-0.8730090031722213	0.7621447196197555	1.923781421521921	0.0143262409658639	-0.0454704395394756	0.0020675608719131	0.0002052411802119	0.0023209091619116	-0.003047913447157	9.289776381360469e-06	5.386619337845205e-06	-0.0065250145949059	0.0030841969924445	9.512271088203703e-06	4.2575815463735e-05	0.0	0.0	0.0	0.0	0.0	0.0	0.0	0.0	0.0	0.0	0.0	0.0	0.0	0.0	0.0	0.0	0.0	0.0	0.0	0.0	0.0	0.0	0.0	0.0	0.0	0.0	0.0	0.0	0.0	0.0	0.0	0.0	0.0	0.0	0.0	1.0	0.0	0.0	0.0	0.0
987.3307948611092	-6.083475599031544	974822.0984810696	37.008675364012205	1444.1883651128423	-69.23489877305906	2085680.0339273044	4793.471208115735	940.1063622048816	-2.085026387148787	883799.9722580961	4.347335035106723	1106.6382137548144	702.6095796289936	0.8687789999999999	42.707733	0.4191188495461385	0.2080148758247497	0.1035251384	-0.0471302882	0.0284786653	0.0101659995	-0.0385400096	-0.0519081258	-0.0570417766	-0.0685199676	0.120852565	-0.0075267533	-0.0472294624	-0.1138123013	-0.1251228184	-0.0080774479	0.0187916508	-0.0481567794	-0.0050155436	-0.0216955805	0.0354357404	-0.1289222429	-0.0269284648	-0.0018216614	0.1803428805	0.0814515744	0.0207352607	-0.0313706972	-0.0653699234	-0.0161675798	0.1243382191	-0.0225917407	-0.0384178483	-0.0791094469	-0.0155630303	-0.0336913499	0.0457973219	0.0018475056	-0.0549669539	-0.0458553533	0.0585914509	0.0880748405	0.0139810514	0.0436603698	-0.0068059377	0.0273468234	-0.0324342542	0.018827971	-0.1489877092	0.136024874	0.1006685213369564	0.0111705751723149	0.0101341511881692	0.0001247817496803	-0.1225400289861937	-0.0272038820821194	0.0007400512003378	0.0150160587039371	1.543195241727112	0.1561907638965891	0.0243955547266	2.3814515540892	0.0170940932546229	0.002767852288759	7.661006292388438e-06	0.0002922080241977	0.0017270263225981	-0.0005938828393135	3.526968268310645e-07	2.982619918946716e-06	-0.0053956771550761	0.0011293374398297	1.275403053001326e-06	2.911333196181012e-05	0.0	0.0	0.0	0.0	0.0	0.0	0.0	0.0	0.0	0.0	0.0	0.0	0.0	0.0	0.0	0.0	0.0	0.0	0.0	0.0	0.0	0.0	0.0	0.0	0.0	0.0	0.0	0.0	0.0	0.0	0.0	0.0	0.0	0.0	0.0	0.0	0.0	0.0	0.0	0.0
970.4276167625668	-16.903178098542412	941729.7593754752	285.7174298310439	1404.557965652533	-39.63039946030926	1972783.0788779825	1570.5685613836808	940.4366126870208	0.3302504821391494	884421.0224822375	0.1090653809531406	1104.882143751483	661.2936628761387	1.245775	61.240189	0.5987284115308241	0.3232816616851086	0.0800236735	0.0153606452	0.00214627	-0.0343716034	-0.021137541	-0.042189599	0.1126711096	0.0540886105	-0.0559537212	0.0586340655	0.0066109899	-0.2864134121	0.1041027264	-0.203780226	0.2812078356	0.01930544	-0.0642823939	-0.0158517356	0.07180345	-0.0338366365	-0.1923575949	0.0463768043	0.1681216345	0.1129997716	0.0480759387	0.0647303726	-0.1417929636	0.0877364485	0.1274301948	-0.0970403195	0.107800201	0.1037151546	0.0865105557	0.2256906146	0.3198892544	-0.2065558442	-0.4818451273	-0.3233585968	-0.2611968919	0.249002686	0.0765529643	-0.0101173798	-0.1465820932	0.1881411154	-0.0060882133	0.0678393443	-0.1502346003	0.1408894722	0.1447628456084686	0.0440943242715122	0.0209562814686613	0.0019443094329612	-0.0923814522701889	0.0301585767160048	0.0009095397495351	0.0085343327235491	1.793759501670479	0.250564259943367	0.0627824483609672	3.2175731498331253	0.0143237479156291	-0.0027703453389938	7.674813297284675e-06	0.0002051697543504	0.0005926264950821	-0.001134399827516	1.2868629686683306e-06	3.512061626732943e-07	-0.0069691570005651	-0.001573479845489	2.4758388241600874e-06	4.856914929852554e-05	0.0	0.0	0.0	0.0	0.0	0.0	0.0	0.0	0.0	0.0	0.0	0.0	0.0	0.0	0.0	0.0	0.0	0.0	0.0	0.0	0.0	0.0	0.0	0.0	0.0	0.0	0.0	0.0	0.0	0.0	0.0	0.0	0.0	0.0	0.0	0.0	1.0	0.0	0.0	0.0
951.8004072388782	-18.627209523688634	905924.0152200944	346.97293463939656	1289.420585665934	-115.13737998659916	1662605.44673908	13256.616270178529	923.3921040468996	-17.044508640121194	852652.9778161602	290.51527478316603	1049.0133550055673	740.0228454681879	2.218377	109.051659	2.274591784445876	1.3399404522387024	0.1597320205	0.3528165775	-0.1373598125	0.0328589958	0.2688388947	-0.3020109757	0.0967869595	0.1276086097	-0.0780174465	0.0253316968	0.1942832932	0.0760691474	0.1518821434	0.1584589686	0.1281610483	0.3118167431	0.2307875101	-0.0625071269	0.2066786767	-0.0097737634	0.0385062121	-0.1454179772	0.1390359865	0.0743638433	-0.0620341722	-0.136017794	0.2072118352	-0.0190231565	-0.0996974355	0.2035736534	-0.0125690548	0.0256948132	0.0554355776	-0.2807491212	-0.0803199208	0.2219075174	0.0457932824	0.0309227369	-0.1974081422	0.2319242945	-0.0744679466	-0.2505061178	-0.2501512881	-0.0019053064	0.2887005849	-0.0137237357	-0.151276289	0.1449845808	0.3488594051262765	0.2040965595178079	0.1217028845450595	0.0416554056070061	0.2960616982635571	0.388443150533746	0.1508880811965824	0.0876525291787015	0.741479331543502	-1.052280170126977	1.1072935564424595	0.5497915991061986	0.0250837889368816	0.0107600410212525	0.000115778482779	0.00062919646743	0.0020709311299609	0.0014783046348787	2.185384593504142e-06	4.28875574504113e-06	-0.0066120645713495	0.0003570924292156	1.275150030030986e-07	4.3719397895695246e-05	0.0	0.0	0.0	0.0	0.0	0.0	0.0	0.0	0.0	0.0	0.0	0.0	0.0	0.0	0.0	0.0	0.0	0.0	0.0	0.0	0.0	0.0	0.0	0.0	0.0	0.0	0.0	0.0	0.0	0.0	0.0	0.0	0.0	0.0	0.0	0.0	0.0	1.0	0.0	0.0
990.1036164178088	38.303209178930615	980305.1712436236	1467.1358334049146	1470.4652617198255	181.04467605389164	2162268.085924755	32777.174727458565	942.0017187730322	18.609614726132577	887367.2381713468	346.3177602550905	1111.6140571665542	722.4709934061657	1.746597	85.859772	2.1720408568742533	1.186874191087424	0.1300433731	-0.0990770856	-0.0297820985	0.0950270845	-0.0796341435	-0.1013305467	-0.0231788765	-0.0616483234	0.0864622173	-0.0240834262	-0.1184887254	-0.087792203	-0.1379332336	-0.1211429851	-0.1016565946	-0.0873867021	-0.0053380777	-0.0390770909	0.0788194397	-0.1716288337	-0.0676215368	0.0572885731	0.2023229957	0.0766521494	0.029627072	-0.1151947273	-0.0265194397	-0.0068646111	0.1265041713	-0.0269367239	-0.0679188809	-0.0619991393	0.0067933318	-0.0748358156	-0.025015055	-0.0163216325	0.0816235638	-0.0153405264	0.0059816619	0.0259674828	-0.0085893578	0.0018793626	-0.0249137085	0.0212168772	0.0199654169	0.0389955392	-0.1521113526	0.148287834	0.1281873826325323	-0.2206720224937442	0.0164320050661792	0.0486961415114795	-0.0983501826794963	-0.3944118809430534	0.1555607318290373	0.0096727584330902	1.4829242410249677	0.7414449094814657	0.5497405537959789	2.199064304619476	0.0115478069747615	-0.0135359819621201	0.0001832228076788	0.0001333518459263	0.002824106195342	0.000753175065381	5.672726791118241e-07	7.975575802569066e-06	-0.0045909807197309	0.0020210838516186	4.084779935273476e-06	2.107710396894085e-05	0.0	0.0	0.0	0.0	0.0	0.0	0.0	0.0	0.0	0.0	0.0	0.0	0.0	0.0	0.0	0.0	0.0	0.0	0.0	0.0	0.0	0.0	0.0	0.0	0.0	0.0	0.0	0.0	0.0	0.0	0.0	0.0	0.0	0.0	0.0	0.0	0.0	0.0	1.0	0.0
992.8932111425822	2.789594724773451	985836.9287330284	7.781838728483867	1453.8453850431065	-16.61987667671906	2113666.4036111385	276.22030074935014	940.825104719438	-1.176614053594221	885151.8776703414	1.3844206311154252	1106.1646595892505	720.5170236736685	0.703872	34.601162	0.7297672027770569	0.3751667700809238	0.1226689724	-0.0676848278	0.0473169905	0.0034904525	-0.0724608538	-0.1573950358	-0.0127514838	-0.0232661334	0.0671228564	0.0020359163	-0.136914555	-0.0916226185	-0.0276644704	0.0254173776	-0.1351999712	-0.0747298722	0.0200012288	-0.0263565272	0.0839817514	-0.1620028477	-0.093813914	-0.0296942842	0.2015179195	0.091458773	0.0349021436	-0.0807561359	-0.1059974722	-0.0146780904	0.1345717762	-0.092808183	-0.0190143714	-0.0443902954	0.0282730918	0.0301137446	-0.045949191	0.0198409744	0.1768603716	0.0821535028	0.0685407107	-0.11315023	-0.0038464526	0.0460683753	0.0716639793	-0.0291956809	-0.0833096598	0.0584209386	-0.1527386503	0.1507811905	0.18358301916534	0.0553956365328077	0.0337027249258616	0.0030686765468749	-0.2760899104366245	-0.1777397277571282	0.031591410823178	0.0762256386449033	1.6927643335584437	0.209840092533476	0.0440328644344577	2.865451088967562	0.0075701079455499	-0.0039776990292116	1.58220895669909e-05	5.7306534307277726e-05	0.0010902378507999	-0.001733868344542	3.006299436205162e-06	1.1886185713167849e-06	-0.0045667131744117	2.426754531919921e-05	5.889137558193874e-10	2.085486921734539e-05	0.0	0.0	0.0	0.0	0.0	0.0	0.0	0.0	0.0	0.0	0.0	0.0	0.0	0.0	0.0	0.0	0.0	0.0	0.0	0.0	0.0	0.0	0.0	0.0	0.0	0.0	0.0	0.0	0.0	0.0	0.0	0.0	0.0	0.0	0.0	0.0	0.0	0.0	0.0	1.0
988.6391853817348	-4.254025760847412	977407.4388722604	18.096735173953405	1442.4184204639316	-11.426964579174864	2080570.8996936637	130.575519493717	938.801604264937	-2.0235004545008906	881348.4521704195	4.09455408936531	1108.9789869361948	724.9605719745655	0.495154	24.340933	0.0830217000615879	0.0503744280936518	0.1210244685	-0.0376275638	0.0430788653	0.0037045846	-0.0581073453	-0.1823547636	-0.0201554402	-0.076624081	0.1058945819	-0.0619122078	-0.1391591791	-0.0640552913	-0.0179506175	0.1175914765	-0.1582747355	-0.0589189333	-0.0062708398	-0.0464677845	0.0916367471	-0.1422383064	-0.0899813259	-0.0161314613	0.1997596098	0.0889220912	0.0366455928	-0.0856305247	-0.0982159498	-0.0212571826	0.1382524941	-0.0782977215	-0.0209902732	-0.0414583832	0.0127483645	0.0365137932	-0.0481954736	0.0370937496	0.170627698	0.0878107702	0.0947222312	-0.0989755917	0.0049804513	0.0670232187	0.0855088019	-0.0204133297	-0.1127850699	0.0754168016	-0.1531573254	0.1524510324	0.1743103220005508	-0.0092726971647892	0.0303840883559357	8.59829127098898e-05	-0.2836233958790046	-0.00753348544238	5.675340291055264e-05	0.0804422306899385	1.7020971962485874	0.0093328626901436	8.710232599307559e-05	2.897134865477302	0.0077432114222032	0.0001731034766533	2.9964813629459625e-08	5.9957323128938105e-05	0.0020219895237221	0.0009317516729222	8.681611799933186e-07	4.088441634041925e-06	-0.0045339152287017	3.27979457100001e-05	1.0757052427961142e-09	2.0556387301053192e-05	0.0	0.0	0.0	0.0	0.0	0.0	0.0	0.0	0.0	0.0	0.0	0.0	0.0	0.0	0.0	0.0	0.0	0.0	0.0	0.0	0.0	0.0	0.0	0.0	0.0	0.0	0.0	0.0	0.0	0.0	0.0	0.0	0.0	0.0	0.0	0.0	0.0	0.0	0.0	0.0
986.4312716358326	-2.2079137459022604	973046.6536610856	4.874883109344151	1439.0878239434196	-3.3305965205120174	2070973.7650222064	11.092873182446755	940.0446913617212	1.2430870967841656	883684.0217573537	1.5452655301912857	1107.671737813504	703.9223835543665	0.452713	22.254622	0.1804605348230862	0.107993360216921	0.1071120152	-0.0318166578	0.0173391934	0.0262353383	-0.0539477163	-0.1132709407	0.0006558849	-0.0672290077	0.1232571611	-0.0244118744	-0.1769485875	-0.0698067229	0.013007182	0.0163965458	-0.0830946525	-0.0426141235	-0.0115285867	-0.0514228781	0.0935308308	-0.1271557559	-0.0829381202	0.0100557717	0.1888504886	0.0897040298	0.0370133128	-0.0805749888	-0.1077681144	-0.0178769862	0.1455596378	-0.0776306221	-0.0163184698	-0.0165664766	0.0195587865	0.0636919814	-0.0745310268	0.0341128093	0.1557276187	0.089851219	0.0735422318	-0.1090922537	0.0015219765	0.0690390229	0.0874417083	-0.0137862068	-0.1271280863	0.0518082069	-0.153366806	0.1532882396	0.1678817965256485	-0.0064285254749023	0.0281842976046792	4.132593978146787e-05	-0.3120256657615954	-0.0284022698825908	0.0008066889344835	0.0973600160939668	1.8036892072258155	0.1015920109772281	0.0103209366943972	3.253294756262891	0.0080130229370891	0.0002698115148859	7.279825356502446e-08	6.420853659031604e-05	0.0021637610256766	0.0001417715019544	2.0099158766434752e-08	4.681861776237052e-06	-0.0040647436757748	0.0004691715529269	2.2012194607583934e-07	1.652214114975123e-05	0.0	0.0	0.0	0.0	0.0	0.0	0.0	0.0	0.0	0.0	0.0	0.0	0.0	0.0	0.0	0.0	0.0	0.0	0.0	0.0	0.0	0.0	0.0	0.0	0.0	0.0	0.0	0.0	0.0	0.0	0.0	0.0	0.0	0.0	0.0	0.0	0.0	0.0	0.0	0.0
