global_signal	global_signal_derivative1	global_signal_derivative1_power2	global_signal_power2	csf	csf_derivative1	csf_derivative1_power2	csf_power2	white_matter	white_matter_derivative1	white_matter_derivative1_power2	white_matter_power2	csf_wm	tcompcor	std_dvars	dvars	framewise_displacement	rmsd	t_comp_cor_00	t_comp_cor_01	t_comp_cor_02	t_comp_cor_03	t_comp_cor_04	c_comp_cor_00	c_comp_cor_01	c_comp_cor_02	c_comp_cor_03	c_comp_cor_04	c_comp_cor_05	c_comp_cor_06	c_comp_cor_07	w_comp_cor_00	w_comp_cor_01	w_comp_cor_02	w_comp_cor_03	w_comp_cor_04	w_comp_cor_05	w_comp_cor_06	w_comp_cor_07	w_comp_cor_08	w_comp_cor_09	w_comp_cor_10	w_comp_cor_11	w_comp_cor_12	w_comp_cor_13	w_comp_cor_14	w_comp_cor_15	w_comp_cor_16	w_comp_cor_17	w_comp_cor_18	w_comp_cor_19	a_comp_cor_00	a_comp_cor_01	a_comp_cor_02	a_comp_cor_03	a_comp_cor_04	a_comp_cor_05	a_comp_cor_06	a_comp_cor_07	a_comp_cor_08	a_comp_cor_09	a_comp_cor_10	a_comp_cor_11	a_comp_cor_12	a_comp_cor_13	a_comp_cor_14	a_comp_cor_15	a_comp_cor_16	a_comp_cor_17	edge_comp_00	edge_comp_01	edge_comp_02	edge_comp_03	edge_comp_04	edge_comp_05	edge_comp_06	edge_comp_07	edge_comp_08	edge_comp_09	edge_comp_10	edge_comp_11	edge_comp_12	edge_comp_13	edge_comp_14	edge_comp_15	edge_comp_16	edge_comp_17	edge_comp_18	edge_comp_19	edge_comp_20	edge_comp_21	edge_comp_22	edge_comp_23	cosine00	cosine01	trans_x	trans_x_derivative1	trans_x_power2	trans_x_derivative1_power2	trans_y	trans_y_derivative1	trans_y_power2	trans_y_derivative1_power2	trans_z	trans_z_derivative1	trans_z_derivative1_power2	trans_z_power2	rot_x	rot_x_derivative1	rot_x_power2	rot_x_derivative1_power2	rot_y	rot_y_derivative1	rot_y_derivative1_power2	rot_y_power2	rot_z	rot_z_derivative1	rot_z_power2	rot_z_derivative1_power2
13428.209846470416	n/a	n/a	180316819.68084505	21259.514109892003	n/a	n/a	451966940.1886972	13692.450153115356	n/a	n/a	187483191.19554877	15740.59762006376	14551.19425861652	n/a	n/a	n/a	n/a	-0.1406393354	-0.0644758228	-0.0277027867	0.0330872013	-0.0921805161	-0.1303521356	-0.252006027	0.0728530704	-0.2048726742	0.0754148788	-0.0571721958	0.1197469533	-0.0080593352	-0.0842901496	0.2793964571	-0.0973630934	0.1894964391	-0.1145006417	0.1610298405	-0.0572869162	0.0959582865	-0.1363502516	0.3448665612	-0.0382061382	0.0286366893	-0.0106767071	0.032272223	-0.0566321053	0.0994629755	-0.1062064781	0.1572255557	0.0062033463	-0.0316177504	-0.195514211	-0.2526640276	0.0775265964	-0.0009735334	0.2564007841	-0.1492623555	0.0569976092	-0.0647126456	-0.100891849	0.0096639553	-0.1241730642	0.1436242344	-0.0791278419	0.0184846041	-0.0526207501	0.0028307047	-0.2900267701	0.0161349727	-0.4004896787	0.0404366014	-0.0281924234	0.1129255722	-0.10505438	0.0264132962	-0.1167103738	0.1715124592	-0.0090824493	0.1247005128	-0.1858920208	0.0613055573	-0.0499158005	0.2499515522	-0.0606616496	0.0669244995	-0.0530793538	0.1997796245	-0.1257813132	0.0346107043	-0.0188219009	0.0857758454	0.0026516374	-0.0333144725	0.153366806	0.1532882396	0.0037867128741453	n/a	1.4339194391217756e-05	n/a	0.1895270108680762	n/a	0.0359204878485878	n/a	0.2772229131084174	n/a	n/a	0.0768525435523171	0.0040372672208661	n/a	1.6299526612679886e-05	n/a	-0.0006869221889562	n/a	n/a	4.718620936803774e-07	-0.0007036160735903	n/a	4.950755790146304e-07	n/a
13461.34474007727	33.13489360685344	1097.921174337497	181207802.211206	21358.72306554458	99.20895565257524	9842.41688167464	456195050.990626	13742.679862316743	50.22970920138687	2523.0236864558888	188861249.79812613	15772.635379548594	14776.41245856652	1.075998	21.554773	0.0853518946606777	0.0471529653077039	-0.0477508529	0.1427687737	0.0651867907	0.1398848993	-0.1218872652	-0.2781974021	-0.2213163684	-0.0538947627	-0.083893805	0.001455399	-0.016042568	0.1829512073	-0.0611729835	-0.1487192375	0.2635529249	-0.070993938	-0.0444285797	0.0863502327	0.2354485271	0.1322039851	-0.13039307	0.0849561224	0.0763883039	-0.1115262313	0.0390984369	-0.2210935676	-0.1136881341	0.0252698496	0.1554831495	-0.0340820145	0.0455553206	0.0170661285	0.1713615366	-0.2501456441	-0.2212902893	0.0556804359	0.0706215681	0.0078398453	-0.0823711472	0.0095428109	0.1336069345	-0.0792223453	0.1063494928	-0.0573807324	-0.0648786403	-0.1438311753	0.1511070699	0.1523975312	-0.2189943936	-0.0441724574	-0.0613587462	-0.3607440646	0.042514871	0.0312262948	0.0509128996	-0.0720746063	-0.1230244825	0.046804841	0.2214903569	0.0198442401	0.1613656239	-0.2342041693	0.1495639204	0.1237090732	0.0403975929	-0.0313599838	-0.1319938701	-0.0828384648	0.0949917283	-0.0455514761	-0.1099766501	0.0366836559	0.0160120556	0.0986076154	-0.0024403548	0.1531573254	0.1524510324	0.0034275457677637	-0.0003591671063815	1.1748069990114853e-05	1.2900101030653142e-07	0.1794160686656454	-0.0101109422024307	0.0321901256954355	0.0001022311522208	0.232700375929582	-0.0445225371788353	0.0019822563168407	0.0541494649577687	0.0037048574846028	-0.0003324097362633	1.3725968981217384e-05	1.1049623276263693e-07	-0.0006908031686583	-3.880979702099987e-06	1.5062003448112105e-11	4.772090178283477e-07	-0.0004327218260951	0.0002708942474952	1.8724817877907798e-07	7.338369332599066e-08
13464.119284725077	2.774544647807488	7.698098002677179	181282508.1133057	21323.102570178464	-35.62049536611448	1268.8196901273834	454674703.2183514	13723.314340096931	-19.365522219812192	375.0234508460397	188329356.4771101	15750.971753147116	14701.481526594896	1.078657	21.608046	0.070603380204007	0.0419533586510444	0.1013165803	0.0540472873	-0.0625073439	0.0016508024	-0.1025573364	-0.1936672631	-0.1690547352	-0.0687458425	-0.0629228401	0.1706746517	-0.1143800936	-0.0206223444	0.0702848751	0.0037156866	0.3608737388	-0.0453499135	-0.0808246553	-0.0242726588	-0.011861367	0.0382788242	0.1506811089	0.101528793	-0.1441133401	-0.1070841151	-0.0570174135	0.0868735614	-0.019738528	-0.0522437543	0.1229910134	0.1707345923	-0.0081437694	0.0891738129	-0.2263100845	-0.2230174195	-0.2548768484	-0.1177923979	-0.0410602482	0.0074303158	-0.0009944415	0.028051176	-0.0777319046	-0.0365308164	-0.1050368356	-0.036682697	-0.0461169633	0.1359755178	-0.0346200814	-0.1278372778	-0.0319665994	-0.0453982805	0.053459097	-0.306896571	0.0669686236	0.0284232682	0.0218031547	0.1058543198	-0.0558355624	-0.0225235154	0.0659197323	0.0429438122	0.0234679875	-0.1430522143	-0.0419719106	0.0812089177	-0.0654732498	0.056178819	0.1161755643	-0.1102300851	-0.1478150478	-0.0122677107	0.0347039263	-0.0233037649	-0.0781660876	-0.089840658	0.1427256229	0.1527386503	0.1507811905	0.0070776002908843	0.0036500545231206	5.009242587752553e-05	1.3322898021753151e-05	0.1374949155144378	-0.0419211531512076	0.0189048517923223	0.001757383081527	0.2391091200766908	0.0064087441471087	4.107200154310119e-05	0.0571731713038493	0.0034378467009257	-0.0002670107836771	1.181878993906572e-05	7.129475859985911e-08	-0.0007747090407304	-8.390587207209998e-05	7.0401953681796075e-09	6.001740977894165e-07	-0.0004111699141929	2.155191190219999e-05	1.6906069833739678e-07	4.6448490664018957e-10
13486.092094734277	21.972810009199748	482.8043797003886	181874679.9876544	21426.62407130821	103.52150112974778	10716.70119615637	459100219.0931645	13758.33979251061	35.02545241367807	1226.782316782827	189291913.8461809	15804.34737437008	14808.97198016827	1.04788	20.991516	0.1010797714691952	0.0502792529981282	0.0210176725	-0.1149123291	-0.0388368363	-0.0109551225	-0.072162057	-0.1474983373	-0.039178969	-0.0240637169	-0.1567511817	0.2333019553	0.0169360243	0.0390933641	0.1599728484	-0.0304417657	0.1452853678	-0.0791639834	0.0864456449	-0.2057836575	-0.0011284086	-0.1606319644	-0.2099925291	0.0014236819	-0.230170604	-0.0872158251	0.0137861278	-0.0188835433	0.0116519668	0.0878831905	-0.0081827144	-0.1177125368	-0.0994704014	0.063292195	0.0975766387	-0.1298200051	-0.1191076343	-0.0900610732	-0.1480715438	0.2038069305	0.1025666218	-0.0795563775	0.2103319874	0.0846248089	0.000514986	-0.0783816846	-0.1802865246	-0.120656805	-0.0559965706	-0.1687406209	-0.0751653571	0.2015219187	0.003504372	-0.2616696043	0.016340374	0.0705075946	0.112189671	0.1048967397	0.144653279	0.0358732763	0.0221680735	0.0090315574	-0.1220857404	0.0493345069	-0.1678806956	0.0186190708	-0.1520782361	0.0790479156	-0.1339119393	-0.0338640196	-0.1038151718	0.0547380785	0.0406603199	0.0053282407	-0.1104374583	0.009004795	-0.050333131	0.1521113526	0.148287834	0.005455168084282	-0.0016224322066023	2.975885882776894e-05	2.632286265020409e-06	0.1114903452455564	-0.0260045702688813	0.0124300970829733	0.0006762376748691	0.1958062598188092	-0.0433028602578816	0.0018751377065136	0.038340091384231	0.002919877644759	-0.0005179690561666	8.525685460363365e-06	2.6829194314622185e-07	-0.000773978862901	7.3017782939997e-07	5.331596625472516e-13	5.99043280217525e-07	-0.0003268709734724	8.429894072049999e-05	1.0684463329879445e-07	7.106311406598372e-09
13510.1506149359	24.05852020162274	578.8123942918895	182524169.63825285	21280.199343213848	-146.42472809436367	21440.20099750833	452846884.0869191	13771.896389431424	13.556596920814629	183.78132007344064	189665130.1612343	15794.98980371218	14704.03941800044	1.099781	22.031219	0.1076412360908951	0.0552713302112666	-0.1874160689	0.0059992274	-0.0734774463	0.0667422464	-0.1668713749	-0.1229837074	-0.1053991306	0.1692730162	-0.1502646776	-0.0262768402	-0.0384896712	0.0491063873	0.2043499234	-0.1829489387	0.0729995982	-0.1522443448	0.0735101427	-0.1444672566	-0.0671724512	-0.0020741487	-0.0007254639	0.1073277973	-0.2078827283	-0.0402407375	0.1245787603	-0.006183049	-0.0847506263	0.1402397996	-0.0172562052	0.1287350181	-0.150540844	-0.1343151105	-0.025524809	-0.1978867976	-0.0598801291	0.1461029552	-0.0735103916	0.156801869	0.0670488769	-0.1597658055	0.0474090599	0.1356811837	-0.0314413794	-0.0025002943	-0.1152764232	-0.0376033875	0.0719709307	0.0458443532	0.0375925342	0.2011899534	0.1340364569	-0.2236328182	-0.0493889623	0.0917876496	0.0830655362	-0.057749119	0.0440000378	-0.0850044732	-0.2091654885	-0.0454632828	-0.2041901289	0.1768643886	-0.0423081007	-0.050693062	-0.2427289492	0.0795760865	0.0428161075	0.2414288089	0.0824149196	0.0789743581	0.1453781312	0.1154898767	0.0002052883	0.0536142915	-0.1131196663	0.151276289	0.1449845808	0.005347150821052	-0.0001080172632299	2.859202190307708e-05	1.1667729155699026e-08	0.067543341997748	-0.0439470032478084	0.0045621030482247	0.0019313390944628	0.2057626639541894	0.0099564041353802	9.912998330701613e-05	0.0423382738775246	0.0022080192607564	-0.0007118583840026	4.875349055871238e-06	5.067423588747935e-07	-0.0007729652252326	1.013637668400083e-06	1.0274613227995569e-12	5.97475239418884e-07	3.285323374613053e-05	0.0003597242072185	1.0793349675778901e-09	1.294015052590003e-07
13500.458999368642	-9.691615567257031	93.92741230349884	182262393.19363376	21403.081856521905	122.88251330805724	15100.112076904865	458091912.9569772	13764.694275655864	-7.202113775560065	51.870442836112055	189466808.5022733	15833.803800704218	14770.738295628476	1.183344	23.705175	0.1361309673328763	0.0720716038799296	0.0269349691	0.2125629064	-0.0809714889	-0.0657178548	-0.1187669586	-0.045317175	-0.2248639729	0.0202307143	0.1512614498	0.0186039257	-0.055801671	-0.0417377787	0.1443624725	-0.1176691033	0.1191121978	-0.0608560942	-0.1411736092	0.0319208009	0.0073631077	-0.1361848986	0.1044118102	0.0010426095	-0.0343662839	-0.0007609298	-0.0349764317	-0.0616151161	0.1244341014	-0.119537128	-0.1069461074	-0.0032770675	-0.1736393842	-0.0790628181	-0.0475804812	-0.0774255577	-0.1285937666	0.1181085364	-0.0767034418	-0.1034756139	0.0363082672	0.2545537137	0.0440176734	0.0229777838	-0.0919292388	-0.1330794924	-0.0631766613	0.0163261804	-0.0207256902	0.1375892193	0.0226710354	0.0576267517	-0.0191415816	-0.1907076515	-0.0055019187	0.0977784784	0.0141732246	0.0603091093	-0.0758870554	-0.0561617127	-0.2000744331	0.0613543206	-0.0818057089	0.1508438101	-0.0760730041	-0.2107721803	-0.0123100823	-0.0889672702	-0.1384086905	-0.031259911	-0.0107138249	0.0400401523	-0.1302511236	-0.0604753845	0.0327420401	-0.0500297228	-0.0685441304	0.1502346003	0.1408894722	0.003166121650068	-0.002181029170984	1.0024326303029314e-05	4.756888244683154e-06	0.1251918989661931	0.057648556968445	0.0156730115667615	0.003323356120544	0.1664335106518137	-0.0393291533023757	0.0015467822994817	0.0277001134678873	0.0025038939454026	0.0002958746846462	6.269484889823798e-06	8.754182901448841e-08	-0.000679897968584	9.30672566486e-05	8.661514260096381e-09	4.622612476846498e-07	-0.0003176493827805	-0.0003505026165266	1.009011303808326e-07	1.228520841920142e-07
13501.815235781529	1.3562364128865738	1.8393772076394408	182299014.66118225	21406.050675934435	2.968819412530138	8.813888704215794	458219005.5406731	13767.594770266684	2.900494610819805	8.412868987394734	189546665.75827453	15825.555703199549	14759.649057975184	1.116984	22.375835	0.0940550457258128	0.0546827975028404	0.105852088	-0.0102685595	0.0018083154	-0.1209126998	-0.1483776658	-0.0123817778	-0.1820605023	0.0111483458	-0.0264083493	0.1733057182	-0.0238531138	-0.1187292481	-0.0543244901	0.0917980694	0.1419053931	-0.0312265263	-0.0812307231	-0.0447796138	0.0301347784	-0.1072456667	-0.0116521814	0.0943957646	0.0645080585	0.0272131708	-0.1836318155	-0.0634655954	-0.0681925287	0.0630647881	-0.0591391201	-0.1629389837	0.0268130263	0.077736524	0.0583211327	0.0004841564	-0.1681555761	-0.030987194	-0.1176556371	0.0314200937	-0.1270766217	0.1278989521	-0.0403379218	-0.0133801106	-0.1629067463	0.0935028174	0.0044723228	-0.0237931682	0.0523370446	-0.0143114203	0.0618630886	0.0966473752	-0.1010513711	-0.1386720116	0.0527805693	-0.0639877088	0.02136123	0.1691084016	-0.0612412352	-0.0865269889	-0.1956785722	-0.0224444796	0.0143492567	0.2115504838	0.051111007	-0.0933472564	0.0289796572	-0.070605697	0.1529531626	0.2510729412	-0.2550438002	0.1036403164	-0.0696573988	-0.0322153749	0.0146859639	-0.1368775854	0.101588181	0.1489877092	0.136024874	0.0030489002743649	-0.000117221375703	9.295792883022362e-06	1.3740850921727314e-08	0.0734526909365058	-0.0517392080296872	0.0053952978058138	0.0026769456475392	0.1648084063313462	-0.0016251043204675	2.640964052402141e-06	0.0271618107974781	0.0021489683527056	-0.0003549255926969	4.618064980930221e-06	1.2597217635131664e-07	-0.0002697920079073	0.0004101059606766	1.6818689898255898e-07	7.278772753065263e-08	-0.0002712106961551	4.6438686625399975e-05	7.355524170893399e-08	2.1565516154921024e-09
13497.975880230148	-3.839355551381232	14.74065104992188	182195352.86327484	21418.303135292204	12.252459357769112	150.12276031378389	458743709.1952679	13752.69987431279	-14.894895953893863	221.85792547732385	189136753.83292305	15859.596375754163	14775.861121984628	1.484521	29.73847	0.3529486118638117	0.2391873970827135	0.0121412468	0.0316940052	-0.0654579634	0.0414065985	0.0559041354	0.0339618635	0.0859278737	-0.0906621433	0.1522521437	-0.1191771321	0.0359081018	0.408846574	-0.2118414306	0.0172416818	-0.0362371951	0.0745160978	0.0894576244	0.1106038443	0.1628111052	-0.3222939477	-0.1129819715	-0.0592441774	0.0141200966	0.2619382055	0.1690681597	0.2511575496	0.2210423888	-0.0749313483	-0.016049932	0.0407179278	0.0680151597	-0.1497087322	0.0107181948	0.0831820478	0.1449202905	-0.0104152708	0.1174697014	-0.0503517497	-0.0826896228	0.266912111	0.5821641373	-0.3421009821	-0.0336218275	0.2196066845	0.1201225119	0.0650640033	-0.0452815084	-0.2133356124	0.0755687524	-0.0227477214	-0.0217674011	0.1139690326	-0.0491858137	0.0834878466	0.1181154995	-0.1093735636	-0.1791579898	0.4694180199	0.0401090929	-0.560032673	0.0751292748	0.1799915631	-0.3059923181	0.0785674393	0.2382011035	-0.057842049	0.127647589	-0.0780830874	-0.093674203	0.0144408625	-0.1136076357	0.1078450042	-0.0581844294	0.0100263506	0.0208653123	0.1475373187	0.1304173552	-0.0014203043723597	-0.0044692046467246	2.017264510144081e-06	1.997379017430476e-05	0.0523307457094261	-0.0211219452270797	0.0027385069465046	0.0004461365701757	-0.0761633977528362	-0.2409718040841824	0.0580674103635855	0.0058008631572567	0.0007219421608239	-0.0014270261918817	5.212004835750819e-07	2.0364037523163877e-06	-0.0005210801866997	-0.0002512881787924	6.31457488008012e-08	2.715245609709942e-07	-0.0002218119087127	4.93987874424e-05	4.9200522846771166e-08	2.4402402007794162e-09
13531.799177528868	33.82329729872072	1144.0154401576483	183109588.98097092	21364.12756826364	-54.17556702856382	2934.9920628664117	456425946.7530425	13784.930230034724	32.23035572193476	1038.7958299624524	190024301.4469252	15847.23894021226	14825.355947494509	1.279198	25.625362	0.0843578617876814	0.0413230315029593	0.0833722472	-0.0031556352	0.0910829546	-0.1435322876	0.0220391153	0.1628940747	0.0122768572	-0.032698394	0.1417620114	0.0764053482	0.0051209144	-0.1013352957	0.0373698183	0.1305377879	-0.1134730938	0.0002996628	-0.0688287602	0.0198433263	0.1168818536	0.0062895051	-0.0817946536	0.2172167268	0.0694656712	0.1020672371	0.0537626858	-0.1412174939	0.2963142134	0.3226628333	0.0552879821	0.0485363967	0.0612509412	0.1076232541	0.0429322924	0.1332462376	0.0387171618	-0.0264576978	-0.0739963723	-0.0953384559	-0.0507396253	-0.081270095	-0.0817251961	0.0354996979	-0.0945553106	0.2059693348	-0.2388192866	0.0085526141	0.1526137322	0.0977988905	0.0882156027	-0.1369074657	0.0892017873	0.1608872982	0.0379285127	0.0232456523	0.0421873984	0.1695477411	-0.0203795207	0.2935994901	0.0026616478	0.1083715009	-0.1025580161	0.0026937729	0.1790488554	-0.006798912	0.067443338	-0.1274654411	0.0003327725	-0.0433067175	0.1183935455	0.0376519773	-0.1472831527	-0.1805859376	0.0880054268	0.0853117806	-0.0436162247	0.1458854101	0.124097542	0.009585387112537	0.0110056914848966	9.18796460971904e-05	0.0001211252450607	0.0586994182084055	0.0063686724989793	0.0034456216980052	4.0559989399256496e-05	-0.0620239815403209	0.0141394162125153	0.0001999230908307	0.003846974286114	0.0004190086437949	-0.000302933517029	1.755682435748414e-07	9.176871573955945e-08	-0.0001289706763201	0.0003921095103796	1.5374986813012965e-07	1.6633435350464002e-08	0.0001400266957045	0.0003618386044172	1.960747550992064e-08	1.3092717564658696e-07
13497.412121168703	-34.387056360164934	1182.4696451171596	182180133.96867183	21360.41881366805	-3.708754595591017	13.75486065031749	456267491.895304	13805.980660144194	21.050430109469744	443.1206077936704	190605101.98827556	15858.902082836355	14698.417536662177	1.133257	22.701817	0.1695244427105326	0.1525180378816337	-0.1115001575	-0.1462501111	0.0158147431	-0.0847596432	0.06598455	0.1014660987	0.1009971039	-0.0011875134	-0.1233764233	-0.0072108742	-0.0173543059	-0.1139695889	0.0565064118	0.0240226832	-0.1675496664	-0.0415262894	0.0095194755	-0.0861971761	-0.1735122533	-0.0475279058	-0.219283762	-0.0131053697	-0.2038446295	-0.0837299688	-0.0953755723	-0.0178860584	0.1225530982	-0.2523016064	-0.059110066	0.0395300589	-0.1535325136	0.1503403428	0.0337268391	0.1064223346	0.0571744381	0.0160467892	-0.0543182878	0.0762924798	0.1851912132	-0.0897793033	-0.0296144571	0.3058416283	-0.0512131487	0.1488921637	-0.0868383664	0.0478216825	-0.0781223954	-0.0357249862	-0.0382001891	0.1114253384	-0.0823699111	0.0936285599	0.0545647468	0.0408080031	-0.0599489751	-0.0259353597	0.2352164409	0.1771707855	-0.1497162279	0.1692492686	-0.0955440385	0.019818504	-0.0662718949	0.0748161113	-0.129446719	0.0750081129	-0.1465509334	-0.1335138215	-0.0814679092	-0.0550397977	0.0517032509	0.0535098227	0.0072837954	0.1696943309	0.0678503491	0.1440342395	0.1170999511	0.0050437246920296	-0.0045416624205074	2.543915876898908e-05	2.0626697541849133e-05	0.051733604553263	-0.0069658136551424	0.0026763658400733	4.852255987816968e-05	0.0898912410058869	0.1519152225462078	0.0230782348412638	0.0080804352095784	0.0004190173705522	8.726757300028375e-09	1.755755568244797e-07	7.615629297359854e-17	-0.0002509706878752	-0.000122000011555	1.4884002819444532e-08	6.298628617255105e-08	0.0001400528391656	2.614346110001728e-08	1.9614797758345423e-08	6.834805582881168e-16
13520.30200414334	22.88988297463584	523.9467425925236	182798566.2832424	21265.606880935968	-94.81193273208191	8989.302588392826	452226036.0145112	13790.446689935376	-15.533970208818571	241.30423044846293	190176419.9079496	15886.358691499434	14778.66857616718	1.154607	23.129505	0.0691050683674677	0.0448354667263908	-0.1691042393	0.0418804974	0.1124032609	0.0158497657	0.0340231928	0.1000458064	0.0366331516	0.0246414508	-0.0642064395	-0.2435735856	-0.1521917808	0.0156311632	-0.0573697906	0.0181536786	-0.0825594211	-0.0636902809	0.0892715308	0.0788342349	-0.0490332362	0.0936955716	0.0493220239	-0.0185377558	0.1206200875	-0.0340777406	0.1165116775	0.0419048319	0.0916330245	0.0846562513	-0.2732656118	-0.0331129136	-0.0988241203	0.1191000461	-0.1290374418	0.1314381733	0.0287643414	0.1656482333	0.1886181336	-0.0136376013	0.0222299273	0.0502484033	-0.0756327945	-0.0410822933	0.0230896765	0.1830870904	0.0766948705	-0.0996290648	0.2393881661	-0.0032800257	0.1008588804	-0.038199699	0.2013023183	0.1102200997	0.0547364757	-0.0539245108	-0.0819461869	-0.2233347356	-0.0214580891	-0.0192889015	-0.1922010904	-0.1304507006	-0.2769770641	0.010110795	0.0949542146	0.0863083104	-0.023035636	-0.074699395	0.0231415266	0.0912049945	0.0730356601	-0.0448418123	0.1075262108	-0.2655345863	-0.1020971794	-0.0091892655	-0.0648252916	0.1419863355	0.1094628008	0.0112929390624998	0.0062492143704702	0.0001275304726693	3.905268024809127e-05	0.0150561958303967	-0.0366774087228663	0.0002266890328832	0.0013452323106241	0.0905725532120698	0.0006813122061829	4.641863222938206e-07	0.0082033873953532	0.0007420032109686	0.0003229858404163	5.505687650877127e-07	1.0431985310948821e-07	-0.0003179926449783	-6.702195710310002e-05	4.491942733929779e-09	1.0111932226029515e-07	2.0117975326134035e-05	-0.0001199348638394	4.047329312229378e-10	1.4384371564191245e-08
13543.000540143135	22.69853599979615	515.2235365340418	183412863.63031727	21455.58865894991	189.98177801394195	36093.07597733872	460342284.70206	13801.588773750964	11.142083815588194	124.14603175359235	190483852.67972863	15860.43499010392	14911.783872017491	1.166868	23.37513	0.1779150789149136	0.1426892224790256	0.0519740225	0.131682241	0.0478880304	-0.0519708342	-0.0158111271	0.0543158839	0.0155855084	-0.1223041992	0.1340087714	-0.1099102738	0.1786001024	-0.1157571494	0.1096419149	0.011061621	-0.1812141866	-0.0435609696	-0.1238343455	0.139792426	-0.1002369943	-0.0647729473	0.064851654	0.1564187593	-0.0658513864	0.1034256771	0.1106426221	-0.0737512086	-0.0119056615	-0.0775263971	0.0985978124	-0.0555598307	0.1359041223	0.0628655068	-0.0533262065	0.0773666376	0.0471492829	0.0079936643	-0.0417565763	-0.2277724865	0.0812708548	-0.1437980136	0.0895447844	0.1340176673	-0.1494682269	-0.0908491164	-0.0074532929	0.0444891913	-0.0659651515	0.0020395533	0.1616058789	-0.1391586741	0.0039779823	0.166692684	0.0050969155	0.0321757243	-0.0644805589	0.0133299124	-0.1316478356	0.1010446361	-0.0702219054	0.0922742821	-0.0727539388	-0.1090128718	0.0419383547	-0.0779588889	0.043949667	-0.022212688	-0.0676406289	-0.0994719614	0.0438484114	-0.0407390827	0.033027364	0.0075893979	0.0774467125	0.0544238903	0.0780486873	0.1397444952	0.1012278027	0.0051369179779499	-0.0061560210845499	2.638792631218489e-05	3.789659559342293e-05	0.0302235530551513	0.0151673572247546	0.0009134631592775	0.0002300487251833	-0.0497982544168849	-0.1403708076289547	0.019703963634405	0.0024798661429687	0.0008709959135889	0.0001289927026203	7.586338814885626e-07	1.6639117329289156e-08	-0.0004765071135282	-0.0001585144685499	2.5126836739657242e-08	2.270590292429769e-07	-1.6792713036753405e-05	-3.691068836288744e-05	2.819952111347477e-10	1.362398915422194e-09
13501.071063166686	-41.92947697644922	1758.0810395185854	182278919.85267684	21384.649303959864	-70.9393549900451	5032.392086403637	457303225.8533511	13757.81519609616	-43.773577654803375	1916.1261007011012	189277478.96993443	15856.129672994444	14704.835673992451	0.987431	19.780577	0.1714703197890167	0.1189487458116628	0.1157879403	0.0207529907	-0.0006009221	-0.0175677063	0.127589917	0.079693364	0.1046834115	-0.0948810991	0.1031670883	0.009416143	-0.1523544561	-0.2084307461	0.0083865745	0.1489691907	-0.0329002867	0.0816675779	-0.1204799727	-0.008328642	-0.1570519674	-0.1802543476	0.0633939564	-0.0636573453	0.0553495915	-0.0388714793	-0.1341279921	-0.0644081478	-0.0438158806	-0.0199063612	-0.0095172011	0.0919742942	0.0420660227	-0.0158020756	0.1021058576	0.1325826547	0.0398257642	-0.1366985331	-0.0163331591	-0.0862689614	0.1289022172	0.1108335142	-0.1142855891	0.0350294126	-0.1416246126	0.1071618889	-0.0003795882	-0.0402084262	0.0614929565	-0.0906883318	0.0895336614	0.0323956294	-0.0070961564	0.1276065701	0.0459748632	-0.0424496538	-0.2170160062	0.1287142713	0.0079652422	0.0060989382	-0.126999055	0.0062887361	-0.0249633328	-0.0937585396	0.0643574726	-0.0657546166	0.0007056897	-0.0353524479	0.1048146696	-0.0430966719	-0.0720555016	0.026864877	-0.098467001	-0.002461821	0.0998224623	-0.0022375595	0.0910922939	0.1373117808	0.0924399334	0.0111253412690075	0.0059884232910576	0.0001237732183518	3.5861213512881143e-05	0.0420802454560345	0.0118566924008831	0.0017707470576401	0.0001405811546891	0.0603096695714384	0.1101079239883233	0.0121237549250183	0.003637256243816	0.0004190091884036	-0.0004519867251853	1.7556869996664358e-07	2.0429199974373194e-07	-0.0001789785080366	0.0002975286054916	8.852327108577616e-08	3.203330633900729e-08	0.0001040375584614	0.0001208302714981	1.0823813570609222e-08	1.4599954510317464e-08
13468.000773723064	-33.07028944362173	1093.644043884919	181387044.84100503	21380.237405216	-4.411898743863276	19.46485052610235	457114551.5033975	13779.3219928506	21.506796754440074	462.5423066367941	189869714.58265623	15863.651861370368	14617.269397442158	0.95583	19.147543	0.053012870608634	0.0295814205930754	0.071782309	-0.1100675605	0.0007957693	-0.0288417966	0.2552299321	0.0943156095	0.1514816978	-0.0309318334	-0.0647390685	0.0631133481	-0.0765002325	-0.0611690238	-0.153438124	0.115806624	-0.1241222327	0.0697837795	0.0554978507	-0.0721359041	-0.1730493842	0.0353994526	-0.0339365069	-0.0170897653	0.0054005734	-0.0397666228	-0.0180294123	0.0659104538	0.0408104567	-0.2258412296	-0.0634844813	-0.1433809209	-0.037837716	-0.1797304604	0.0665814737	0.1658925086	0.0601916065	-0.0807791711	0.0121815673	0.0940168722	0.1316366656	0.0508402537	0.0114895876	0.1034656916	0.0707901082	0.0943902634	0.0939122454	0.0164806993	-0.0377719738	0.1761591102	-0.0342071928	-0.062405277	-0.1682934785	0.1070041429	0.075003722	-0.0664248295	-0.1666829086	0.0803227087	0.1854418254	0.0227675888	-0.0806620998	-0.0276827288	0.0233613537	-0.0943417807	-0.0093606483	-0.0169893778	-0.0636908504	-0.1104328775	-0.1415410865	0.0213630455	-0.0043021442	0.0319423053	-0.0206229224	0.0647150174	0.0542241468	-0.0860611443	0.0096243339	0.1346915149	0.0831471893	0.0051192265378148	-0.0060061147311927	2.6206480345467303e-05	3.607341416424997e-05	0.06017226917605	0.0180920237200155	0.003620701977795	0.0003273213222856	0.0821245424052392	0.0218148728338008	0.0004758886767549	0.0067444404652699	0.0004190222997375	1.311133390004054e-08	1.755796876773033e-07	1.719070766383523e-16	-0.0002129555275032	-3.3977019466599993e-05	1.154437851833715e-09	4.5350056694166175e-08	0.0002120446141334	0.000108007055672	4.49629183829825e-08	1.1665524074934506e-08
13494.820780040314	26.820006317249863	719.3127388573225	182110187.8854079	21348.43351476333	-31.80389045267293	1011.4874479256204	455755613.5342701	13776.669294945988	-2.6526979046120687	7.03680617313326	189796616.8623076	15860.45058078135	14693.189517681416	1.029699	20.627304	0.0737231268521192	0.0414518011229898	-0.1132860795	-0.1110427672	0.0012293881	0.0238928055	0.1577232044	0.0937829639	0.1611295317	0.0014511011	-0.1281510618	-0.1057424544	-0.0173312216	-0.0252640147	-0.1816125029	0.0112131998	-0.1433953297	-0.0747850832	0.1874121381	-0.0700573073	-0.0576881	-0.0207310567	0.2303634191	-0.1568147186	-0.009182512	-0.0556033798	-0.0135007282	-0.0105380794	-0.0914334674	0.0297542698	0.0109216489	0.0229406004	0.0651872279	-0.0733346753	0.0345898582	0.1252781517	0.0999753301	0.0418177594	0.1295633376	0.1302934683	0.1302606768	-0.0270388899	-0.0951142498	-0.0354724966	-0.0831615224	-0.0430950626	0.1477084222	-0.068177814	0.0517937227	0.1721514357	0.0731415181	0.0171971385	0.0081058789	0.1202431499	0.0622372979	-0.0724853559	-0.0718997849	-0.1545274423	0.1617169594	-0.0568246069	-0.1110672326	-0.0819411477	-0.003989718	-0.1209094344	0.0945551781	-0.0962097231	0.1393182207	-0.0707974161	0.0378656503	0.0253450199	0.0410546133	-0.01750606	0.2182584012	0.1017273441	0.0793278756	0.0356137006	0.0832831991	0.1318872767	0.0734003241	0.0051174263623323	-1.8001754824997771e-06	2.61880525738936e-05	3.240631767793306e-12	0.0358952751973902	-0.0242769939786598	0.0012884707814963	0.0005893724366398	0.0660964633570273	-0.0160280790482118	0.0002568993179757	0.0043687424683068	0.0006329784309093	0.0002139561311717	4.006616939963994e-07	4.5777226066004466e-08	-0.0001930703007606	1.9885226742599987e-05	3.9542224260461366e-10	3.727614103578854e-08	-0.0002224391009475	-0.0004344837150809	4.9479153630332096e-08	1.8877609867050078e-07
13508.56302610395	13.74224606363532	188.84932687350047	182481275.03022268	21383.168267941943	34.73475317861448	1206.5030783792688	457239885.1751192	13794.395949375485	17.726654429496193	314.234277262777	190285359.6081468	15866.457295735678	14809.593182490422	1.087281	21.780798	0.0310185482025247	0.0148973500446003	-0.0501433945	0.1353818956	0.1606245117	0.0710364066	0.0593879058	-0.0101841892	-0.0244533528	-0.0900223292	0.1146537536	-0.2300021382	-0.0390444799	-0.0288158302	-0.1329161995	-0.026510802	-0.0572827223	-0.032789836	-0.0483269804	0.2518213312	-0.1417845153	0.1410949051	0.017730914	0.1079176578	0.1332711155	-0.0749210319	0.024746501	-0.0239505471	0.090016129	-0.0931426825	-0.0018438893	-0.0254373634	0.0415582582	-0.0908407235	-0.1271002782	0.0307055358	-0.0019855439	0.0843705251	0.1962086907	-0.1855427183	0.0985843302	-0.0402638052	-0.066297921	0.0577430909	0.0596710977	-0.024283048	0.0744645586	0.0732087495	0.1316614222	0.1973170063	-0.0653807757	-0.1253868189	-0.0785140832	0.1100508664	0.0029906267	-0.1285597158	-0.1925671283	-0.1256893543	-0.1077428523	-0.1128087847	-0.0057929276	-0.0849689532	-0.0069961884	-0.0971002557	0.1741845591	0.0135275814	0.0274645184	0.0113992174	-0.0862069188	-0.0035931314	0.0966425293	0.0581293253	-0.0536591925	-0.0445951729	-0.0248253571	0.1269581907	0.0510628934	0.1289028963	0.0632525717	0.0071161180245837	0.0019986916622514	5.063913573980502e-05	3.994768360753264e-06	0.0341431060524684	-0.0017521691449218	0.0011657516909101	3.0700967124159973e-06	0.0594532527899929	-0.0066432105670344	4.4132246637957545e-05	0.0035346892673107	0.0005409991130783	-9.197931783099996e-05	2.926800403515072e-07	8.460194908656111e-09	-4.901244360677737e-05	0.0001440578571538	2.0752666207751172e-08	2.4022196283075316e-09	-4.598673936598074e-05	0.0001764523615815	2.114780197514643e-09	3.1135435907695214e-08
13515.988619443156	7.425593339206898	55.13943643927385	182681948.3609169	21322.52551987592	-60.64274806602407	3677.542892999266	454650094.5457598	13776.41426293644	-17.981686439045006	323.3410471921351	189789589.94403857	15840.28536482561	14576.279130202074	1.156158	23.160585	0.1438495060624266	0.1143602644277566	0.155012092	0.0166687103	-0.0659488411	0.0590990472	0.1434515405	0.0535166935	0.1647430389	-0.0618629798	0.1110458664	-0.0325739887	-0.0671385483	0.059678296	0.0425871976	0.1432978825	-0.10838784	0.1994093709	-0.1157999252	0.0498974903	0.0204077325	0.0270321649	-0.0824596423	-0.104775673	0.0091316655	-0.1697136232	-0.2713825607	0.0822620998	0.0348711948	0.1679572197	0.0525827157	-0.1027451378	-0.035999044	0.0250564022	-0.1199992519	0.0985298179	0.0920982397	-0.179120854	0.0001442197	-0.1302417685	-0.0377157646	-0.0071676131	-0.1468523616	-0.0659780915	-0.0461348177	0.1274989782	0.0154985935	0.0904101372	0.0784770217	-0.0400668548	-0.2409771646	0.0959196217	-0.0915903055	0.1645505484	0.0123187734	-0.042695491	-0.044403346	0.0609271596	-0.0826364828	0.0258514853	0.0413021427	0.1100614988	0.2200405583	-0.108874444	0.0951272348	-0.0427881176	-0.0007339678	-0.0895256953	0.0266054672	-0.0474833171	-0.0855238913	0.1258796263	0.0891329931	-0.0281144867	-0.0201061815	-0.045484893	-0.121335403	0.1257424501	0.0527593557	0.005014567596433	-0.0021015504281506	2.514588817919584e-05	4.416514202060389e-06	0.0204692850401073	-0.013673821012361	0.0004189916300531	0.000186973381078	-0.0541709039966207	-0.1136241567866136	0.0129104490054689	0.002934486839811	0.0005160065811661	-2.499253191219999e-05	2.6626279180672695e-07	6.246266513823347e-10	-0.000197981712124	-0.0001489692685172	2.2191842962556383e-08	3.9196758335550414e-08	6.905101691062111e-05	0.0001150377562766	4.7680429363908835e-09	1.3233685369154849e-08
13501.514519028646	-14.474100414510758	209.4995828093405	182290894.3075413	21382.1148334578	59.58931358188056	3550.886293159695	457194834.75117606	13749.116251627604	-27.298011308836067	745.1814214173418	189038197.7007703	15848.822682310303	14711.866416197558	0.941673	18.863928	0.1373869149988226	0.1047076519367627	0.1561336416	-0.0275336243	-0.0124117225	0.0286659397	0.1884583918	0.0286051132	0.1846205113	-0.0906353957	0.0421582204	0.0756868108	-0.1020107993	-0.018515188	-0.1727818563	0.1758982871	-0.0582730647	0.0741439059	-0.0517504107	0.045265071	-0.0136657859	0.0080768974	-0.0712042007	-0.14186993	0.0438047957	-0.0109737771	-0.0385897888	0.0858482002	-0.1823668417	0.0432311304	0.0509637906	0.1053942967	-0.0263014362	-0.1000022222	0.0573523623	0.1269470648	0.0386582994	-0.1614125021	0.0078282186	-0.0577867669	0.0783313088	0.0389227899	-0.1206015475	-0.0697857185	0.0718718183	0.0949297223	0.0759621728	-0.0845666783	-0.058484399	0.0543030521	-0.0049988019	0.0544560376	-0.0184622764	0.1309192615	0.0765341726	-0.0553206057	-0.1022044655	0.0750497619	0.0313520179	0.0092844764	0.0221087167	0.0467480077	0.1172505368	-0.1118253155	0.0237829282	0.0958511059	-0.0636308139	0.0123212518	0.0261532012	0.0522278064	-0.0994895413	-0.0072151498	0.0232075877	0.0357725104	0.0574091429	0.0150725762	-0.0240672591	0.1224102548	0.0419779864	0.0109492066825254	0.0059346390860924	0.0001198851269766	3.521994108217564e-05	0.0355488502282099	0.0150795651881026	0.0012637207525476	0.0002273932862622	0.046550809716237	0.1007217137128577	0.0101448636132548	0.0021669778852373	0.0003250045967173	-0.0001910019844487	1.0562798788737485e-07	3.6481758063379635e-08	-0.0002829946390219	-8.501292689790002e-05	7.227197739747693e-09	8.00859657151355e-08	3.204598802192176e-05	-3.700502888869935e-05	1.0269453483011526e-09	1.3693721630534732e-09
13543.355600748808	41.84108172016204	1750.676119513278	183422480.9283341	21449.37827435662	67.26344089881968	4524.370481549008	460075828.35644174	13798.370427637925	49.25417601032132	2425.973854455712	190395026.4583128	15851.133387752465	14888.102971590482	1.03044	20.642139	0.1819183985340792	0.1197826677324263	0.1175939568	-0.1173166397	0.080796801	-0.0194096602	0.1066088913	0.0949217738	0.1461182977	-0.0753877884	0.0344899814	0.1802660173	0.1163184232	0.1128698716	-0.2032904701	0.1795603304	-0.1282441185	0.094215098	0.1469577123	-0.0034244561	0.0083020434	0.0265385488	0.038844952	0.1661827953	0.1386277684	-0.1696789414	0.1487447421	0.1811784625	-0.2278353379	-0.0258616404	-0.0644710255	0.0220960629	-0.0518729054	-0.1375451072	0.0990950044	0.0997603519	0.0837695557	-0.149935747	-0.0188016299	0.0231721932	-0.0805429199	-0.2615430494	0.0066725557	-0.025592166	0.0179204358	0.0026198043	0.1907828739	-0.0169302954	-0.034528465	0.0870250337	-0.0945229665	-0.2031852222	-0.0407811564	0.1699573465	0.0282032479	-0.1178842306	0.1023558115	0.090197282	0.0318332145	-0.0259973178	0.0772479042	-0.0515074789	0.0330347323	-0.0417757784	0.1332369579	0.0784357436	0.0830277521	0.0666089219	-0.2122794664	0.1768393424	0.165118549	-0.0728866468	0.1449706722	0.0510558479	-0.1121567168	-0.2925806275	0.1135681518	0.1189108618	0.0309673479	0.0031882072914157	-0.0077609993911097	1.0164665733036231e-05	6.023311154880514e-05	0.0096911887134041	-0.0258576615148058	9.3919138678811e-05	0.0006686186590142	-0.071844554146395	-0.118395363862632	0.014017462184165	0.0051616399604942	-1.803153270861354e-05	-0.0003430361294259	3.2513617182179993e-10	1.1767378609151213e-07	-0.0002829978192804	-3.180258499959915e-09	1.0114044126567292e-17	8.008776571746192e-08	-0.0002230021776043	-0.0002550481656262	4.9729971216259764e-08	6.504956678930064e-08
13544.999285967628	1.6436852188198827	2.7017010985669656	183467005.65686357	21343.26251819087	-106.1157561657492	11260.553706628738	455534854.9204113	13761.225851176698	-37.14457646122719	1379.719560483953	189371336.92709383	15829.00596591474	14750.662834460918	1.066012	21.354744	0.1508211865037995	0.1165038575424797	0.0647922776	-0.1826560191	0.1293126617	0.0593760014	-0.0348683764	0.0415438959	0.1062438188	-0.0590377642	-0.0851925575	-0.0991311149	0.0525934591	0.0486794766	0.0291089757	0.080306406	-0.0539154316	0.1809231034	0.1587790319	0.093665158	-0.112352568	0.0599558993	-0.023795882	-0.0355437807	0.0086935851	0.1766441337	-0.0649521322	0.0544645594	0.1244255004	-0.0304520828	0.1053121278	0.0162488413	0.0629532914	-0.1648158798	-0.0568988971	0.0420709915	0.0687726418	-0.1211284085	0.1728476102	0.0314453065	-0.0698945934	0.0005380777	0.0087384484	0.180755228	0.1477839955	-0.04236469	0.0769084616	0.0950102852	-0.0956808305	-0.0402338143	-0.0753098244	-0.04436525	0.0462569931	0.099672179	-0.0582984524	-0.23244733	0.0226972368	-0.0391373467	0.1087517869	-0.0684608724	0.0660923108	0.0559975543	0.0447045722	0.0965549034	-0.0827236799	0.1001972477	-0.1256717613	0.0222718676	-0.032016923	-0.0942520846	0.1778940243	-0.1156793598	-0.1398390344	0.0538131752	0.025784826	-0.0408938422	0.1256200665	0.1152490509	0.0197875765	0.0047773523122174	0.0015891450208017	2.2823095115048936e-05	2.5253818971388358e-06	0.0215659567036823	0.0118747679902782	0.000465090488545	0.0001410101148229	0.046162416546764	0.1180069706931589	0.013925645132176	0.0021309687014369	0.0003039753883352	0.0003220069210438	9.240103671353565e-08	1.0368845720011677e-07	-0.0002180341861772	6.496363310319999e-05	4.220273625967181e-09	4.7538906341953914e-08	-0.0002229666757601	3.5501844199994053e-08	4.971413849950957e-08	1.2603809416006509e-15
13526.304297828354	-18.69498813927385	349.50258152758977	182960907.9574498	21497.40247778799	154.13995959711974	23759.127144601705	462138313.2920052	13757.132098162616	-4.093753014081813	16.758813740303925	189258683.56629613	15870.251014612406	14900.019194969764	1.028825	20.609789	0.0760953257637803	0.0356930379880018	0.0340585328	-0.1335622493	0.0602132984	0.2334372327	-0.0823182737	-0.1126230731	0.1934977294	0.043265231	-0.0635067572	-0.095701696	0.1249633083	-0.1554848399	0.2037957419	-0.1155943577	-0.0021985365	0.2351206525	0.1094328058	0.0181063741	-0.0695270536	0.0586590562	0.2535697767	0.0646988003	-0.0964636533	0.1787065175	0.0229475586	0.0367334243	-0.1190674718	0.024721426	-0.093953633	0.0793281914	0.3184607638	0.0987042707	-0.0847327655	-0.0569428243	0.2097354627	-0.0561936573	0.1807016725	0.06634959	0.0427967126	0.1409375223	-0.0111404524	0.1599030641	-0.0034333368	-0.2868917654	-0.130065466	0.1117011677	-0.1319075642	-0.120659248	0.1675594559	-0.1376533347	0.1628479039	0.0439555939	-0.2517603626	-0.2665689028	-0.0153435459	-0.0641660918	0.0732868174	-0.0981007542	0.0184527939	0.0381258581	0.0668800028	0.114709231	-0.0928271774	-0.0170917872	-0.2402990441	0.1700524541	0.000448804	-0.330262731	0.1436752131	0.0712394213	-0.2334872011	-0.0648601351	-0.0337495603	-0.1441357244	-0.1347853881	0.1114298236	0.0084997322	-0.0067487133400447	-0.0115260656522621	4.5545131746097286e-05	0.0001328501894202	0.0019527242191372	-0.0196132324845451	3.8131318760049873e-06	0.0003846788884928	0.0646729927375133	0.0185105761907493	0.0003426414309135	0.0041825959896264	-9.902287849767732e-05	-0.0004029982668328	9.805530465965764e-09	1.62407603070303e-07	-0.000282991990987	-6.49578048098e-05	4.219516405708076e-09	8.00844669627863e-08	-0.0001620137186783	6.095295708180001e-05	2.6248445039971333e-08	3.715262977015754e-09
13516.64874098166	-9.655556846693798	93.22977801973548	182699793.1870811	21439.86835793888	-57.53411984910781	3310.1749468115013	459667955.20574886	13784.041746539837	26.909648377220947	724.12917578567	189999806.87035295	15834.408582536926	14800.173842503476	1.149228	23.021744	0.147442374694264	0.1272923784162732	-0.0859571482	-0.0981616633	-0.2027152903	0.1606925253	-0.1044690056	-0.0981018034	0.1787112159	0.1846974547	-0.0045927649	-0.0598476539	0.2022370481	0.0042229152	0.0574025748	-0.1718143066	-0.1074230249	0.152411724	0.0172626072	0.1260323638	-0.0389443181	-0.018274583	0.2360255737	0.0841690678	-0.0694090076	0.0812232918	0.050363773	0.0253731351	0.0575034143	0.0254120789	0.2566511847	-0.0872330814	-0.050046958	0.062548307	0.0090028258	-0.151965882	0.2564879468	0.022000949	0.0318100072	0.0146721655	0.0159882471	-0.0909239967	0.0181294963	-0.0631579217	-0.169179144	-0.0492550033	0.1062235175	0.1698996082	-0.0950689225	0.116986078	0.0071080094	0.025351646	0.2449203668	0.0837534376	-0.2726525492	0.0008192046	0.059156044	-0.0755510614	0.0053986097	0.0128476833	0.0216936786	-0.0402581135	0.2195690574	0.0208415043	0.0625394827	-0.1193510492	-0.1368750188	0.1755560698	0.134248001	-0.0406260591	0.0200543959	-0.0687548763	0.1001894058	0.1239372262	-0.1132583937	-0.0474989837	-0.1892206737	0.1074583966	-0.0028345346	0.0065186951058251	0.0132674084458698	4.249338588270811e-05	0.0001760241268695	0.002848961208997	0.0008962369898597	8.116579970369647e-06	8.032407419929551e-07	-0.0603540094677441	-0.1250270022052574	0.0156317512804334	0.0036426064588325	4.997929646406238e-05	0.0001490021749617	2.497930075042638e-09	2.2201648143328893e-08	-0.0002830038124208	-1.1821433800005433e-08	1.3974629708791088e-16	8.009115784470735e-08	-0.0001459931740083	1.6020544669999992e-05	2.1314006857017765e-08	2.566578515234652e-10
13514.053128115658	-2.5956128660018294	6.737206150154231	182629631.9495326	21329.70744533165	-110.1609126072326	12135.42666645834	454956419.7034364	13762.109938633295	-21.931807906541508	481.0041980494366	189395669.96302933	15820.252750930593	14666.349108475904	1.110514	22.246216	0.0392522931441738	0.021425666027723	-0.0671329101	0.119159324	-0.1919204252	0.0706221841	-0.0410375772	0.0223423603	0.0247792694	0.1292536777	0.1576455342	-0.0737018164	0.0886036838	0.1197022765	-0.0687751788	-0.1540595389	-0.0711325354	-0.0276686799	-0.110249143	0.0719584796	0.0410924757	0.0500167627	-0.0645675982	-0.0856775342	-0.1314244832	0.1571271431	0.1659268778	0.0544702011	-0.1640696652	0.0278640954	0.0467557256	0.0525859994	-0.0193584412	-0.067315518	-0.0302134193	-0.0987797681	0.1328402826	0.0847411257	-0.0713017919	-0.1916321589	0.0119919278	-0.1512987986	0.1635115227	-0.0192165306	0.1256985212	-0.0367427402	0.0889055588	-0.0415287237	-0.2883642743	0.0407904217	-0.0072320904	0.0390242533	0.0271073794	0.111498024	-0.1409915751	0.1809327635	0.0676517459	-0.1019684741	-0.1440550948	0.050513207	0.003781265	0.0782908392	0.2461225396	0.0940003813	-0.0862447267	-0.0042411154	-0.1357010299	0.0404894948	-0.2390946262	0.1029150293	-0.0446419893	-0.1534850381	0.1814674336	0.1258580899	0.144582265	0.0974694567	-0.0309485386	0.1033401944	-0.0141533203	-0.0112754775311003	-0.0177941726369254	0.0001271363935543	0.0003166325798327	0.0012078134858484	-0.0016411477231486	1.4588134165972631e-06	2.6933658491958336e-06	-0.0725706476598304	-0.0122166381920863	0.0001492462487163	0.0052664989017672	8.981876805390907e-06	-4.099741965867148e-05	8.067411094721916e-11	1.6807884186692223e-09	-0.0002040006592869	7.90031531339e-05	6.241498205098453e-09	4.1616268989489866e-08	-0.000177999293056	-3.200611904769998e-05	3.1683748328435775e-08	1.0243916564955432e-09
13543.156956396091	29.103828280432936	847.032820576928	183417100.34557983	21480.752807617188	151.04536228553843	22814.70146796956	461422741.18195367	13755.006510416666	-7.103428216629254	50.45869242880467	189200204.10160488	15835.330530064706	14888.512288460364	1.17489	23.535818	0.0413544453428052	0.0198806052933486	0.1684950731	0.0309081796	-0.1274626547	-0.0666577085	-0.2038078488	-0.022287484	-0.0464765397	0.1237166974	0.1532992109	0.046802329	0.2624542648	-0.0398012337	-0.0139280666	-0.1051287122	-0.0511419537	0.1875491866	-0.1891841698	-0.0490029897	0.2110365889	0.0282918284	0.0199142045	-0.2070205943	-0.082264006	0.0661135238	-0.0195106797	-0.0138935585	-0.05852935	-0.049815401	0.0074932552	0.0527739094	-0.0279902929	0.0626789812	0.1450065232	-0.0855345279	0.1731007941	-0.0250933057	-0.1024643999	-0.1178676386	-0.3297754738	0.0648448641	-0.0875353872	-0.0209377234	0.0560877188	-0.081423226	-0.038991863	-0.1059668075	-0.0865652312	0.0190728387	0.1438612944	0.0898363905	-0.01353254	0.0798609721	-0.1984542192	0.0394821094	0.0843662607	0.1712430633	-0.0835213573	-0.0540999549	0.0796999329	-0.014934379	0.1413111741	0.0837306661	0.0224164508	-0.1677276207	-0.1200396035	0.0467788984	0.1726604942	-0.0230168731	0.1416635206	-0.0560995576	0.1867551543	-0.3319091881	-0.024821808	0.2373991386	0.05147129	0.0990808418	-0.0253948054	0.0064446201267003	0.0177200976578006	4.1533128577470594e-05	0.0003140018610019	0.0035341072625953	0.0023262937767469	1.2489914143528844e-05	5.411642735731356e-06	-0.062911364179655	0.0096592834801754	9.330175735038948e-05	0.0039578397429451	3.695697332783718e-05	2.7975096522446274e-05	1.3658178775544687e-09	7.826060254401855e-10	-0.0002830056581366	-7.900499884969998e-05	6.2417898432410946e-09	8.00922025373301e-08	-0.0003039946062455	-0.0001259953131895	9.24127206263566e-08	1.58748189457202e-08
13570.611833020335	27.454876624244207	753.770250452471	184161505.52251157	21323.987104827283	-156.76570278990403	24575.485571212525	454712426.04684025	13803.979835792825	48.97332537615876	2398.386598399115	190549859.3069749	15899.298282846545	14628.356010290292	1.414937	28.34453	0.0589360848075837	0.0356563547548989	-0.1760737935	-0.1082298545	-0.0634562211	-0.092494568	0.049175652	0.2336347235	0.0587455213	0.1929547365	-0.0833090394	-0.0981650658	-0.1189149314	-0.0958215615	0.0656864458	-0.0525872896	-0.2323277146	-0.0639085631	0.0612543956	-0.0853508247	0.3309478669	0.0381827085	0.0954822111	-0.2439933282	-0.1108155023	-0.1403821984	-0.1050237289	-0.0716971322	-0.0212104214	0.1586311275	-0.0687106604	0.0083037932	0.0006081034	0.1176645616	-0.1282417263	0.1838211857	0.094037871	0.1986919864	-0.0024955339	0.0959772703	-0.1913886261	0.0088598712	-0.1971348546	-0.1319922303	-0.0620264074	-0.0746041002	-0.2053730159	-0.2137958445	-0.3656806308	-0.059824223	-0.3418412499	0.0922373923	0.0930902022	0.1262271824	0.0136111293	0.0472149873	0.2502254394	-0.1116163817	0.0823637606	-0.0470115513	-0.0612913961	0.3438400388	0.1965213128	0.128676435	-0.0226451786	-0.2869505354	0.3387780293	0.1984990475	0.0308947236	0.1372840032	-0.1004386595	0.0232661179	-0.1721040137	-0.0373773537	0.0300340218	-0.1418124752	-0.0673126386	0.0946861568	-0.0364975928	0.0085532108646049	0.0021085907379046	7.31574160943953e-05	4.446154899977065e-06	-0.0224562572086028	-0.0259903644711981	0.0005042834878189	0.0006754990453457	-0.0669446685626269	-0.0040333043829719	1.6267544245700385e-05	0.0044815886489599	0.0003089943277868	0.0002720373544589	9.547749460441643e-08	7.40043222210314e-08	-0.0002830064284211	-7.70284500030069e-10	5.933382109865733e-19	8.00926385276672e-08	-3.9956226678779976e-05	0.0002640383795667	1.5965000504060487e-09	6.971626588421933e-08
13557.97577285124	-12.6360601690958	159.67001659700935	183818707.0572212	21530.181116440715	206.19401161343197	42515.970425240106	463548698.9067404	13801.334551022375	-2.645284770449507	6.997531516772101	190476835.389244	15871.243881575025	14944.177295978252	1.256988	25.180447	0.161726689314369	0.118597440987483	-0.0832449582	0.103294787	0.212689709	-0.0160638898	-0.0638341126	0.0342892753	-0.1406547672	-0.0532045429	0.0106583543	-0.208574655	0.1059662872	-0.2163397717	-0.1664425415	-0.0452987892	-0.0416791852	-0.0746510513	0.0554611725	0.182554332	-0.0317963399	-0.0328430097	-0.1284070829	-0.1331102835	0.0433843348	0.0061772626	-0.0561713437	0.0161058484	-0.1567467523	0.0630312929	-0.0945396067	-0.0954097024	-0.1972111061	0.1087533982	0.007709665	0.0004197265	-0.0840758189	0.1229202864	0.1342214581	-0.0871209611	-0.0970942115	-0.0659797348	-0.1330600901	0.1097376357	0.111637074	0.0442231236	0.1147581451	-0.0420750298	-0.2089071596	-0.0994836155	0.0235510268	0.0950806255	-0.1076397335	0.0602777543	0.0510413313	-0.0721189515	-0.0026742762	-0.1487721293	-0.1628162659	-0.0774297034	0.1647343222	0.1606431574	-0.0136889725	0.0235837695	0.0102207883	0.2133598464	-0.0012742575	0.1915938575	0.0098004322	0.1496870724	-0.1853661722	0.2877502182	0.0891917947	-0.0304491203	-0.1185281436	0.2576801595	0.0465154078	0.0901621419	-0.0474010431	0.0045855278362694	-0.0039676830283355	2.1027065537201524e-05	1.5742508613341567e-05	-0.0048964963755224	0.0175597608330803	2.3975676755504e-05	0.0003083452005149	0.0439070250130413	0.1108516935756682	0.0122880979685938	0.0019278268454958	-9.900037152422536e-05	-0.000407994699311	9.801073561934652e-09	1.6645967466589406e-07	-0.000137999408297	0.0001450070201241	2.1027035885271143e-08	1.9043836690322117e-08	-6.006908568207069e-06	3.394931811057291e-05	3.6082950546799495e-11	1.1525562001728735e-09
13543.252147199444	-14.723625651795372	216.78515233420677	183419678.7226224	21404.69975490196	-125.48136153875384	15745.572093619452	458161171.5975001	13757.253074363423	-44.08147665895194	1943.1765844337249	189262012.15208188	15840.281641215162	14826.829660122212	1.214097	24.321234	0.0587166902380396	0.0338476489127774	0.1836702049	-0.0115496288	-0.0144638013	-0.0612993762	0.0090252703	-0.0116988312	0.0462813048	-0.0454849672	0.0305727327	0.0991985024	0.047726791	0.0401799088	-0.0620894477	0.1366602435	0.1373848414	0.0851486289	-0.1141085837	-0.0411054864	0.009528434	0.0248895866	-0.0891146558	-0.0800144706	0.0183347274	0.0073840574	0.0118872962	-0.1036473116	0.0175674616	-0.0243830211	-0.165178451	-0.0081479587	0.1786454814	-0.0189644887	0.0398953107	0.0105468525	-0.0442121443	-0.1579636191	-0.0691514928	-0.0296971302	-0.0621738914	0.0814641458	-0.0854169214	-0.1106313051	0.1700476387	0.0591407797	0.0502404929	-0.034864442	0.0082674645	0.0406999442	0.0102287975	0.1385687796	-0.0287984563	0.0489085279	0.066413384	0.0322479858	-0.0924766378	0.1340163282	0.029289391	-0.0094105334	0.1255814926	0.0969979232	0.0038266043	0.0533198994	-0.1670841849	0.1041647255	0.0001559329	0.1162446613	0.1995865975	0.0822493077	-0.1243455015	-0.0959200705	-0.1350235724	0.0252687342	0.0131923546	-0.0303573434	0.0943687983	0.0855149763	-0.0580456054	0.0208548951574556	0.0162693673211862	0.0004349266520284	0.0002646923130316	0.0230127851521189	0.0279092815276413	0.0005295882804575	0.0007789279953891	0.0429178991496712	-0.00098912586337	9.78369973587642e-07	0.0018419460674213	-0.000193996163812	-9.499579228777463e-05	3.763451157377234e-08	9.024200552382026e-09	-0.0002830024798652	-0.0001450030715682	2.102589076421253e-08	8.009040360985295e-08	2.4972538092659315e-05	3.0979446660866384e-05	6.236276587893204e-10	9.597261154134651e-10
13535.683855883875	-7.568291315568786	57.2790334373139	183214737.44643536	21423.534411860448	18.83465695848645	354.744302743862	458967826.6961688	13794.206842869888	36.95376850646426	1365.5810068293497	190280142.42387843	15870.050505582309	14768.734439556416	1.161922	23.276039	0.0310645805217037	0.0171385035130814	-0.1047042106	-0.1298188818	0.09150576	-2.75693e-05	0.0263140178	0.0586052865	0.0117762938	-0.0394227734	-0.1656893981	-0.0160272028	-0.0226083162	-0.1254521071	0.0492373955	0.0464220922	0.0417448038	-0.0607671233	0.1318910858	-0.0531440984	-0.033412551	0.0154583444	0.0472357392	-0.0203276622	0.1108011686	0.0091561238	-0.0137784437	-0.1264502898	-0.0624801591	-0.2198059989	-0.1155641984	0.1410683609	0.0939108933	0.042801983	0.0694590241	0.0609347035	-0.027477454	0.0318923535	0.0547311616	0.1475445197	0.0002553715	-0.0555370066	-0.1448197514	-0.055157479	-0.0082184402	-0.1417697039	0.0354573579	0.0141614591	-0.0455492686	-0.0466055383	0.1457983324	-0.0643054414	-0.0501048679	0.0338787213	0.078518337	-0.0843767983	-0.0085866463	-0.1056672437	0.1310793592	-0.1299847474	0.0876678523	0.0350252587	-0.1329178553	0.1102856713	-0.0005185414	-0.010241964	0.2027264686	0.0434382733	0.203415907	-0.0169687585	0.0095348338	-0.0689383957	-0.0830263189	0.2386982749	-0.0280229572	-0.0121411505	0.2186463051	0.0807510076	-0.0683731426	0.0161379917016262	-0.0047169034558294	0.0002604347761617	2.2249178211615336e-05	0.0128056809696914	-0.0102071041824275	0.0001639854650975	0.0001041849757909	0.0449099385844959	0.0019920394348246	3.968221109896703e-06	0.0020169025836631	-9.902307437301594e-05	9.497308943898406e-05	9.805569258283846e-09	9.019887717585269e-09	-0.000282991652003	1.0827862200011184e-08	1.1724259982243107e-16	8.008427510338705e-08	-0.0001630142135786	-0.0001879867516712	2.6573633828649413e-08	3.5339018803911726e-08
13507.775207448654	-27.90864843522104	778.8926574807657	182459991.0549645	21414.418909409465	-9.115502450982603	83.09238493386985	458577337.2276737	13801.008341471354	6.801498601465937	46.2603832257431	190467831.2413619	15870.104084354623	14788.803023558396	1.056604	21.166269	0.0458430383740743	0.0323130936419711	-0.0577299091	0.0910718455	0.1819704256	0.1017948445	0.0625640722	-0.0813024056	-0.0443819357	-0.1146188641	-0.0251896059	-0.145832629	-0.1600548405	-0.0829175418	-0.0071918168	0.0298585229	0.0620572575	-0.0789319761	0.1126754123	0.1174639599	-0.1604610483	0.1537933842	-0.0082299725	0.0151592701	0.0778899529	-0.1306050913	0.0448256472	-0.0813284695	-0.1241393141	-0.0393036328	0.069984991	-0.025289864	0.0174099547	0.1232103526	-0.1233071493	-0.000855475	-0.1140680257	0.0274742815	0.1982133088	-0.0462045217	0.0677366244	-0.0530363174	-0.1515536625	0.0083729862	0.1613902723	0.0147348	-0.0110839607	0.0288758421	0.1009207963	-0.1907856593	-0.0306099339	-0.0622924676	-0.0283704118	0.0055180526	0.0509339963	-0.105633515	-0.1732274982	-0.1571214337	-0.0928956513	-0.1422009999	0.1582137892	-0.0159035841	-0.0100494993	0.0255157981	-0.0909674629	0.1426009972	0.0461827135	0.0685374881	0.0353100349	0.050019672	-0.0321681466	0.0370051322	-0.1436212762	-0.0014340521	-0.0808700084	0.0328549262	-0.0207453101	0.0758767427	-0.0783272495	0.0155403970589844	-0.0005975946426417	0.0002415039407508	3.571193569141796e-07	0.0222922299555108	0.0094865489858194	0.0004969435163893	8.999461166035108e-05	0.0733194206182048	0.0284094820337089	0.0008070986694236	0.0053757374397892	-0.0002300206383578	-0.0001309975639847	5.290949407052981e-08	1.716036176994759e-08	-0.0002829827418111	8.91019190000326e-09	7.939151969488372e-17	8.007923216292768e-08	-0.0001470324335172	1.5981780061400004e-05	2.1618536505989836e-08	2.5541729393096266e-10
13504.298075686753	-3.4771317619015463	12.090445289624553	182366066.5169969	21387.65833476945	-26.76057464001497	716.1283550638121	457431929.0448331	13740.331362123845	-60.67697934750868	3681.6958227379946	188796705.9409641	15843.399562224176	14701.92091171558	1.124416	22.5247	0.0527741105323251	0.0273416436200145	0.1300979299	0.0746241501	-0.0489063061	0.0486154946	0.1367783974	-0.0371886135	0.0719399124	-0.1104342306	0.1227710584	0.0797880922	-0.0968473545	0.0547252284	-0.0331522276	0.1444267872	0.1321779531	-0.0121682381	-0.0093101235	0.0209803362	-0.1307482915	0.2561867177	0.077806338	-0.0609714545	0.0801449868	0.0688466634	-0.2181760392	-0.0195406203	0.0045406186	0.0039348583	-0.0085772362	-0.0641400774	0.0538827296	-0.009633505	-0.0237758443	0.0411724905	-0.075985627	-0.1580336482	0.0234688848	-0.0606804093	0.0964486694	0.0845535286	-0.1093832581	-0.2278701715	0.107199903	-0.1859055083	0.0962385439	0.1813723652	0.0662237733	-0.171851237	-0.0269993738	0.1273617653	-0.0509781975	0.0324671894	0.088951464	-0.0080571208	-0.1648392101	0.035467795	-0.0629918785	-0.12013446	0.0949562644	-0.1091057194	-0.0216957938	-0.090050829	-0.1530147366	0.1418050188	-0.0344474344	0.0866080318	0.1879913521	-0.0877907984	-0.1624442345	-0.1113692436	0.121089366	-0.0587281625	0.0119104136	-0.2070233811	-0.140069107	0.0708988393	-0.0878535601	0.016232756660699	0.0006923596017146	0.0002635023888054	4.793618180863996e-07	0.0084834374831359	-0.0138087924723749	7.196871153027516e-05	0.0001906827495451	0.0709701603725392	-0.0023492602456656	5.519023701864818e-06	0.0050367636633039	-0.0006099725127004	-0.0003799518743426	3.720664662500397e-07	1.4436342681645494e-07	-0.0002830584736992	-7.573188810002658e-08	5.7353188751949446e-15	8.012209953292071e-08	0.0001914139245035	0.0003384463580206	3.663929049383159e-08	1.1454593725747583e-07
13548.424353645409	44.12627795865592	1947.1284064845631	183559802.466452	21483.70424038756	96.04590561810984	9224.81598600286	461549547.88844645	13805.2020489728	64.8706868489553	4208.206012255222	190583603.6129628	15856.45075037522	14836.555956767155	1.110667	22.249287	0.2014382962777229	0.1269110887749815	0.1044339256	-0.074070242	-0.039264514	-0.0464550213	0.1104841964	0.0442192966	0.1238791409	-0.0670594297	0.0302714509	0.2990221123	0.1278149462	0.142546199	0.0299350216	0.1449388207	-0.0096783569	-0.0481504113	-0.0157550535	-0.1204194783	-0.0591424213	0.1816522996	-0.0857500632	0.0830473439	-0.0210228921	0.2397652402	0.0241572578	0.2414955011	-0.2585149081	0.0285246192	0.0476378744	-0.1232431679	0.0246015241	0.0675149325	0.0291951428	0.0356568198	0.0067605857	-0.1639644914	-0.1540066647	0.0617483523	0.0147602298	-0.3037131879	0.1014191505	-0.0831688905	0.2179225759	-0.0508311067	0.0017888293	0.1173222196	-0.0840383607	0.1062218807	0.1037898698	0.065760314	-0.0557432885	0.0801715299	0.087544111	0.0793881011	0.0904622701	0.1491969708	0.0524164209	-0.0002100708	0.113338281	-0.0949767427	-0.0626312657	-0.0717556403	-0.0707688721	0.0951285754	-0.0010938709	-0.061795095	-0.0625232624	0.2712656523	0.0965649194	-0.0779934957	0.0595052404	-0.0705933973	-0.0886759583	-0.1906505616	-0.2594362371	0.0658240966	-0.096900045	0.0069902023221004	-0.0092425543385986	4.886292850389783e-05	8.542481070194782e-05	-0.0221400718713056	-0.0306235093544415	0.0004901827824665	0.0009377993251815	-0.0546933802552587	-0.1256635406277979	0.0157913254431142	0.0029913658437463	-0.0013279756970848	-0.0007180031843843	1.7635194520478603e-06	5.155285727861387e-07	-0.0002831272888454	-6.881514619998339e-08	4.7355243465250875e-15	8.016106168894656e-08	0.0001913120848964	-1.0183960709998188e-07	3.6600313827407367e-08	1.0371305574278681e-14
13571.40466065665	22.98030701124117	528.0945103308999	184183024.46329305	21415.70514155369	-67.99909883386863	4623.877442218234	458632426.7099692	13854.521472318673	49.319423345872565	2432.4055191694	191947765.2269392	15896.851223312262	14855.53400872304	1.163848	23.314627	0.0861653037331285	0.0510501876160667	-0.1680699422	-0.0992574694	0.0231925953	-0.0217176688	-0.0158774265	0.0611550105	0.0628616683	0.0952083043	-0.079856816	-0.0224318358	0.0849319082	0.0192699471	0.1264657383	-0.0446223603	-0.1584125402	-0.0592984216	0.1072198966	-0.051845311	0.2439802253	0.2071876289	-0.0749430317	0.1986835556	0.1654526733	-0.1090909964	0.0746265017	-0.0979009217	0.1042443257	-0.0244627487	-0.2794813832	0.1378724369	0.0438303381	-0.0575677146	0.2535654975	0.0142541188	0.0906598861	0.0709248743	-0.0450808618	0.0912633702	-0.0898440912	-0.3024458097	0.0228193886	-0.2658069561	-0.0231042938	-0.129008822	-0.130884446	0.0221418741	0.2130404872	0.0056405511	-0.1084404875	-0.0566577061	-0.0773274178	0.0795158281	0.005862074	0.1374417954	0.2009419109	-0.0639035574	0.0714321974	0.0438775374	0.1512800478	0.0408756556	-0.1791519325	-0.048068482	0.0125744278	-0.0760533771	0.0558467784	-0.0101569339	0.1027094872	0.1015416384	0.102267031	-0.0486895264	0.1601061892	0.0654770035	0.0934236996	0.1824465174	-0.155567399	0.0606594461	-0.1054172954	0.0137055361336422	0.0067153338115418	0.0001878417207105	4.509570820043652e-05	-0.023689954741755	-0.0015498828704493	0.0005612139556664	2.4021369121124685e-06	-0.081004553572356	-0.0263111733170973	0.0006922778413223	0.0065617376994566	-0.0007910200756765	0.0005369556214082	6.257127601232558e-07	2.883213393619735e-07	0.0002109240236127	0.0004940513124581	2.440866993415712e-07	4.4488943736970837e-08	0.0001920834257108	7.713408144e-07	3.6896042432796436e-08	5.949666519592555e-13
13560.79240895401	-10.612251702639696	112.61988620017914	183895090.75874472	21473.63981239469	57.93467084099757	3356.4260854547338	461117206.7924622	13869.544065875773	15.022593557099754	225.67831718181503	192364252.59526983	15910.155519907712	14797.013023963342	1.138275	22.802328	0.0423083604677397	0.0298050524418313	-0.104609078	0.1929530292	0.1492549564	-0.0439612673	0.0918796055	0.0622826789	-0.0706466896	-0.0147958987	0.2138582034	-0.0979640355	0.0379486614	-0.0475388128	0.1887723221	-0.1210615632	-0.1213368215	-0.164666702	-0.0844493821	0.0527450433	0.0460186044	0.1182989205	-0.0947993263	0.0372387589	-0.215128954	0.1042300193	-0.0606964689	-0.0854810257	-0.0668373398	-0.0707312544	0.0694234987	-0.148144601	0.0049264908	0.0280672322	-0.0154461762	0.0208586606	0.0037408737	0.1705785181	-0.0464363686	-0.1802742892	0.0202352142	-0.1775645374	0.0863532481	-0.0225755596	0.0813365221	-0.0653555735	-0.2001506721	0.0427452	0.011500858	-0.0903859638	-0.0194214722	0.0301604335	-0.1037664555	0.0698795016	0.0276980995	0.2024817331	0.0308275002	-0.06301988	-0.1073485138	0.0390481758	0.2204397868	0.1865533581	-0.175331113	0.0166380173	-0.0196485983	-0.0669720004	0.0526851889	-0.0070562734	-0.202972961	-0.0419612355	0.0762226824	0.0263540153	-0.0634328266	0.0825040707	-0.169082288	-0.0672947698	0.0084943938	0.0554119421	-0.1133587932	0.0174640930563612	0.003758556922719	0.0003049945462812	1.4126750141318918e-05	0.0063892837378318	0.0300792384795868	4.082294668252189e-05	0.0009047605875118	-0.0810231444608149	-1.8590888458902555e-05	3.4562113369135615e-10	0.006564749938318	-0.0007080121646578	8.30079110187e-05	5.012812253034238e-07	6.890313291688417e-09	0.0001249319560581	-8.59920675546e-05	7.394635682314891e-09	1.5607993644503033e-08	0.0001920439207446	-3.9504966200002926e-08	3.6880867494958215e-08	1.560642354463373e-15
13534.261171592683	-26.53123736132693	703.90655592307	183176225.46088132	21486.6523772595	13.012564864809974	169.326844360887	461676230.3811913	13800.351594147858	-69.19247172791438	4787.598143818231	190449704.1220993	15907.154230714754	14923.089206988994	1.117685	22.389864	0.0078122693772082	0.0057243890259674	0.0939597117	0.1153251038	0.0505933727	-0.1952548418	0.0940074303	0.0918435923	-0.0681732187	-0.0154164971	0.1460248606	0.1783663969	-0.050649325	-0.0957422125	0.1666461106	0.1003722647	-0.0245209095	-0.0428121273	-0.1806742182	-0.1393773455	0.1224026878	0.262611519	-0.0695556572	0.0692778651	-0.0223736573	0.0648279957	-0.1725046129	-0.0329683833	0.083093728	0.0535083236	-0.0768178801	-0.0279781962	0.0383301147	-0.0623417082	-0.1132769369	0.0900845942	-0.0342392138	-0.010777966	-0.1770780692	-0.0868133302	-0.0229297713	0.0583102067	-0.0795642422	-0.144147632	0.1056280133	-0.0365194345	-0.2833068095	0.2209295046	0.1663179361	-0.1184288142	-0.0094645403	-0.0321918157	-0.1173494248	0.0738413558	0.0682176431	0.159678758	0.021812577	0.1856778294	-0.040354967	-0.0504870271	0.1676229938	0.090969192	-0.0750039093	-0.0117261768	-0.0116703089	-0.0258899799	0.0497482182	-0.1604226107	0.1339889986	-0.1297064783	0.0356947466	0.0329027223	0.0071694896	-0.0049274592	-0.1202582396	-0.0589189675	-0.1217709401	0.0500887521	-0.1206811645	0.0171275037873641	-0.0003365892689971	0.0002933513859861	1.1329233600400257e-07	0.0063950839676323	5.800229800500059e-06	4.089709895306768e-05	3.364266573860896e-11	-0.0809546549311051	6.84895297098087e-05	4.6908156798707695e-09	0.0065536561550142	-0.0007650036906409	-5.699152598310001e-05	5.852306466941979e-07	3.2480340338823635e-09	3.3926603120182364e-05	-9.100535293791763e-05	8.281974263354957e-09	1.1510143992743675e-09	0.0001920129926916	-3.092805300002033e-08	3.6868989362384436e-08	9.565444623720668e-16
13512.053010645015	-22.208160947668148	493.2024126775326	182575576.56248105	21390.21526261872	-96.43711464077931	9300.117080238815	457541308.9811669	13784.953857421877	-15.397736725981304	237.09029628263343	190024952.8512503	15901.256487431418	14721.506808060863	1.160624	23.250048	0.1551268413802498	0.1311721416593826	-0.0958337059	-0.1611304007	-0.0533920645	-0.0983735672	0.1032328578	0.0790609284	0.0777843259	0.0928245953	-0.1357620974	0.0494258821	0.023247313	0.0137576566	0.0426128266	-0.0656641145	0.0025580289	-0.0953648686	0.1455652994	-0.1404150529	-0.0426966698	0.087169282	-0.0960451303	-0.1284684038	-0.0404174603	-0.026756666	0.1143503543	-0.0145867244	0.0858116338	0.084544917	0.1098172751	0.1104400067	-0.0624238704	0.0700177493	0.0064694438	0.0858725011	0.0433883079	0.0619021602	-0.0648481079	0.195729741	0.1379596425	0.0415821993	0.0594584388	0.1043586448	0.1806303704	-0.0401531568	-0.0509265216	-0.0199325036	-0.0053671893	-0.0542982061	-0.0345456748	0.0285965162	-0.0586083247	0.0147448717	0.0194038054	0.0690263779	-0.0275797218	0.0415259708	0.2580484778	-0.0929678988	0.071133754	-0.0402423568	-0.0524395756	-0.0382822971	-0.1234645033	-0.0353402004	0.0777533257	-0.0251625746	-0.0974645812	-0.0396003628	-0.143911417	0.1155534077	0.0679955493	-0.006155703	-0.0757215565	0.1090356764	-0.0697901396	0.0446971468	-0.1273444172	0.0248392007155331	0.007711696928169	0.0006169858921865	5.94702695119312e-05	0.0066579071040422	0.0002628231364098	4.432772700605559e-05	6.907600103233668e-08	0.0511999357659505	0.1321545906970556	0.0174648358423062	0.0026214334224374	-0.0005970006506334	0.0001680030400075	3.564097768567029e-07	2.8225021451761657e-08	2.697994825662242e-05	-6.946654863559942e-06	4.8256013793421e-11	7.279176079300231e-10	6.700807519035326e-05	-0.0001250049175012	4.4900821407160355e-09	1.56262293994935e-08
13526.400782113196	14.347771468181236	205.85854610315556	182963518.1183525	21319.54380648744	-70.67145613128014	4994.454711715453	454522948.11673695	13806.558027102625	21.604169680747876	466.7401475945457	190621044.55575192	15876.77759907264	14635.767069303072	1.046231	20.958477	0.0537220902515072	0.030499127930239	-0.1528341527	0.0936905142	-0.0129914093	0.0251910447	0.1242223903	-0.0019943954	-0.0538157215	0.1110044961	-0.026153084	-0.0794283141	-0.1010655796	0.0715625784	0.0940014407	-0.0560750579	0.0140532369	-0.1466804876	-0.0610208857	-0.0341671761	-0.2155362196	-0.014829133	-0.1164933252	-0.0778653736	-0.0305183799	0.1483090165	0.115945417	0.019078856	0.0153282852	0.0833471614	0.0849922479	0.1958236714	-0.0814823769	-0.0904455304	0.0055889512	-0.0336463498	-0.0157846436	0.1422073372	-0.0307724795	-0.0123930396	0.1530771504	0.0013651535	-0.0099982611	0.023193793	0.2596799773	0.0792900013	0.069060091	-0.0678150715	0.0724209537	0.0299802781	0.0753046409	0.1168821811	0.0741802965	-0.0132100149	-0.00110461	0.1467922158	-0.1611960467	-0.1096617621	0.017847329	-0.1641590309	0.0204743356	-0.0499458438	-0.1155932474	0.044108985	-0.1449520454	0.0206193821	-0.004781386	-0.0897508714	-0.0586337499	0.1015991717	0.094339997	-0.0330961076	-0.0963634175	-0.0512314514	0.0005443438	0.1054384412	-0.0498285053	0.0392444906	-0.1333121588	0.0162238437387856	-0.0086153569767475	0.0002632131056605	7.422437583679182e-05	0.0004568655048728	-0.0062010415991694	2.087260895426785e-07	3.845291691462939e-05	0.0766544574062919	0.0254545216403414	0.0006479326719386	0.005875905840253	-0.0006110016017561	-1.4000951122700035e-05	3.7332295734851995e-07	1.9602663234023543e-10	-0.0001369925598171	-0.0001639725080737	2.6886983403986963e-08	1.876696144524172e-08	-2.404186631820368e-05	-9.104994150855694e-05	5.780113360623764e-10	8.29009184871164e-09
13513.324123124585	-13.076658988611598	170.9990103044365	182609928.8566208	21487.17113539752	167.6273289100791	28098.92139752784	461698523.4018603	13755.435668945312	-51.12235815731219	2613.4955035645044	189212010.44249296	15862.064185688514	14755.268711090088	1.048415	21.002224	0.0449397625978729	0.0259343808106997	0.0402699429	0.1503077312	-0.0839095577	-0.1129047777	0.0760668108	0.0135393162	-0.0843944147	0.0114251433	0.117293116	0.0229312618	0.0866762153	0.008636393	0.0361022682	-0.0600687866	0.0949368627	-0.0340013486	-0.2303992954	-0.0337053661	0.0994916841	0.071320347	0.0601823025	0.0328303079	0.0114472141	0.1133002047	-0.0820287592	0.1565016376	0.0659726934	0.0570566646	0.0770510405	0.2536501299	-0.0521548613	-0.0528491166	0.0404021575	-0.0464888043	-0.0471163518	0.035426754	-0.1463110525	-0.0926987516	0.0652625204	0.1996081873	0.0035742346	0.0102593245	0.1025420909	-0.1886823377	0.019697122	0.1719828093	-0.1069962128	0.1030668876	0.1043517618	-0.0552350318	-0.1070853406	-0.0215951466	-0.003935251	0.1269989352	-0.1839707995	0.0403759006	-0.0293419045	-0.177084188	0.0681712479	-0.0492812575	-0.052015406	0.1399576317	-0.0235986337	0.0040845456	0.0219625107	-0.159341494	-0.0818745017	-0.2044051988	-0.0194911815	0.0914130361	0.0423088247	0.2015850324	0.3116538049	0.1345906683	0.0007499809	0.0337382312	-0.1385517956	0.0243175814343885	0.0080937376956028	0.0005913447668181	6.550858988522332e-05	0.0065667734955781	0.0061099079907053	4.312251414222702e-05	3.733097565488448e-05	0.0765695887061781	-8.48687001138021e-05	7.202696259006472e-09	0.0058629019146332	-0.0009680004756403	-0.0003569988738842	9.370249208398472e-07	1.2744819595458698e-07	3.897286080833951e-05	0.0001759654206254	3.0963829255887846e-08	1.518883879586206e-09	5.6018803401175086e-05	8.006066971937877e-05	3.1381063344995052e-09	6.409710835915452e-09
13504.653832556292	-8.67029056829233	75.17393853861894	182375675.13717732	21386.71228984758	-100.45884554993972	10091.979649226643	457391462.5687175	13791.893696349343	36.45802740403087	1329.187762193066	190216331.7314008	15872.135802135515	14695.828324391292	1.023718	20.507483	0.0446707185362886	0.0199035757733368	0.0656128689	-0.0405596094	-0.1286255365	-0.1396898133	0.0063319034	-0.01221455	-0.0341638359	0.1575649643	-0.0379058613	0.2129992142	0.0232973508	0.0550313702	-0.0631586906	0.0102053665	0.0551798238	0.1090301274	-0.1044166231	-0.2236480867	-0.0244574439	0.0089148547	0.0077695242	-0.1922176361	0.1901979098	0.1018166663	0.2468229848	-0.0213319285	-0.0760672136	-0.1220183523	0.0257818692	-0.0106572482	-0.118234123	0.0037777137	0.1384922776	-0.0416007306	0.0789999712	-0.0603327218	-0.1860975775	0.1023012972	-0.0307331199	0.156761912	-0.0306410997	-0.0237857184	0.2357046663	-0.0263410978	0.1616707869	-0.1393173962	0.029209458	-0.0308867557	0.1176758799	-0.0774855584	0.0527452359	-0.0253825476	-0.0669566498	0.050608201	-0.0821799957	0.1628380438	0.0895435135	-0.1907614113	0.0928365268	-0.2527339413	0.0009720041	0.0465929516	0.0455188814	-0.042923711	-0.0327282077	-0.0104353137	-0.1391889279	0.0190845146	-0.0776353292	-0.0256468997	-0.0718396725	-0.1103690905	0.0788352839	-0.0144602546	0.0516223165	0.0281858894	-0.1430347106	0.0179401349936654	-0.006377446440723	0.0003218484435909	4.067182310429172e-05	0.0177855487189759	0.0112187752233978	0.000316325743235	0.0001258609175131	0.0672990713583345	-0.0092705173478435	8.594249189666901e-05	0.0045291650056941	-0.0008419948320785	0.0001260056435618	7.089552972469014e-07	1.5877422209423413e-08	7.30589496813483e-05	3.4086088873008784e-05	1.161861454658653e-09	5.337610128541782e-09	-0.0001399690546505	-0.0001959878580516	1.959133625975465e-08	3.8411240503683546e-08
13548.183061452191	43.529228895899	1894.793768271568	183553264.26662007	21379.035849178537	-7.676440669041767	58.92774134531842	457063173.8404611	13812.741147641782	20.847451292438564	434.6162253905984	190791818.0117564	15895.661048636788	14820.377301289484	1.058486	21.203978	0.0519127128927765	0.029659099657968	-0.1296587076	-0.0693675442	-0.0387028282	0.0206688323	-0.1803868708	0.0034831609	-0.0278341958	0.1901889966	-0.1398754366	-0.0995096677	0.1001340181	0.0927270458	-0.0748742792	-0.2092266006	-0.0513842984	0.0201818823	0.1165086751	-0.1317623945	0.0163947714	0.0026741726	0.0972214941	-0.0495917887	0.0146449115	-0.037123536	-0.1047096934	0.0039612367	0.0823260764	0.065530464	0.018236567	0.1193388698	-0.1528745118	-0.108032594	0.1010502838	-0.0622298617	0.1373533293	0.1462881675	0.0122195568	0.1473609032	-0.0825656105	0.0986688972	0.0085537675	-0.0577261385	-0.0318820191	-0.0076821515	0.1354340104	0.0170005444	0.0490697242	0.0400355526	-0.0162377069	0.2695836762	0.0392392279	-0.0222141219	-0.1665548852	0.0274131902	0.0250745215	-0.1052143468	0.0811208978	-0.1357825475	0.0419072955	-0.2344361775	-0.0417302856	0.0305444131	0.1959328188	-0.0643985016	-0.0812107989	-0.0080309162	-0.0091353788	0.0299117598	-0.1711298986	-0.0285760506	-0.0520661115	0.1323440236	0.1237421424	-0.0371503314	-0.1443771839	0.022595049	-0.1467364196	0.0193818619111283	0.0014417269174629	0.000375656571142	2.07857650453708e-06	-0.0082666406657807	-0.0260521893847566	6.833734789713918e-05	0.0006787165717392	0.0571315547721837	-0.0101675165861508	0.0001033783935296	0.003264014550687	-0.0008259996968817	1.599513519679992e-05	6.822754992486604e-07	2.5584434996390764e-10	-2.501278959465836e-05	-9.807173927600664e-05	9.618066044621026e-09	6.256396433066495e-10	3.098967096481901e-05	0.0001709587256153	9.603597065077464e-10	2.9226885864013927e-08
13574.455646414175	26.27258496198374	690.248720584654	184265846.09646568	21513.404873717063	134.369024538526	18055.034755435	462826589.2604731	13858.74666793258	46.00552029079881	2116.507897227101	192064859.2059324	15915.170943786776	14880.771036441509	1.149298	23.023149	0.1964973508477473	0.1071292764812139	-0.0169680477	0.184451441	-0.0291236309	0.0322557376	-0.1479887242	-0.0618667846	-0.1377179966	0.0577309624	0.172096612	-0.0980680722	0.1928723063	0.0420760856	-0.0376291614	-0.1643867727	-0.0440354964	0.1081957428	-0.138232868	0.1082245941	-0.0177996664	0.1823945671	0.0967716772	0.0336962342	-0.020862891	-0.2270995479	0.211705122	0.0858340673	0.0797062711	-0.1758401481	-0.0601767264	0.0078229481	-0.1002360216	0.0835992097	0.0847998449	-0.1238051759	0.057604229	0.1079254501	-0.026654999	-0.1875500702	-0.0933866355	-0.0070089403	-0.009657566	0.1100207824	-0.0075623083	0.0248812411	0.0852378856	0.0568870039	0.023256646	-0.0250520665	-0.0447146485	-0.0237770373	0.0681410822	0.0026556969	-0.1652328859	0.1277514988	0.0551429751	-0.0045565161	-0.1827012145	-0.0187497321	0.0411246477	-0.0022675354	-0.0924334937	-0.0005294848	0.0100865038	-0.0655002084	-0.0942665303	-0.057968932	-0.0623007095	0.0628724614	0.0478873734	-0.1622270541	0.0496341012	0.0745869707	0.0471790153	-0.1574423233	0.310725547	0.0169733466	-0.1496367051	0.0151165938848834	-0.0042652680262449	0.0002285114106804	1.8192511335707074e-05	-0.0386146567043681	-0.0303480160385874	0.0014910917123962	0.0009210020774783	-0.0443502535883908	-0.1014818083605745	0.0102985574281323	0.0019669449933545	-0.0017489980078246	-0.0009229983109429	3.05899403137442e-06	8.519258820034463e-07	8.912254603843373e-05	0.000114135335633	1.3026874840078581e-08	7.942828212372741e-09	-0.000139921850906	-0.0001709115218708	1.9578124360960892e-08	2.9210748308199445e-08
13570.840178814526	-3.615467599649492	13.071605964115257	184167703.15892667	21483.83322562424	-29.571648092824034	874.4823709258234	461555090.066436	13814.126258379149	-44.62040955343218	1990.9809487160217	190830084.2824403	15890.393720709337	14871.023902012752	1.045866	20.951162	0.0846005896424514	0.0482397751962228	0.1475159533	0.0575989246	-0.0763206996	-0.0786387038	-0.1225348622	-0.0452815994	-0.08120153	0.0625052161	0.1487188646	0.1151347011	0.0441285688	-0.0323747957	-0.0001132938	0.0295015131	-0.0362517941	0.1513867146	-0.141138754	-0.0522525392	0.0830188234	-0.1553370053	0.1753889583	-0.0768422446	0.0996961443	-0.0189136268	0.1992299027	-0.0400146896	-0.0969940753	0.0978319722	-0.0625484849	-0.0823754555	-0.0206557819	0.2199814639	-0.1163570425	-0.057804635	0.0692829358	-0.0638791825	-0.1448246931	-0.0661688765	-0.1634662408	0.0508743988	-0.0792912328	0.0131913801	-0.0762502582	0.0202061979	-0.0491431763	-0.1305049726	0.0596556284	-0.0562327075	0.2401089236	-0.1602648823	0.0494380731	-0.0230820054	-0.127673299	0.0437073757	0.0685450054	0.1996579716	-0.0647099636	-0.0844995288	0.0249999465	-0.0875778048	-0.0556549945	0.0632480319	0.0766824387	-0.0470413751	-0.0286072035	0.0106930439	0.1510990851	-0.0141265688	0.1056054962	0.0235485608	-0.049445138	-0.2104012576	0.0477401953	0.0693520798	0.1905428356	0.0113284606	-0.1517197269	0.0100616783075224	-0.005054915577361	0.000101237370364	2.5552171494246903e-05	-0.0297452783409681	0.0088693783634	0.0008847815835816	7.86658725531481e-05	-1.6024408793668954e-05	0.0443342291795971	0.001965523876949	2.5678167718661486e-10	-0.0016244678210668	0.0001245301867578	2.6388957016815166e-06	1.550776741393256e-08	0.0004911130342197	0.0004019904881812	1.615963525882128e-07	2.4119201238048026e-07	-0.0001396011954032	3.206555028000132e-07	1.9488493758002423e-08	1.0281995147592929e-13
13589.196348555111	18.35616974058576	336.9489675451961	184666257.3995836	21388.993762446386	-94.83946317785376	8994.52377586348	457489054.1699704	13819.09156177662	4.965303397471871	24.654237828945703	190967291.5927658	15883.324095747854	14817.98730820876	1.156523	23.167898	0.1164184289804625	0.0534746263129474	-0.1065826963	-0.1301368317	-0.0619773571	-0.0436498564	-0.1618232438	0.0692142645	0.0226704776	0.1559821051	-0.0569651153	-0.0574968781	0.0567212745	0.1038953694	-0.038511353	-0.0917882863	-0.1617685891	0.0289562041	0.0784166403	-0.130391628	0.0973663274	-0.1308605461	-0.0322493265	0.2537801777	0.1587473081	-0.0110407224	-0.2016849702	0.0434373503	0.0525327204	-0.1183186866	0.1307977347	-0.1973249006	-0.1364315907	0.1339279561	-0.0037006475	-0.0026961168	0.1261482984	0.0977940382	-0.040138878	0.0940659144	-0.1591654844	-0.0958839059	0.0330151022	0.0026924271	-0.2692257745	0.0651988869	0.00300376	0.0347175359	0.1234078432	0.0017384026	-0.0962977273	-0.0893888887	-0.1355428005	-0.0133569546	-0.0984083742	0.04376356	0.2733775215	-0.0142815221	0.0543312422	0.0373284138	-0.0910681449	-0.0805519895	-0.0413169165	-0.016533924	0.3279715079	0.213146315	0.0227935787	0.0230182964	0.0113366628	-0.1943081523	-0.0796576022	0.4415687303	0.1090599635	0.0807064056	0.1183162149	-0.2028497798	0.1122705634	0.0056681013	-0.1529741081	0.0004666754332589	-0.0095950028742634	2.1778596000738205e-07	9.20640801571248e-05	-0.0581524925322298	-0.0284072141912617	0.003381712387711	0.0008069698181082	-0.0148409542732963	-0.0148249298645026	0.0002197785454874	0.000220253923742	-0.0024409962024066	-0.0008165283813398	5.958462460163444e-06	6.667185975333941e-07	3.617061497540597e-05	-0.0004549424192442	2.0697260482785107e-07	1.3083133876990623e-09	-0.0001399560358278	-3.5484042460002e-07	1.958769196463244e-08	1.2591172693032252e-13
13562.82673590542	-26.36961264969068	695.3564712947267	183950269.0681909	21375.694998946845	-13.298763499540655	176.8571106167148	456920336.6880012	13811.196495527103	-7.8950662495171855	62.33207108426536	190749148.63806012	15886.099355605418	14700.403211446908	1.1272	22.580488	0.0625089541496955	0.0337824513065284	-0.0993597686	0.1588781815	-0.0033337299	0.0609475993	-0.0565442276	0.008297003	-0.0691527308	0.1031643032	0.1549763494	-0.1161609184	-0.0526292554	0.0565734928	0.1063801525	-0.1367824521	-0.0104168535	0.0234956203	-0.0780943989	0.1557574606	0.0321564166	-0.1635063082	-0.1952419122	0.0205257633	0.0607987129	0.153381858	-0.0096909565	-0.0414520659	0.0037545571	0.0441091681	-0.0612663886	-0.1346225595	0.1080087356	-0.1682603862	-0.0459833787	-0.0676067652	0.023712692	0.1515553658	0.0295770086	-0.1487512677	-0.0229866395	-0.0018340522	0.1329765031	0.1328899609	0.0212366326	0.1669585242	-0.0887258415	-0.0797670962	0.015010426	0.0530954977	0.1106333848	-0.0145908028	-0.1063132492	-0.0300129756	-0.140932849	0.0723959406	0.0723456109	-0.0606578787	-0.1176305163	0.0362682163	-0.114436593	0.0546209727	-0.067205245	-0.034954091	0.1591467285	0.0620384801	-0.0649361468	-0.1896219208	-0.1346523494	-0.0218853233	-0.1260140135	0.0068167587	-0.1532361746	0.1327833014	-0.2826663919	-0.1107790927	0.0714416281	0.0	-0.1533929978	0.0065863067968052	0.0061196313635463	4.337943722164237e-05	3.744988802569955e-05	-0.0265674932589803	0.0315849992732495	0.0007058316980659	0.0009976121790911	-0.0116381868216848	0.0032027674516115	1.0257719349102024e-05	0.0001354473924964	-0.0020659909661856	0.000375005236221	4.268318672360509e-06	1.406289271931681e-07	9.31443279039712e-05	5.6973712928565234e-05	3.2460039648665604e-09	8.675865820682508e-09	-0.0001399038637516	5.2172076200001456e-08	1.9573091092626257e-08	2.7219255350187584e-15
13559.072022974264	-3.754712931156973	14.09786919539739	183848434.12420335	21486.19268918505	110.49769023820409	12209.739547978104	461656476.27678907	13818.98683599778	7.79034047067762	60.6894046490776	190964397.17347997	15882.199504046646	14861.680283326368	1.216171	24.362772	0.0450111669903194	0.021401257761051	0.1157275458	0.0212686949	-0.1258207927	-0.1992950601	-0.1171581233	0.083979618	-0.0964144364	0.0765107028	0.0920644293	0.1429786005	0.0934426559	0.0310309669	-0.0638639065	0.0010042202	-0.0429932012	0.0101024997	-0.2570949787	-0.0895985061	-0.0525084982	-0.1564271309	0.0758515525	-0.05086614	-0.1410192679	-0.112725252	0.0363459001	0.0363953891	0.0548257395	0.0684756193	-0.1052366057	-0.0722590763	0.2399352089	-0.0598258029	-0.000342073	-0.0306097748	0.0237661984	-0.0046727601	-0.2662310886	-0.098791662	-0.078121654	0.0147870122	0.0445266311	0.0474532578	-0.1061043074	0.0583656851	0.0352705627	-0.0051628214	0.0239545755	0.0863007351	-0.0324024122	-0.0369829599	0.1321717487	0.0077285067	0.0237654365	0.1716450149	0.101999222	0.1775606347	-0.0105756513	0.0543337462	-0.0819032687	0.0487457754	0.1056052672	-0.0797845812	-0.0436500802	0.1777687846	-0.043190541	-0.0768079513	0.0707799418	0.0327275669	0.1525985998	-0.0002755359	-0.2046271168	-0.0944390394	0.1775840765	0.0229307227	-0.0624174355	-0.0056681013	-0.1529741081	0.0075056473092303	0.0009193405124251	5.633474153055604e-05	8.451869777860455e-07	-0.0315666881374738	-0.0049991948784934	0.0009964557999685	2.4991949433155625e-05	-0.0288970119380707	-0.0172588251163859	0.0002978670443979	0.000835037298949	-0.0022770027307699	-0.0002110117645843	5.184741435933582e-06	4.452596479298006e-08	5.444636860096885e-05	-3.869795930300235e-05	1.497532054216826e-09	2.9644070538325672e-09	4.706254202139636e-05	0.0001869664057729	2.214882861515698e-09	3.4956436887672727e-08
13553.44674293564	-5.625280038624624	31.643775512948647	183695918.61359268	21336.4119310566	-149.78075812845054	22434.2755055334	455242474.0917344	13818.355325581117	-0.6315104166642413	0.3988054063554437	190946943.904016	15941.879184091971	14705.61227461008	1.267212	25.38525	0.1706355761593372	0.1058295270590986	-0.1894213017	-0.0647632178	0.001231388	-0.0982063686	-0.0152642383	0.227802414	-0.0393538017	0.0542343748	-0.1388545308	-0.1110004455	-0.1646183545	0.0908341302	0.0576718533	-0.0475863563	-0.154607329	-0.1680904769	0.0300609879	-0.0787412617	0.0433757611	-0.1484436288	-0.0260427093	0.0369533417	0.087394533	0.0339981421	-0.1274367615	-0.0661891434	-0.1420027889	-0.1213582762	0.0588800591	-0.0796483239	-0.0047222784	-0.2086457131	-0.2812392172	0.2107993428	-0.0176909964	0.2326591626	0.0486222662	0.1274029075	-0.0038648475	0.132286016	0.0329890908	0.006465435	-0.0864954216	-0.0261317953	-0.1123200914	-0.1181943808	0.0645130356	0.0839552177	0.0165799571	-0.0558898617	-0.1357723655	-0.0092197346	0.131206183	0.06538132	0.1116994219	-0.1378480744	0.0877034284	-0.0197672371	-0.1680724131	0.0822727959	-0.0479994289	-0.0317575186	0.0395965125	0.0458623445	0.110068452	-0.1399153213	0.080738319	-0.1017910974	-0.1431216303	-0.1294547948	-0.0783323715	-0.0805316324	-0.1141322771	0.1361222969	-0.093997612	-0.0113284606	-0.1517197269	0.012322315227351	0.0048166679181206	0.0001518394525622	2.3200289833453192e-05	-0.0312383733714654	0.0003283147660083	0.000975835970895	1.0779058557914962e-07	0.0650477493385466	0.0939447612766173	0.0088256181713206	0.0042312096940103	-0.0010330126993171	0.0012439900314528	1.0671152369504012e-06	1.5475111983539388e-06	8.13932320837818e-05	2.6946863482812944e-05	7.261334515613576e-10	6.624858229044366e-09	0.0002070422910576	0.0001599797490362	4.286651028637995e-08	2.5593520101686706e-08
13612.5211129926	59.074370056960106	3489.781197626665	185300731.05166927	21553.42446001838	217.01252896178264	47094.43772638856	464550105.95371866	13817.223738305363	-1.1315872757531906	1.2804897626465277	190915671.83438924	15892.632415849135	15141.466423768265	1.32293	26.501413	0.1746392165437112	0.0787288244831515	0.1080597671	0.0174397566	0.1331270602	-0.1402818544	-0.2896040856	0.0430903689	-0.2390614276	-0.1701779262	-0.1022474193	-0.0001879365	0.1924668196	-0.1614559111	-0.2268178348	0.1706336701	0.0292926634	-0.0920349893	-0.0279495411	0.1447321023	-0.1442918512	-0.1017497453	-0.1327569537	-0.109462238	0.0738618816	-0.2219832554	0.005878068	-0.0085585783	0.0027563817	0.1738420154	0.2037364529	0.0583180816	-0.0958318287	-0.0721534656	0.1166412263	0.0388275782	-0.2183324237	-0.0419925592	-0.0344785298	-0.0803197401	-0.1343519567	-0.1235178775	-0.0372922842	0.2167026251	-0.1390237421	0.0088078962	0.3703012334	-0.0974868334	0.1556122857	-0.1736910642	-0.0915805858	0.1117948674	0.0455580708	-0.0536681088	0.1564814561	-0.1657466308	0.1551244659	0.0282541428	-0.1151487999	-0.0340041462	-0.2437390163	0.0156825723	-0.0185317642	0.0694208965	0.0852840255	0.3039731731	0.0777916689	0.029876604	0.0290447361	0.0649076711	0.0778143384	-0.2292784118	0.0516035703	0.0504029339	0.2081995808	0.0737443549	0.0077916874	-0.0169733466	-0.1496367051	-0.0121113365816967	-0.0244336518090476	0.0001466844737951	0.0005970033407257	-0.0734868553538774	-0.042248481982412	0.0054003179098017	0.0017849342298181	0.1081224248879522	0.0430746755494056	0.0018554276736865	0.0116904587636508	-0.0017369722104529	-0.0007039595111358	3.017072459885633e-06	4.955589933185546e-07	0.0002117230431388	0.000130329811055	1.6985859649636742e-08	4.482664699595417e-08	-0.0002563165308085	-0.0004633588218661	6.569816396570473e-08	2.147013978011402e-07
13584.147872337957	-28.37324065464236	805.0407852462499	184529073.41754383	21479.13492838541	-74.28953163297047	5518.934510246119	461353237.27178615	13855.928674768518	38.70493646315481	1498.0721066168508	191986759.44027248	15915.624609716671	14855.33545758174	1.276811	25.577539	0.0680320286856222	0.0367681006207783	0.0754705064	-0.1104138414	0.0815048272	0.1628462709	-0.1846673935	-0.0925565601	0.0614953175	-0.0393620744	-0.0474103979	-0.0616995492	0.1301696426	0.021956056	0.3593495554	-0.0340538091	-0.0236218105	0.1499963158	0.083833672	0.0300936186	-0.06669333	-0.0479500289	0.0119601479	0.3236418407	-0.1149406553	-0.1110571309	0.0895397537	0.0340586814	0.0086474448	0.2141361477	-0.0357082086	-0.0587976412	-0.0580379731	-0.0334330521	0.0560367358	-0.060359844	0.1081698776	-0.114090359	0.0668998991	0.035361464	0.0015503952	0.0071678201	0.196856429	0.2176730244	-0.1090073021	-0.0753134587	-0.1231254052	0.0785526347	0.2678096037	-0.0947049454	-0.030631695	0.0428657024	0.1763693301	-0.0722348387	-0.1890600192	-0.2252285406	0.1218606237	0.0540576223	0.0206295435	0.1290853931	-0.1174862784	0.0892447141	-0.1589670612	-0.0187066419	-0.0934794161	0.0680343526	0.0550603098	0.0221044414	0.0635296533	-0.1542436506	0.1317709981	-0.0497656242	0.1172997066	0.022062113	-0.1532810003	0.0689861162	0.0835754987	-0.022595049	-0.1467364196	-0.0064074235587128	0.0057039130229839	4.10550766607478e-05	3.253462377376533e-05	-0.0723774191018122	0.0011094362520652	0.0052384907958393	1.2308487973964942e-06	0.0754220887267393	-0.0327003361612129	0.0010693119850563	0.0056884914679041	-0.0021169948783066	-0.0003800226678536	4.481667314776376e-06	1.4441722808264354e-07	4.6744437104395686e-05	-0.0001649786060344	2.7217940449055185e-08	2.1850424002068043e-09	-0.0002309509397094	2.536559109909999e-05	5.3338336552654924e-08	6.434132118067406e-10
13524.328013713208	-59.81985862474903	3578.415485884961	182907448.22250783	21550.903291590075	71.76836320466464	5150.697957076661	464441432.6834679	13795.221946433738	-60.70672833478056	3685.306865112849	190308148.55136704	15873.346706244782	14802.98059258094	1.295607	25.954067	0.1212692252479084	0.065873765910536	-0.0996658708	-0.0008564726	-0.1753186649	0.1252146612	-0.0115949639	-0.1399680205	0.020746192	0.1489762157	-0.0190062108	0.0237473723	-0.1378563876	-0.1362145619	-0.2036315266	-0.1660678315	0.1071644079	0.0295447321	0.005173573	0.0516170645	-0.046232005	-0.0297829815	-0.152880179	0.010310258	-0.1234906521	-0.0946955106	-0.1077485158	0.3547777722	-0.0988032394	-0.046467047	-0.0708302981	0.0691091408	0.2131654251	0.3251165675	0.0690376327	-0.1739595047	0.0566667746	0.0553205935	-0.0225151151	0.0415524802	0.1599677967	-0.0180964731	-0.1149307649	0.0075712191	-0.1440568796	0.2562336187	-0.0364356524	0.171138056	-0.1243672115	-0.1243454815	-0.1119914178	0.0150321333	0.0312749148	-0.0807268429	-0.0668437133	0.1217623415	-0.0641375858	-0.1117310891	0.0758451437	0.1370822031	-0.1846352465	0.1472662247	0.1624787407	-0.1139656893	-0.0583086992	0.208516187	-0.1653683675	-0.1043916019	0.1523726855	0.0253341434	-0.0362474114	0.0670021178	-0.1163031358	0.0617575966	-0.0398312624	0.0825866839	-0.074760849	-0.0281858894	-0.1430347106	-0.0096714110087958	-0.003263987450083	9.35361909010566e-05	1.0653614074299329e-05	-0.0250777364886971	0.047299682613115	0.0006288928673965	0.0022372599753014	0.1061550557064094	0.03073296697967	0.0009445152593734	0.0112688958520308	-0.0023959653521699	-0.0002789704738633	5.740649968798632e-06	7.782452528751418e-08	0.0004911865254777	0.0004444420883733	1.9752876991762407e-07	2.4126420281085524e-07	-0.0001549117378452	7.603920186419999e-05	2.3997646522219973e-08	5.781960220144556e-09
13527.36770129042	3.0396875772130443	9.239700567063307	182989676.92591527	21395.465731751687	-155.43755983838855	24160.835008512626	457765953.8785607	13810.9867666739	15.764820240161498	248.5295572046056	190743355.4692416	15900.634593390932	14638.222999866191	1.238871	24.817509	0.0906439252821126	0.0490089777740227	-0.029674338	0.142787597	-0.0696286512	-0.1046366803	0.1240782532	0.1355623726	-0.060454442	-0.0230932374	0.105018786	0.0519505474	-0.274982361	-0.0385040851	0.0200635002	0.0117282586	-0.0406331097	-0.1246402881	-0.0096249332	0.0789660145	-0.0211441979	-0.0816894511	-0.0125213384	-0.0753949856	0.0698075298	-0.1811780957	-0.0372077033	0.0386044897	0.2040560186	-0.0115672159	0.0347350664	0.2271236327	0.1085331759	0.008768982	-0.3571081962	0.1187180304	-0.1111535024	0.0768616942	-0.0564957659	-0.0573651063	0.1722352722	0.1690507587	-0.0263413213	0.0192331622	-0.0844558938	-0.0435865731	0.0063602012	-0.0488292864	-0.0398726378	-0.1719381651	-0.336120621	-0.2085567211	0.1459626197	-0.0551353245	0.1339536296	-0.0178945942	-0.0529552396	0.0229162708	-0.0889234344	-0.0874128339	-0.2915048034	0.012839118	0.1345241929	0.0712062929	-0.0070710979	-0.0320937312	0.1456595739	0.0272088035	-0.0412595165	-0.1831712134	0.0063144427	0.0179493576	0.0488624377	-0.0509427176	-0.0401199311	-0.1116922508	-0.1178243222	-0.0337382312	-0.1385517956	-0.0100292044735681	-0.0003577934647722	0.0001005849423726	1.2801616343376645e-07	-0.0298775891315443	-0.0047998526428471	0.0008926703323133	2.3038585393047244e-05	0.1237871196546365	0.017632063948227	0.0003108896790743	0.0153232509923912	-0.0016419982809617	0.0007539670712081	2.696158354681178e-06	5.684663444662707e-07	3.300811255679825e-05	-0.0004581784129209	2.0992745806671638e-07	1.0895354945622623e-09	-9.972917448980846e-06	0.0001449388203962	9.945908244418663e-11	2.100726165784748e-08
13551.937998831298	24.57029754087671	603.699521247212	183655023.52416763	21399.571243585324	4.105511833637138	16.855227416134575	457941649.409284	13800.655290014947	-10.331476658951942	106.73940995446878	190458086.43381757	15885.480028458223	14716.880289664636	1.287837	25.798422	0.0593950260586576	0.0266409207962882	0.0862632139	-0.1627356342	0.0292871775	0.0292081328	-0.0657485834	-0.0364064254	-0.0275237433	-0.0923100102	-0.1548728963	-0.0679942411	0.0893016803	0.109435817	0.1006677513	0.1397304908	0.1288095274	0.129566063	0.1122131058	-0.0118525984	0.1211309216	-0.0242257319	-0.0847078158	-0.0041031382	-0.0532999047	0.0621066556	0.0256030015	-0.1354296794	0.0409646438	-0.105690045	0.163249828	0.0872567234	-0.0711756955	-0.0444335805	0.0033779828	0.0240480211	-0.0801572968	-0.1283403343	0.1027020819	0.1151808806	-0.1981000071	0.108707504	0.0855231248	0.2374005144	0.0994114006	0.002505714	-0.0856078409	-0.0744715411	0.1076876659	0.1018398267	-0.0282404666	-0.0414918057	0.0214516696	-0.0894611563	0.022932507	-0.2459432562	0.0292505467	0.0292468152	0.0409030027	0.0252161571	-0.0672480286	0.0231385056	0.097429581	0.0893374884	-0.1809898351	0.0707751145	0.0017036632	-0.1563815611	-0.1441262766	0.0366517401	0.1268826134	0.0042251732	0.1776729553	0.0564109371	0.009730287	0.0545085511	0.0091521854	-0.0392444906	-0.1333121588	-0.006708917872146	0.003320286601422	4.500957901520002e-05	1.1024303115583114e-05	-0.0461770624562802	-0.0162994733247359	0.0021323210970912	0.0002656728306637	0.1309212330013451	0.0071341133467085	5.089557324368564e-05	0.0171403692505924	-0.0018379757385817	-0.00019597745762	3.3781548156149457e-06	3.84071638951989e-08	0.0003441429420312	0.0003111348294744	9.680488211206505e-08	1.184343645498899e-07	-0.0001556836860704	-0.0001457107686214	2.4237410108466863e-08	2.1231628092244752e-08
13543.881575110445	-8.056423720852763	64.90596316991908	183436728.1206162	21653.195063572304	253.6238199869804	64325.04206478823	468860856.461112	13805.182033962674	4.5267439477265725	20.49141076827916	190583050.9908458	15901.808896285584	14945.48940574206	1.179513	23.628439	0.0409020284351864	0.0276993432728239	0.0300247543	0.0002386976	-0.0373188439	0.2967863327	-0.0186063469	-0.2830488137	0.1363851757	0.0069677652	0.0335838168	-0.0809193199	0.0138821762	-0.038557895	-0.1198997692	-0.1481218736	0.1407096786	0.1147786974	0.0459820028	0.0394396817	-0.0883252179	-0.0290648765	0.1339945845	-0.0160052437	-0.0810859658	0.0401060498	-0.1092779016	-0.1366459599	-0.0591429	-0.0944494365	-0.0649160331	-0.0633524547	0.0087370186	-0.0725616549	-0.0194320083	-0.1820351952	0.0551577921	-0.0298471988	0.203879637	0.0109487726	0.1059388004	0.1538482293	0.0066941436	-0.0277389056	-0.1186174507	-0.0381315255	-0.0328448386	0.0031720193	0.0464210237	0.0784020533	-0.0424797303	0.1945255578	-0.0518472705	-0.098572062	-0.1612778753	-0.1599892843	-0.0905979152	-0.0644429766	-0.008257101	0.1257170577	-0.1009250807	0.0706716197	0.0358861831	-0.0819456055	-0.0249405594	0.0079089912	0.1015091588	-0.0071590764	0.1229131209	0.0985454268	-0.0392010622	0.0126315921	0.0108226569	-0.0865939067	-0.1033368172	-0.000950525	-0.090315023	-0.0446971468	-0.1273444172	-0.0097112181422431	-0.003002300270097	9.430775780623152e-05	9.013806911825116e-06	-0.0380316750208606	0.0081453874354196	0.0014464083048923	6.634733647309149e-05	0.1309371056391199	1.5872637774805298e-05	2.5194062993017606e-10	0.01714452563315	-0.0022849656520678	-0.000446989913486	5.221068031129625e-06	1.9979998275831095e-07	0.0004911776618996	0.0001470347198684	2.1619208846778864e-08	2.4125549554915777e-07	-0.000154938957587	7.447284833999917e-07	2.4006080578146192e-08	5.546205139872519e-13
13505.707139419206	-38.17443569123861	1457.2875403445123	182404125.3357589	21496.44596832874	-156.7490952435655	24570.27885967638	462097189.26927686	13799.551986882716	-5.630047079957876	31.697430122542208	190427635.0386787	15876.507886736144	14694.80063350384	1.091969	21.874725	0.0213396894764536	0.0127881502854121	0.058088686	0.1605376557	-0.230284987	0.1839364886	0.0523750253	-0.1933419571	0.0232328997	0.0203658921	0.1432217013	-0.005645029	-0.0862364167	0.0134847285	-0.1058258341	-0.0916301406	0.1659031172	0.10979771	-0.0271836293	-0.0328737547	-0.1686022304	-0.0846774261	0.0912841784	0.1163186057	0.0279625037	-0.0703923796	-0.0936470847	-0.1605942204	0.1112242804	-0.0683308783	0.0048410702	-0.0826170237	-0.1823973473	-0.020754848	-0.0302705131	-0.1848312831	0.018484852	-0.0729461831	0.0205722184	-0.0749221079	0.1799484845	0.1094068818	-0.0609922215	0.039577672	-0.0945274892	-0.0358239864	-0.0018373002	-0.0658979167	0.0011232818	0.1807710377	-0.0905000916	0.004771071	-0.0777505167	-0.1043402008	-0.1496194745	0.0036648146	-0.2056426733	0.0135245022	-0.1104988362	0.0284756405	-0.1688766322	0.0060009151	0.0830639304	-0.1251318049	-0.1109098072	-0.1514433257	0.1273256374	-0.0440846128	-0.0491080926	0.0661275175	-0.0496264935	-0.1911391394	0.1759605348	-0.0583519494	-0.0653294262	-0.0981372839	0.2133192379	-0.0500887521	-0.1206811645	-0.0017336019927967	0.0079776161494464	3.00537586942869e-06	6.3642359427908e-05	-0.029979243215763	0.0080524318050975	0.0008987550237898	6.484165797574737e-05	0.1330455940343995	0.0021084883952796	4.445723313028769e-06	0.0177011300919662	-0.0023489675915901	-6.400193952229996e-05	5.5176487463405936e-06	4.096248262616142e-09	0.0004911829349687	5.273069099962814e-09	2.780525773298264e-17	2.4126067560446615e-07	-0.0001549231076458	1.584994120001383e-08	2.400116928263213e-08	2.512206360438959e-16
13526.362439785991	20.655300366785013	426.6414332421091	182962480.85245323	21374.55568919462	-121.890279134117	14857.24014739296	456871630.91048217	13788.73188084732	-10.820106035396748	117.07469461722911	190129126.88189524	15879.843650604324	14541.713975612936	1.223444	24.508484	0.0797200431117289	0.0364964158507992	-0.0550195401	-0.116964368	-0.2283322844	-0.0389993743	0.0333163752	0.0353930924	0.0262325341	0.1096182317	-0.0921114586	0.0951260268	-0.1388063397	0.0808400454	-0.1582977521	0.0516277823	0.0449831795	0.0275074203	-0.0089861205	-0.0349204069	0.0349648383	-0.1843326448	0.0124914498	-0.0768729848	-0.0416073434	0.0213932069	-0.0164303665	-0.0115449335	0.1737277195	0.0204005606	-0.0890514608	0.0505211585	0.0829960407	-0.2244057447	0.0967501911	0.0173257363	-0.0260803791	-0.0190560577	-0.0241033724	0.1313627438	0.0440178773	0.1705926597	0.1147736855	-0.071167808	-0.052580776	0.1674423993	0.1171157789	-0.0622731452	-0.1751855471	0.100634926	-0.0271960424	0.0746749846	-0.0573076237	-0.0497549679	0.0139158233	-0.0033882659	-0.0037843735	-0.0271323204	0.1586466535	-0.0049990172	-0.1052162338	-0.1675642666	0.2943300739	0.0196426979	-0.0599353281	-0.0665892632	0.092674274	-0.0292339217	-0.1344046455	0.0288982111	0.1309514346	0.1070898575	-0.0111336948	-0.0680770553	-0.1234772757	0.1552949088	0.08309479	-0.0554119421	-0.1133587932	-0.0043979094075865	-0.0026643074147898	1.934160715733784e-05	7.098534000503908e-06	-0.0161612099028332	0.0138180333129298	0.0002611847055234	0.0001909380446372	0.1129241773139142	-0.0201214167204853	0.0004048714108394	0.0127518698220243	-0.0019490044342862	0.0003999631573038	3.7986182848672704e-06	1.5997052720050416e-07	0.000223461697747	-0.0002677212372216	7.167466085951773e-08	4.99351303599716e-08	3.971821109908136e-05	0.0001946413187448	1.5775362929111895e-09	3.78852429627465e-08
13551.201162038498	24.83872225250707	616.9621231371898	183635052.93403357	21499.009854185813	124.45416499119165	15488.839183654753	462207424.7103787	13827.39117959105	38.65929874373069	1494.5413793570171	191196746.8334324	15896.786982024292	14892.698529610268	1.260563	25.252062	0.05660548298357	0.0326473482292938	0.0343647241	0.1024373941	0.149429884	0.0671305983	-0.0760488733	-0.1163329998	-0.1609870022	-0.1463627642	-0.0733444406	-0.1596184259	-0.0165276729	-0.051867074	-0.1255637598	0.0147632926	0.0992372139	-0.0492248685	0.0626079994	0.2453583976	0.1577237146	0.0583723847	-0.0810825978	-0.1537299349	-0.0788860838	0.077501523	0.0579269929	-0.1065072017	0.0386434413	0.0484384834	0.0733937736	-0.188580685	-0.0603265658	-0.0186032098	-0.0245909074	-0.0474559432	-0.1702403812	0.0333650726	0.2012571124	-0.1113609557	-0.1400761209	0.0223764561	-0.0305568727	0.0750674715	0.066637152	0.0239173879	0.0003106046	-0.0104087962	-0.1031555219	0.1260929686	0.0582928496	-0.0224432796	0.0304640994	-0.0910636473	0.0641119149	-0.1422030231	-0.0853611728	-0.0689369813	-0.1477666522	0.0612045077	0.1147142685	0.0587256636	0.1313249664	0.1161008845	-0.0459199282	-0.0516479661	0.0229248277	-0.0518438516	-0.1482324209	0.0974891393	-0.1709385901	0.1198782845	0.0114791958	-0.1846321468	0.0556938166	0.0577245691	0.0297875806	-0.0606594461	-0.1054172954	-0.0049931915814909	-0.0005952821739043	2.4931962169471595e-05	3.543608665683477e-07	-0.0129765415816649	0.0031846683211683	0.0001683906314206	1.014211231585292e-05	0.1439687679946075	0.0310445906806933	0.0009637666105317	0.0207270061578851	-0.0018249746417019	0.0001240297925842	3.3305324428549784e-06	1.5383389448504466e-08	0.0003396417782917	0.0001161800805446	1.3497811115372972e-08	1.153565375611483e-07	-0.000155690751928	-0.000195408963027	2.423961023590604e-08	3.8184662831319254e-08
13532.825617119712	-18.375544918786545	337.660651062342	183137369.1833715	21356.61930817249	-142.39054601332464	20275.067593972723	456105188.2742059	13801.301417221255	-26.0897623697947	680.6757005123554	190475920.80899343	15860.711823363948	14548.911105082583	1.150924	23.055727	0.0325252246836636	0.0217763280929719	0.1722507146	-0.1152678877	0.0620460284	0.0423556631	0.1522832878	-0.0544105421	0.0242143941	-0.1386161175	-0.083801962	0.0793091316	-0.2087046646	0.1320917104	-0.0485191493	0.2575737399	0.112498951	0.013034418	0.0167157711	-0.0248913986	0.0881881402	0.0256746501	0.1850261243	0.0120905675	-0.1287247257	-0.0575488859	0.1558532931	0.0519518398	0.0702129712	-0.0468498222	0.0558102588	-0.1239852509	-0.1360076123	-0.0595723473	-0.0133913386	0.0499820472	-0.1316407162	-0.2046869046	0.0613634867	0.0614589766	-0.0929341479	0.0450997017	0.0199956055	-0.0384621728	-0.0215103584	0.1450769642	-0.0879507331	-0.0142359478	-0.0945038795	0.1521391092	-0.0029991294	0.0237979398	0.3775692758	-0.0647933524	0.1695023773	-0.1065028176	-0.0855346595	0.093374499	0.0684801836	0.1541145315	0.0854296499	-0.0398513753	0.1660727745	0.0037604867	-0.0509799863	-0.0925575812	-0.1225434213	-0.0532784186	0.0252939582	0.1662108554	0.0553574992	0.0903699687	-0.020538575	0.0860245514	0.0952469236	-0.1026319533	0.0338814612	-0.0658240966	-0.096900045	-0.0050047058260815	-1.1514244590600173e-05	2.504708040561411e-05	1.3257782849216534e-10	0.0062562880609391	0.0192328296426039	3.914114030144912e-05	0.0003699017360614	0.1433104567371117	-0.0006583112574957	4.333737117456978e-07	0.0205378870101995	-0.0018669933364957	-4.201869479379997e-05	3.485664118519346e-06	1.7655707121745127e-09	0.0001960831307397	-0.000143558647552	2.060908528695935e-08	3.844859416068228e-08	-8.881670349433421e-05	6.68740484336658e-05	7.888406819600478e-09	4.472138353908278e-09
13532.692851958016	-0.1327651616957155	0.0176265881600894	183133775.8254356	21587.067540785847	230.4482326133584	53106.38791462055	466001485.01045	13808.580099223573	7.27868200231751	52.97921169086083	190676884.3566733	15885.762137609585	14838.967929106491	1.177135	23.580797	0.0493288488448424	0.0246418715128263	-0.1096879693	-0.1295616321	0.0548184001	0.0865989106	0.1534328874	-0.099418138	0.0875428511	-0.0484307712	-0.2149501753	0.061589589	-0.0535515857	-0.1941195717	-0.0888248255	0.0013069449	0.049621255	-0.1350328543	0.1457506173	-0.059523762	-0.0536353785	0.0506163119	0.0697419758	-0.0118370117	0.1316274868	0.2528139395	-0.23195401	0.0001383864	0.1578857908	-0.0657811598	0.001352344	0.0683172193	-0.0144556817	0.0539931419	0.0566637168	-0.0106976728	-0.0685037732	-0.0397144946	0.0618436076	0.1803985743	0.1457396602	-0.1032436092	-0.0986839338	-0.1864314692	-0.099040267	-0.0324644807	0.0071740701	0.0005703208	-0.0241948226	0.0529538455	0.1494621165	0.0189285748	-0.086582122	-0.0778100787	0.1296126816	-0.010143208	-0.0528764313	-0.1319190378	0.1501227272	0.1152550082	0.0755920423	0.0157977513	0.0358892509	0.0359008727	0.0753324038	-0.245752607	-0.0424861794	-0.0832909612	0.1109400749	-0.0543565542	0.0151956319	0.0412025307	0.0669100928	0.0415389927	0.1149330581	0.0200640963	-0.0016326344	-0.0708988393	-0.0878535601	-0.0096009675363859	-0.0045962617103043	9.217857763473593e-05	2.112562170961032e-05	-0.0058674129372207	-0.0121237009981597	3.442653457586484e-05	0.0001469841258927	0.1549865608444633	0.0116761041073515	0.0001363314071257	0.0240208340423945	-0.0018290265744729	3.796676202280007e-05	3.3453382101280704e-06	1.4414750184959334e-09	0.0002197544590567	2.367132831700001e-05	5.603317842912065e-10	4.8292022275302834e-08	0.0002682008467464	0.0003570175502407	7.193169419548594e-08	1.274615311798952e-07
13559.967934981254	27.27508302323804	743.9301539245279	183872730.39771977	21480.2574486826	-106.81009210324557	11408.395775103798	461401460.0616844	13842.194816683546	33.61471745997369	1129.94922991386	191606357.34302083	15885.73629675324	14876.90192075876	1.049881	21.031607	0.07254170467254	0.0311969330535338	-0.1014795775	0.0930048612	0.18898659	0.0490203791	0.0350545432	-0.0650594625	-0.0816024504	-0.1416764852	-0.0070764876	-0.0416112518	-0.0342919237	0.0283038812	0.0071753494	0.0127484691	0.0479776586	-0.1617447991	0.0479737057	0.0782027589	-0.0056165484	-0.1204967524	0.094189641	0.1083128269	0.0448545076	0.1809608932	0.0353353674	0.0176970753	0.0953860032	0.0944967495	-0.1176268358	-0.1625374052	0.0442836236	0.2016092458	0.0972083322	-0.0272182499	-0.1400178072	0.0474409245	0.1060309255	-0.0140808161	0.049463427	-0.1550117489	0.1242945715	-0.1131141495	-0.0321744504	0.0090820437	-0.0029504211	-0.0829841905	0.0097087393	-0.0538981838	0.2028665966	-0.0710424955	0.0691404911	-0.0735647622	0.1121128501	-0.0428438266	-0.0628822339	-0.1465432669	-0.0727438576	0.0900532271	0.0285956239	-0.0713269834	-0.0776062491	0.0175168628	0.1233267653	-0.112771836	-0.0426875148	-0.0003371569	0.0299466671	0.1212116697	0.173579786	0.1618696758	-0.0842991379	0.0023266579	-0.1866505008	0.0018575161	0.0046217755	-0.0758767427	-0.0783272495	-0.0070748006346263	0.0025261669017595	5.00528040197087e-05	6.381519215545692e-06	-0.0300260402384822	-0.0241586273012615	0.0009015630924029	0.0005836392730812	0.1408083129734478	-0.0141782478710154	0.0002010227126919	0.0198269810024284	-0.0021760056211351	-0.0003469790466622	4.735000463211552e-06	1.2039445882260918e-07	0.000280953512612	6.119905355530001e-05	3.745324156064479e-09	7.893487624902125e-08	4.2805694993829774e-05	-0.0002253951517525	1.8323275239047834e-09	5.0802974433564164e-08
13545.188283042127	-14.77965193912678	218.438111441734	183472125.62306172	21521.989920821845	41.73247213924333	1741.599230852721	463196050.1519571	13824.005380135995	-18.18943654755094	330.8556019173819	191103124.7500289	15889.21806696535	14836.349072969875	0.897714	17.983324	0.0457124520939274	0.0272347327673074	-0.0453487481	0.1286161824	0.1653125495	0.0518260968	0.0678660016	-0.0825263215	-0.0220278741	-0.1712734568	0.0503764152	-0.0208568686	-0.1091676163	-0.0790384407	0.0500758009	0.0116645428	0.1009376424	-0.1494904815	-0.0225448586	0.1562027085	0.0226982198	-0.1450194182	0.0825831994	-0.0655752082	-0.0420550825	-0.078410918	0.0736600708	-0.0546694475	0.0267337676	0.0815056462	-0.0510891666	-0.0908869097	0.0563263209	0.019335488	0.048919803	-0.0183574161	-0.1595765743	-0.0090431562	0.0627290187	-0.0866585436	0.1288800964	-0.0769572263	0.0917576156	-0.0795307996	-0.1158032679	-0.0023845453	-0.0560835782	-0.1365554252	-0.0671780481	-0.0080425994	0.0812060978	0.056149273	0.0136723137	-0.0493521074	0.1156569579	0.0173645642	-0.0783458021	-0.0891045664	-0.1425317669	0.1368442861	0.0581532541	0.0210795226	-0.0540067548	0.0118295665	0.0061371265	-0.0697580852	-0.0536186637	0.165410269	-0.0998605083	-0.0893730565	-0.027026381	0.0053052558	0.0891313893	-0.0596357906	-0.0841191225	-0.071132634	0.0635258069	-0.0807510076	-0.0683731426	-0.0015088913723246	0.0055659092623017	2.2767531734756147e-06	3.097934591617586e-05	-0.029919140205564	0.0001069000329181	0.0008951549506401	1.1427617037912131e-08	0.1317136859585588	-0.009094627014889	8.271224053994882e-05	0.0173484950687898	-0.0021896078245791	-1.3602203444000071e-05	4.794382425458019e-06	1.8501993853196743e-10	0.0004900201660815	0.0002090666534694	4.370886559293599e-08	2.401197631665408e-07	0.0004390371537567	0.0003962314587628	1.9275362237878425e-07	1.5699936891335213e-07
13551.393914832195	6.205631790067855	38.50986591390077	183640277.03495103	21528.244291417737	6.2543705958923965	39.11715155076341	463465302.2709604	13800.614440164449	-23.39093997154669	547.1360727525005	190456958.9260755	15879.744634497256	14818.62352840717	0.976004	19.55167	0.075094361139178	0.037331636661774	0.1016579459	0.0406197321	0.0255590144	-0.0419647539	0.0548504772	0.0415923761	0.0289044556	-0.1608076265	0.0506416613	0.0953994756	-0.0648866279	-0.03904961	0.0430947798	0.16361241	0.0791416934	-0.0441454842	0.0465794752	0.0229805796	-0.0523709021	0.0415036472	0.1045618637	-0.0872216844	-0.0805474494	-0.0566700753	-0.0248566399	0.0196452595	0.0751372144	0.0812686552	-0.1058612834	-0.1379103347	-0.0433515971	0.0346922039	-0.0364696555	0.0646597533	-0.1349281872	-0.1463754265	-0.0246257583	-0.0440937455	0.0838023525	0.0083774501	0.0003702204	-0.0631937865	-0.1159630333	-0.0686576719	0.0585595272	0.1433567806	-0.0222576811	-0.153975047	-0.0232811712	0.1421225475	0.1039128193	-0.019330708	0.1815555264	0.002437499	-0.0230862501	0.0730362332	-0.0755387361	0.0710709322	-0.0498797057	-0.0211543712	0.0154286629	-0.0559328481	-0.01690844	-0.0034513303	-0.1086399477	0.1178258422	0.0998124364	-0.1697082033	0.0147123457	-0.0676682412	0.0789290975	0.0778712261	0.0713439011	-0.0597656331	-0.0891480162	-0.0855149763	-0.0580456054	0.002068438938295	0.0035773303106196	4.278439641454947e-06	1.2797292151277725e-05	-0.0349812736945835	-0.0050621334890195	0.0012236895092953	2.562519546065276e-05	0.1402400483109005	0.0085263623523416	7.269885496342977e-05	0.0196672711502437	-0.0024760036785644	-0.0002863958539853	6.130594216264441e-06	8.202258517996931e-08	-1.909395569787975e-05	-0.0005091141217793	2.591971889951891e-07	3.6457914419259455e-10	7.597642977743451e-05	-0.0003630607239792	5.772417881725437e-09	1.318130892963484e-07
13554.205380821915	2.811465989720091	7.90434101135277	183716483.50550172	21475.04932598039	-53.19496543734567	2829.7043478804007	461177743.5532909	13821.435610170718	20.821170006269316	433.5211204299689	191032082.3260952	15892.950297348372	14781.069632676932	0.934262	18.715467	0.0307432796876496	0.0245309785703568	0.1254514383	-0.0939342918	0.0740028713	-0.0633175084	0.1189703462	0.020756435	0.0670075459	-0.1794391551	-0.0873187226	0.1478936158	0.000501736	0.0997217444	-0.0270920212	0.1840802474	0.0566104487	-0.0512438042	-0.0553902418	-0.0099831359	0.1058455433	-0.0148364001	0.0311043179	0.2303755513	-0.0746386564	-0.1239209885	-0.0556751223	0.0279448458	-0.1376293385	0.1241763769	0.002872888	0.1972664484	0.1133737678	-0.2208043455	0.0644571134	0.1013207632	-0.1131908313	-0.1458305498	-0.0296924932	0.0483229535	0.0322476034	-0.0390861625	0.0988429847	-0.0513144311	-0.0244503946	-0.012338013	0.0045878338	-0.0517700877	0.0007270398	0.270162231	-0.1160369219	0.0076932359	-0.0408557144	-0.0141499172	0.1641289843	-0.0207862912	0.0352359638	0.1178172258	0.0546244217	0.1166035421	0.0156819533	0.0034959554	-0.0423580501	-0.0355219083	0.0340590989	0.0088894644	-0.1099905757	0.1156405388	-0.025686188	0.0578052762	0.0096130041	-0.0972746383	0.0727238393	-0.0571029345	-0.1440534248	-0.0616373264	-0.0198424858	-0.0901621419	-0.0474010431	0.0007890103106689	-0.0012794286276261	6.225372703418342e-07	1.6369376131892057e-06	-0.0398493016097916	-0.0048680279152081	0.0015879668387881	2.3697695783245327e-05	0.1416111685738599	0.0013711202629594	1.8799707754978756e-06	0.0200537230648541	-0.0020400002334175	0.0004360034451469	4.161600952343454e-06	1.9009900417996602e-07	5.426313926637505e-06	2.452026962451725e-05	6.012436224590236e-10	2.9444882830420134e-11	7.200608691173031e-05	-3.970342865704203e-06	5.184876552339659e-09	1.5763622471248258e-11
13542.553532231555	-11.651848590359805	135.76557557266975	183400756.17335737	21456.69001081878	-18.35931516161145	337.064453203376	460389546.2203704	13811.299580138406	-10.136030032312192	102.7391048159347	190751996.0923313	15885.563400462686	14783.00531225938	0.902151	18.07222	0.0508536770365683	0.0237875830705101	0.0212028772	-0.1582445288	0.1138387661	-0.0858202907	0.1150967908	0.0445009245	0.0350687325	-0.143858972	-0.1070599092	0.0768170177	0.0114065192	0.0176455933	0.1425958484	0.1192301443	0.019045536	-0.0821180133	0.1221253488	-0.0047824653	-0.01808014	0.056019279	-0.0076935916	0.1234758626	-0.2275473729	0.0156868063	0.0534800184	-0.0530289333	0.0316380995	-0.1707360184	0.162246206	0.0787695887	0.1143491974	-0.0129882859	0.0623706382	0.1002916704	-0.0982614047	-0.0573651937	0.0421121161	0.1604710912	0.0968013116	-0.0775998373	0.1425314884	0.0835947866	0.0413310178	-0.0250843945	-0.112759218	0.1351768917	-0.0964444953	0.150721063	-0.0258411548	-0.0859353042	-0.0256133786	-0.0261400504	0.1550539028	-0.0012746024	0.0087301196	0.0501428367	0.1778328439	0.1252726969	0.0553349087	0.01951845	-0.0659165897	-0.0143793917	-0.0811399892	-0.0622687342	-0.0764570579	0.0872240324	-0.0153807077	-0.0726257287	0.0534967701	-0.0269353118	-0.040538515	0.0413231995	-0.0879999449	-0.0866406604	0.1036370778	-0.0946861568	-0.0364975928	0.0063383038244637	0.0055492935137948	4.017409537121117e-05	3.0794658502245046e-05	-0.0200023497873473	0.0198469518224443	0.0004000939970153	0.0003939014966424	0.1350248862985097	-0.0065862822753502	4.337911421059239e-05	0.0182317199199254	-0.001880005640247	0.0001599945931704	3.5344212073605327e-06	2.5598269843793746e-08	0.0001559953880279	0.0001505690741012	2.267104607571148e-08	2.4334561085975093e-08	5.1467656839116e-06	-6.685932122781871e-05	2.648919700509004e-11	4.4701688350446495e-09
13530.192646365387	-12.360885866168246	152.7914993964379	183066113.04776	21391.75801116345	-64.93199965533131	4216.164579239946	457607310.8081756	13831.155296043113	19.855715904706813	394.2494540884271	191300856.82326144	15901.580593118835	14723.239455296443	0.973238	19.496254	0.05022009992124	0.0244705039726721	-0.156092269	-0.1089135291	0.1038234882	-0.0336264772	0.1045480117	0.0913684676	0.0532963573	-0.0719937489	-0.1926542174	-0.0559135889	-0.0680065817	0.0497636297	0.131580969	0.0073586719	-0.0114813227	-0.1082175781	0.1553196895	-0.1026795899	-0.1159409569	-0.0894047886	0.0831470321	-0.0194705551	0.0741434138	0.058127155	0.0080696117	0.0762807373	0.0007235404	0.1191960975	-0.0189512872	0.019331258	-0.198134335	0.1079965117	0.0524179207	0.1009087038	-0.0425874773	0.0509325009	0.0835477085	0.1729688051	0.1106750606	-0.0173210801	-0.0187937806	-0.0600731137	-0.0958291312	-0.0498832071	-0.0085005796	0.0117112421	0.0282401759	0.0467925469	0.1460555781	-0.0527681647	0.0733242817	-0.0168525415	0.1337229331	0.0118192397	-0.0067618592	-0.120788231	0.1359764986	0.0737066142	0.0175815506	-0.0737910188	-0.0860378169	-0.0881805912	-0.0058606357	-0.2724301895	-0.0351028936	0.0908726956	0.1408025386	-0.092001406	0.0828855074	-0.0062184161	-0.0147783723	0.0287966568	0.0904411884	-0.0514602985	-0.0219606975	-0.0990808418	-0.0253948054	0.0052342818898125	-0.0011040219346512	2.739770690201912e-05	1.2188644321909793e-06	-0.0374693928492462	-0.0174670430618988	0.0014039554004911	0.0003050975933262	0.1496228802704564	0.0145979939719466	0.0002131014280049	0.0223870063004273	-0.0020550118368405	-0.0001750061965934	4.223073649554566e-06	3.0627168846122725e-08	0.0002394103001652	8.341491213729999e-05	6.9580475668734774e-09	5.731729182519117e-08	8.774647600797597e-05	8.259971032406437e-05	7.699444051818302e-09	6.822712145619345e-09
13567.227477802591	37.03483143720405	1371.5787395821171	184069661.4344417	21494.159194048712	102.40118288526357	10486.002256301192	461998879.4591088	13844.163905767748	13.00860972463488	169.22392696786517	191660874.2497625	15902.88605140123	14928.845403817984	1.102696	22.089615	0.088547033024223	0.0362081886976011	-0.0476506035	0.1296502006	0.2333513862	0.0130524656	0.0005783722	0.0055312084	-0.062249139	-0.218920642	0.0194454662	-0.1056828471	-0.0280171045	0.0077215302	-0.0471360491	0.1012449686	-0.0251171652	-0.1828761058	0.043482433	0.2283670961	-0.0683956905	-0.0634499859	0.1145885001	-0.0342936374	0.0333857148	-0.0427114538	0.044144708	0.0602584592	-0.1234432747	-0.0061627264	0.1052691139	-0.0426488201	0.0508103823	0.0666344039	0.2695355313	0.0851698199	-0.146155348	0.0210161516	0.1306972671	-0.1230708807	0.0829796697	-0.1210725015	0.0585746255	-0.0475607691	-0.013989443	-0.0361646179	0.1641238667	0.0435759232	-0.0208634474	-0.0180548605	0.0349741247	-0.037472284	0.041738834	0.0116611933	0.1406140948	-0.0922571408	0.0332523595	-0.0768051751	-0.2127240398	0.0212548898	-0.002441853	-0.1097500366	-0.0578126611	-0.054548102	0.0733273745	-0.2009095908	-0.0939300664	0.1906245769	-0.2067958046	-0.1186103084	-0.1443762388	-0.0315691087	-0.0422884394	-0.0458484945	0.0226951703	0.0634895594	-0.1366459184	-0.1033401944	-0.0141533203	-0.0025277537375529	-0.0077620356273654	6.389538957712656e-06	6.024919708048977e-05	-0.0591615321167182	-0.021692139267472	0.0035000868823974	0.0004705489059994	0.1313597755067945	-0.0182631047636618	0.0003335409956084	0.0172553906211954	-0.0025479798275155	-0.0004929679906749	6.492201201425916e-06	2.430174398301468e-07	0.0003201987333083	8.078843314309999e-05	6.526770929717136e-09	1.0252722881223983e-07	-0.0001550921674884	-0.0002428386434963	2.4053580416249924e-08	5.8970606775159984e-08
13585.551441057669	18.32396325507761	335.7676293734346	184567207.9576241	21382.58312030867	-111.57607374004148	12449.220231243173	457214860.8969093	13851.685991452065	7.522085684317062	56.581773042207686	191869204.80578935	15911.985059587709	14726.310975148128	1.188497	23.808393	0.0876120307971584	0.0633751924783767	0.138800712	-0.1396215738	0.0932731819	-0.0421126443	0.044942812	0.1184167537	0.1063578298	-0.1800375086	-0.0483863396	0.0834443377	0.0190649237	0.215723317	0.0539750257	0.2241189907	-0.1041444112	0.0599556254	0.0513032026	-0.0775751682	0.0480501316	0.077128168	-0.1243609009	-0.0353914277	-0.0115969016	0.067022289	0.0749871365	-0.1485967653	-0.0277729323	-0.0880673075	0.1308349094	0.0359495457	0.073426156	0.2210438673	-0.0710880117	0.1846063417	0.0036035882	-0.1498045469	-0.0153189058	0.0205572178	-0.0391340218	-0.1213830419	0.1366273534	-0.0750009103	0.0736502219	0.0129846021	-0.0489415089	-0.1155402156	0.0683679543	-0.1524473799	-0.0546394976	-0.0151668405	0.1458077802	0.0837195426	0.1351574373	-0.1169662929	0.2044684221	0.0957889511	-0.0290193357	-0.0225399145	-0.0411478087	-0.1044856983	0.066105594	-0.1839696221	-0.005569911	-0.0869448379	-0.1946670338	-0.0544449677	-0.1852976018	0.1377130577	-0.0511579742	-0.0436998744	-0.2296199588	0.0612061451	0.0379947765	0.0410914989	-0.042476659	-0.1074583966	-0.0028345346	-0.0104762313063986	-0.0079484775688457	0.0001097514223851	6.317829566244326e-05	-0.0685960304153496	-0.0094344982986314	0.0047054153887435	8.900975814687886e-05	0.0724090014442282	-0.0589507740625663	0.0034751937625757	0.0052430634901502	-0.0023349798150098	0.0002130000125056	5.452130736503201e-06	4.536900532742822e-08	0.0003076822561765	-1.2516477131800012e-05	1.5666219979087265e-10	9.466837076586137e-08	-0.0001551412951932	-4.91277047999809e-08	2.4068821474223616e-08	2.4135313789140664e-15
13574.313184262492	-11.238256795177222	126.298415794347	184261978.4244425	21506.086207969514	123.50308766084343	15253.01266176198	462511743.9846166	13803.829764660491	-47.856226791573135	2290.2184427264824	190545716.1717269	15880.424581357844	14832.79582302387	1.201985	24.078594	0.0970763500065478	0.072044076308381	0.0240431382	-0.0656843204	0.1432953894	0.1955910091	-0.0654445883	-0.1434900323	0.111713363	-0.0520501484	-0.0495025387	-0.188183094	-0.0124305397	-0.1068991059	0.113153401	-0.0362499759	0.0568038155	0.1999964032	0.2239167249	0.1318493757	0.1653955976	-0.0387704768	-0.0470288441	0.0652073411	-0.0171156405	0.0203457557	-0.199922154	0.0627362353	-0.0692332551	-0.0754850596	-0.0363840724	0.2735707748	-0.0474104485	-0.0008408511	-0.0456836062	-0.0722296282	0.0764702472	-0.0591466901	0.2944839334	0.0348346671	-0.1128200037	0.0508853262	-0.1229757204	-0.0674765868	-0.119973573	0.0338440267	-0.2013785268	0.0990099801	-0.12891909	-0.1523870708	0.0474884044	-0.1241410499	-0.1801679928	-0.0010661362	-0.1089217232	-0.2452818855	0.1159449687	-0.0694651561	-0.0500655232	0.0510315664	0.06758381	-0.0058179998	-0.1615946294	-0.136989035	-0.0732693437	-0.1061194219	-0.0935292094	-0.1117047058	0.1048743122	0.0745925646	-0.0158813837	0.1461915454	-0.0698666664	-0.0937514256	0.209655142	-0.047115739	-0.0941867943	-0.1114298236	0.0084997322	-0.0093994332029865	0.0010767981034121	8.834934453740505e-05	1.1594941555118965e-06	-0.0861095047691691	-0.0175134743538195	0.0074148468115915	0.0003067217839418	0.1408423116944845	0.0684333102502563	0.0046831179518078	0.0198365567634463	-0.0025294816093503	-0.0001945017943404	6.398277212041384e-06	3.7830948001674074e-08	0.0003141970001867	6.514744010200019e-06	4.244188951843703e-11	9.871975492632117e-08	-0.0001551024875627	3.8807630499995396e-08	2.4056781648137506e-08	1.5060321850241724e-15
13578.90707302493	4.593888762437928	21.10381396165348	184386717.29784647	21523.123312557444	17.037104587929207	290.2629327400384	463244837.1275537	13847.181212625386	43.35144796489476	1879.348040652978	191744427.53528547	15911.053168609851	14929.078320429877	1.202034	24.07958	0.0382829197113102	0.0186173129594437	0.093262667	0.0992114994	-0.1009719408	0.2316662919	0.0214575939	-0.1870771173	0.1923851797	-0.0509937019	0.1511120383	-0.0156310483	-0.0194387597	0.0275906581	0.0584805302	-0.1216525151	-0.0190659737	0.1740148638	0.0503236688	0.1053733766	0.0060651468	-0.0478799148	-0.0084860135	0.0878013396	0.0362681952	-0.1542410691	0.0015410231	-0.1088307887	-0.0685044884	0.0089310633	-0.2270572414	0.0454100149	-0.0803673059	-0.0469413924	-0.0673490602	-0.1394357741	0.1510641278	-0.1116128982	0.0873434357	-0.1495668344	0.1371698718	-0.0433930535	0.018942285	-0.065719709	-0.1499462543	-0.0769990009	-0.0062843635	-0.1903831801	0.0361654746	0.0563526215	-0.1068389446	0.0004661599	-0.1289697254	-0.0029085033	-0.1658367352	0.0502128249	-0.0480341367	0.0246491318	-0.133931158	0.0848226134	-0.0861222163	0.0922416135	-0.1616443787	-0.2884456589	-0.1211715389	-0.0806669083	0.030229923	0.141039265	-0.0166363875	0.0707678437	-0.1078851406	-0.0079311485	-0.0276414179	0.1550740744	0.1864124804	0.0342226471	0.0359596587	-0.1152490509	0.0197875765	-0.0072049623262984	0.002194470876688	5.1911482123379256e-05	4.815702428632235e-06	-0.0695699353545791	0.01653956941459	0.0048399759052403	0.00027355735642	0.1477398356430512	0.0068975239485667	4.757583662105135e-05	0.0218270590358357	-0.0024359935719384	9.348803741190004e-05	5.934064682525204e-06	8.740013139128823e-09	0.0002530687604287	-6.1128239758e-05	3.736661695911531e-09	6.404379750491875e-08	-5.669165530329209e-05	9.84108322594079e-05	3.213943781027286e-09	9.684691905989318e-09
13553.850564776993	-25.056508247937018	627.8286055789358	183706865.1323056	21546.83475988052	23.711447323075845	562.2327341550007	464266088.1695954	13826.920181086034	-20.26103153935219	410.5093990386241	191183721.69412425	15881.488557383607	14825.972797687236	1.061412	21.262589	0.0475934880642404	0.0220916972065304	0.1344212733	0.0399385985	-0.1186136271	0.0257967341	0.0622547907	-0.0461669419	0.0841327341	0.0996189761	0.1150570362	0.1350484157	-0.0524045979	-0.2244214793	-0.0627073483	-0.0216478789	0.0699931582	0.0958001002	-0.1410626658	-0.1065162766	-0.0419431812	-0.0513776178	-0.1432516557	0.1164992812	0.123147416	0.1640685804	0.1262123178	-0.1989722748	-0.2471789109	-0.0266498631	-0.0046204936	0.097959883	-0.1618131459	0.0008142675	-0.2444946349	-0.0522546852	0.0634665242	-0.0852866332	-0.0901986406	-0.0179070271	0.0264896546	0.0873348322	-0.1144747949	0.0027227647	0.0037498832	0.0144283532	-0.0892417601	-0.1871748769	-0.0119190432	0.0521138174	0.1173437792	-0.0680863053	-0.1464707628	0.000629221	-0.0786758144	0.0252391544	-0.0385892386	0.1794750702	-0.0366575308	-0.0098293944	-0.0500554261	-0.0964230651	-0.0594193789	-0.1697851536	0.0097017294	-0.0745847004	0.0574851521	0.1390166238	0.0421007376	0.0086554153	0.0533259189	0.0534899089	-0.0967786473	0.0157317887	-0.063009011	0.3251060794	0.0488514004	-0.1189108618	0.0309673479	-0.0024478598652706	0.0047571024610278	5.9920179200026006e-06	2.2630023824716754e-05	-0.0572346806205672	0.0123352547340119	0.0032758086657383	0.0001521585093529	0.1607380903578956	0.0129982547148443	0.0001689546256319	0.025836733691903	-0.0025299928909133	-9.39993189749003e-05	6.400864028071838e-06	8.835871967745053e-09	9.619710315678098e-05	-0.0001568716572719	2.460871685523842e-08	9.253882655756361e-09	-0.0001558782021436	-9.918654684030792e-05	2.4298013903521023e-08	9.837971074104596e-09
13526.304157833094	-27.546406943898543	758.804535518862	182960904.17021284	21435.96848192402	-110.86627795649838	12291.331587927558	459500744.75804	13820.149964132426	-6.770216953607815	45.83583759891868	190996545.0311095	15858.62717412507	14751.54685827402	0.953359	19.098024	0.0525223630844628	0.0315952397323787	0.0582532084	-0.0359531117	-0.119931386	-0.068387845	0.0234069271	-0.0141334795	0.0217584811	0.1272858456	0.0067262152	0.1550580686	-0.0496829751	-0.1000057967	-0.0144535017	-0.0004344819	-0.0297393844	0.0160301301	0.0322760356	-0.2365921362	-0.0516336742	-0.0306745201	-0.0435371034	-0.0033445229	0.0868810693	-0.1456759096	0.2258002488	-0.0786961804	0.1024055284	-0.0446597336	0.0867540075	-0.0413168888	0.2791996413	0.0689249425	-0.157111865	-0.0352667561	0.0490146014	-0.0367380175	-0.1502011989	0.0915849074	0.0189944517	0.0134179712	-0.0643962806	0.0759151509	0.0412859479	0.0360321329	0.0641567696	-0.0863066126	-0.047530045	-0.1025823585	-0.07530605	-0.256993858	0.0012979761	-0.0197464054	-0.0787391586	0.0279796118	-0.0521494393	0.1623575087	0.1021700743	-0.0181404272	-0.0173418854	-0.0603598959	-0.0487431301	-0.0614181347	0.0395147354	0.0519335938	0.1635121625	0.2781730102	-0.0602842739	0.1064781205	-0.0110819783	0.1072433816	-0.0671583012	-0.0788224627	-0.0366901617	0.0782884582	0.0761073912	-0.1224102548	0.0419779864	-0.0123508140754751	-0.0099029542102045	0.0001525426083269	9.806850208940703e-05	-0.0590505186257104	-0.0018158380051432	0.0034869637499653	3.297267660922456e-06	0.1908581860361948	0.0301200956782992	0.0009072201636698	0.0364268471770267	-0.0024559842633392	7.40086275741003e-05	6.031858701769793e-06	5.477276955401879e-09	0.0002356914093288	0.000139494306172	1.9458661454412983e-08	5.555044043139596e-08	-0.0001557116320734	1.6657007020001445e-07	2.4246112362961893e-08	2.7745588286437734e-14
13531.328199587197	5.024041754102655	25.24099554696688	183096842.84494367	21390.34656719133	-45.62191473269195	2081.3591038770146	457546926.2645539	13806.603948145736	-13.54601598669069	183.49454911167976	190622312.58095345	15865.384265229904	14767.293914574842	0.921762	18.46508	0.0507295551239279	0.0273351918543543	0.0167488263	-0.0997259878	-0.1084064243	-0.1059030887	-0.1132320349	0.0514859055	-0.0317143882	0.0978468698	-0.1043344013	0.1139296606	0.1092352693	0.090093855	-2.8437e-05	-0.0044845353	0.0163562842	0.133376178	-0.0459106275	-0.071653265	-0.0243694546	0.001015782	-0.2238009227	0.1579291166	0.1231693625	-0.0355124674	0.1355013465	0.0524803404	0.1153519707	-0.024392657	0.033984231	0.023176439	0.0005038648	0.1121167974	-0.0566599579	-0.0485109163	0.0423634776	-0.0186095391	-0.0664363388	0.0951681401	-0.0499655866	0.0750557356	0.077334261	0.1518821892	0.1298261947	0.0888294802	0.028929798	0.1048418022	0.0695313263	-0.0640271793	-0.0040382924	-0.2427350197	-0.0829297897	-0.0416678777	-0.1190852784	-0.008879075	-0.0654822702	0.0617800312	0.1699382012	0.0146405127	0.0010614582	-0.0687431679	-0.0648691691	0.0630133334	0.0680951969	0.1459003456	0.2137443573	0.1745081373	-0.2116815976	-0.0495555418	-0.0203575631	-0.1622624689	-0.0443700214	-0.1108882015	0.0198548905	-0.0127064808	-0.1529612549	-0.1257424501	0.0527593557	-0.0071174663600004	0.0052333477154747	5.065832738573735e-05	2.7387928311064257e-05	-0.0460417090572065	0.0130088095685039	0.0021198389729084	0.0001692291263895	0.2127685660053941	0.0219103799691992	0.0004800647503946	0.0452704626799917	-0.0025294862613901	-7.35019980509003e-05	6.398300746561266e-06	5.402543717474551e-09	0.0001452577429992	-9.04336663296e-05	8.17824800581343e-09	2.1099811901221635e-08	-0.0002033163251079	-4.7604693034500014e-05	4.1337528055381295e-08	2.266206798908974e-09
13542.203032306254	10.87483271905694	118.26198666747136	183391262.96820468	21406.153826545265	15.807259353936388	249.86944828260943	458223421.6457185	13797.145379714024	-9.458568431711685	89.46451677737281	190361220.62896404	15842.121149660066	14769.199138934797	0.953434	19.099535	0.0528305943936608	0.0252409967250406	-0.0988938699	-0.1095040688	-0.0910263972	-0.050474804	-0.2323112022	0.0096671262	-0.1060431491	0.0947718356	-0.1224063796	-0.0379658992	0.1671425028	0.0876875102	-0.0690699977	-0.1637044939	-0.0418514265	0.0335365729	0.0897753895	-0.1285015527	0.0432047835	0.0081616757	-0.1532805149	-0.010564365	0.0317706459	-0.2112822147	-0.0936900192	0.2276167864	-0.0752523738	0.1179052179	0.2262692123	-0.2121381291	0.1354643761	-0.1597275892	-0.1240348054	-0.1295839356	0.0716764777	0.0749248775	-0.0387155474	0.145207128	-0.1322939191	-0.0206135568	0.0516570147	0.0799953743	-0.0420061075	0.1476030887	0.1966058076	0.231832529	0.1006311202	-0.0267786833	-0.1601779222	0.0196014707	-0.294718621	-0.046582271	-0.1208804747	0.0396564552	-0.0189252318	-0.0663357394	0.1590000989	0.1034987791	0.079757682	-0.0513338126	0.0254866686	0.0648800797	0.2521939941	0.1170671358	0.0721869779	0.0884673143	-0.0330357576	-0.0214705108	-0.198645316	-0.256275192	-0.0091222662	-0.0978153404	0.1278927675	-0.0394956651	-0.1121413882	-0.1289028963	0.0632525717	0.0038846512383514	0.0110021175983518	1.5090515243625066e-05	0.0001210465916479	-0.0380644803604042	0.0079772286968023	0.0014489046651075	6.363617768108611e-05	0.2018925437225505	-0.0108760222828435	0.0001182878606969	0.0407605992107619	-0.0024630003260027	6.648593538740016e-05	6.066370605889407e-06	4.4203796043375485e-09	0.0003540239051771	0.0002087661621779	4.3583310470489255e-08	1.253329254368443e-07	-1.906390635993625e-05	0.0001842524187479	3.634325257004178e-10	3.394895381447498e-08
13536.231735556705	-5.971296749548856	35.656384871172726	183229569.59869248	21362.90735820696	-43.24646833830411	1870.25702373594	456373810.7953332	13851.055531442902	53.91015172887819	2906.304459430668	191851739.33511505	15875.6917606577	14627.84626667316	1.014765	20.32814	0.1009463640600354	0.0471176541480645	-0.1414645948	0.0078550471	-0.0456140345	-0.0280239045	-0.0544394434	0.0111363622	-0.1345573415	0.1963231225	0.0538687145	-0.0155895616	-0.0482059101	0.1010685688	-0.0811189202	-0.148371775	-0.0085576412	-0.0680229237	-0.0164013886	-0.1155302518	0.0039589025	0.1205781002	0.0199051318	0.0187615593	-0.0452338761	0.0335852663	-0.1516747117	0.025300367	0.0137271402	-0.0473339646	-0.0688347139	-0.1400469562	0.1715009047	-0.0775223537	0.2311209124	-0.1037731348	-0.0018608271	0.1689461694	-0.0632942309	0.0239744018	-0.0573748145	-0.0795841528	-0.0559766147	-0.1191574299	0.0739771143	0.1236057539	-0.0185803007	0.1883581617	0.0480419688	0.0095167049	0.0843578938	0.060132526	0.019718702	-0.0168334931	-0.0483656166	0.1333565633	-0.0733772745	-0.1287130976	0.1422864385	0.120656701	0.1046303597	0.0988351138	0.0919355047	0.1265905688	0.150124362	0.0869741169	-0.1779672237	-0.096789577	0.0523820504	0.0160229547	-0.134405807	-0.1736205877	-0.0095607547	-0.1384975156	0.0702065064	0.0131399826	0.2278188163	-0.1318872767	0.0734003241	-0.0086018844229158	-0.0124865356612672	7.399241562520148e-05	0.00015591357282	-0.0214744532435702	0.0165900271168339	0.0004611521421102	0.0002752289997372	0.1746082896198544	-0.0272842541026961	0.0007444305219404	0.0304880548039709	-0.0019069477823335	0.0005560525436692	3.636449844546654e-06	3.091944313209876e-07	0.0004877111710441	0.0001336872658669	1.7872285054993936e-08	2.3786218636120738e-07	-0.0002210350404085	-0.0002019711340485	4.885648908838722e-08	4.07923389888629e-08
13529.286203541898	-6.945532014806304	48.24041496869931	183041585.17734915	21317.22646316828	-45.68089503868032	2086.744171534928	454424144.0820021	13845.341857156636	-5.713674286265814	32.64607384953516	191693491.1415336	15891.692688143588	14511.450714698203	1.040357	20.840807	0.0802876499404824	0.0478707415123817	-0.2085812041	0.1504109219	-0.0435237776	-0.0371768914	0.1318526829	0.1261543028	-0.0878262137	0.1376383517	0.0389986266	-0.0465275915	-0.2643224392	0.0393406406	0.101949433	-0.0578191949	-0.0505587517	-0.1638263285	-0.0524707657	0.0394098368	-0.0321728848	0.0022407648	-0.13166237	-0.1876360719	-0.0312928313	-0.0747061352	0.074384103	-0.046474383	-0.0564181481	-0.1420886048	-0.1737593189	0.1126748009	0.1643343175	0.008009085	-0.0466127499	0.0383847073	-0.0484776998	0.1911623778	-0.0529798022	-0.040841188	0.1223456453	0.0092720457	-0.0144973068	-0.0636918404	0.1135939385	0.222564606	-0.1221591105	-0.1291869182	0.0077249929	-0.1466714926	0.0693165582	-0.0503836325	0.0863261526	-0.0023480323	0.0620921593	0.1799588155	-0.1159094456	-0.1534114262	3.61445e-05	0.0253021526	-0.0102732705	0.0429227349	-0.0319121645	0.1968875847	0.0361458259	0.0432477522	-0.0662918315	-0.0225069948	0.0307399388	-0.0329398146	0.158811955	-0.05668597	-0.0828623264	-0.2087259493	-0.0775599973	-0.094792837	0.0654110929	-0.1346915149	0.0831471893	-0.0119808287552558	-0.0033789443323399	0.0001435402576627	1.1417264801052604e-05	-0.0333652631095873	-0.011890809866017	0.0011132407823719	0.0001413913592697	0.2170541770633747	0.0424458874435203	0.0018016533608679	0.0471125157806588	-0.0021804078353786	-0.0002734600530451	4.754178328580392e-06	7.478040061142898e-08	0.0005693469746987	8.16358036546e-05	6.6644044383324024e-09	3.241559775985621e-07	-0.0003173793496809	-9.634430927240005e-05	1.0072965160387101e-07	9.282225929175869e-09
13598.792968586396	69.50676504449802	4831.1903869510525	184927170.2024748	21631.608223709405	314.3817605411241	98835.89136093669	467926474.3440524	13841.604326413002	-3.737530743634125	13.969136059610252	191590010.32897517	15905.332924258011	15034.669976307796	1.32258	26.494408	0.0602243601123963	0.0340952445443532	0.0485878233	0.1252729038	0.1223742382	-0.1813691653	-0.2027801637	0.0533290476	-0.213176685	-0.1836991533	0.0188023313	0.0227480214	0.1733162741	-0.1505762036	-0.0358274081	0.0610414241	0.0274069648	-0.1043651999	-0.0230067842	0.1430623425	-0.0078640442	-0.1084521088	-0.0403565823	0.058425949	-0.006075825	0.0113872149	-0.0011936596	-0.0615160962	-0.1224376245	0.0509576777	-0.1121703674	0.0591472684	0.0297830881	-0.0570993992	0.0713378755	0.046681208	-0.1837604193	0.024555033	-0.043094165	-0.147344502	-0.0645434085	-0.0714991192	0.0165592691	0.140099579	-0.108386468	-0.0745528206	0.0803501413	-0.0138971792	-0.0916373425	-0.155367713	0.1756015477	0.111887412	-0.1268368376	0.0065080836	0.1601745464	-0.0060247366	0.0141151228	0.0399564496	-0.1864443621	-0.0466609807	-0.0552023204	0.0480598552	-0.0013465608	0.2203315305	-0.0007927946	0.0578770977	0.0143640519	0.211262288	0.0829619687	-0.0406711771	0.0431269679	-0.0384822125	0.1655241879	0.0466554506	0.1147653116	0.0596199655	-0.1387282777	-0.1373117808	0.0924399334	-0.0172627324648715	-0.0052819037096156	0.0002980019321537	2.789850679765208e-05	-0.0673415423546117	-0.0339762792450244	0.0045348833266979	0.0011543875513358	0.2141803406184834	-0.0028738364448913	8.258935911985518e-06	0.0458732183074495	-0.0023618770861386	-0.0001814692507599	5.578463370026563e-06	3.2931088971395635e-08	0.0007019322585344	0.0001325852838357	1.7578857489793138e-08	4.927088955712038e-07	-0.0003651716293425	-4.779227966159998e-05	1.333503188766562e-07	2.284101995252583e-09
13574.483326467704	-24.309642118692864	590.9586999389261	184266597.5805497	21399.59718711704	-232.0110365923647	53829.12110066359	457942759.7708675	13804.598643361784	-37.00568305121851	1369.420578087241	190566943.704306	15842.448052093272	14680.05846786499	1.125408	22.54459	0.0659935113167635	0.0302560282884294	0.1535014917	-0.0340837721	0.110457382	0.0123127544	-0.0759733198	-0.0222371566	-0.0873347118	-0.1195060668	-0.0634104398	0.024755273	-0.0041557095	0.0694273171	0.0829871303	0.1788891155	0.097146381	0.0253561828	-0.0085742585	0.0413434976	0.3178021427	-0.0353150178	0.0570898727	-0.0515609526	-0.0629838084	-0.0115825285	0.0253713448	0.2963834172	-0.0221856323	-0.2209066006	-0.0965397487	-0.0461071795	-0.2186973877	0.053966806	-0.0975054158	-0.0010586469	-0.1297451788	-0.1422751562	-0.0124626818	-0.0517030879	-0.2298458198	-0.086578194	-0.0422689298	-0.0248313644	-0.0686875791	0.1855062224	-0.1116705136	0.0598345114	-0.2218619336	0.1695873915	-0.0009615995	-0.0171096876	0.0447981835	-0.0034301193	0.0921338738	-0.1253356347	0.0203176525	0.1698165794	-0.0725847439	0.0478678549	0.1535759938	0.0255196548	-0.0138318656	0.2097818529	0.1791475435	0.0369755368	-0.0781509561	-0.0433407106	0.0778023031	0.05643824	0.0232476679	0.0446643477	0.097730703	0.1681273153	-0.0359662129	0.0783194008	0.0470980916	-0.1397444952	0.1012278027	-0.0163837647515663	0.0008789677133051	0.0002684277474346	7.725842410329678e-07	-0.0537424278647478	0.0135991144898639	0.0028882485527976	0.0001849359149084	0.1993724580481739	-0.0148078825703094	0.000219273386216	0.0397493770281708	-0.0020073396538467	0.0003545374322919	4.029412485905389e-06	1.256967908961336e-07	0.0005500957653239	-0.0001518364932105	2.305432067046222e-08	3.026053510272872e-07	-0.0005929486347058	-0.0002277770053633	3.5158808339947225e-07	5.18823641722728e-08
13540.438081609953	-34.04524485775073	1159.0786974242026	183343463.441913	21514.429630055147	114.8324429381064	13186.489951133462	462870682.3065949	13821.65096480758	17.052321445797133	290.78166669079286	191038035.39296636	15880.590609717916	14683.593031076283	1.123096	22.498272	0.0487675370039019	0.0279547681014473	0.1470143602	-0.0915795286	0.0468388962	0.1903532532	0.014150715	-0.13390055	0.1568172817	0.014359714	-0.031372906	-0.0162471317	0.1132209477	-0.0266386139	0.1132089609	-0.0133141664	0.0120993985	0.1895633601	0.0907753394	-0.106784112	-0.0166328214	0.0441523891	-0.0401308785	-0.0845345968	-0.166991069	-0.0354039281	0.0990817096	-0.1240638138	0.0060813414	-0.0679305506	0.0340762777	-0.2475555347	0.0530099778	-0.1541743937	0.0757092101	-0.0477609178	0.1419941541	-0.1591595079	0.0399320609	0.0540572463	-0.0066749561	0.0134386623	0.0513755186	0.1119232248	0.0937655851	-0.0500952177	-0.0802794216	-0.0830834678	0.01295249	-0.0386663375	0.0082024947	0.094430348	-0.0181666904	-0.0316533783	-0.1668654175	-0.134518407	-0.0317347128	0.149826888	0.0648955581	0.0814031197	0.1533078862	0.1499169501	-0.1423083957	0.1502422391	-0.1058190407	-0.0119768123	0.2022776848	-0.2293419721	-0.1354420869	-0.0955841628	-0.127057651	0.0973830377	0.1544963315	-0.1057763719	0.0797464397	-0.0476567204	-0.0928636157	-0.1419863355	0.1094628008	-0.019902285632483	-0.0035185208809166	0.0003961009733969	1.2379989189446816e-05	-0.034089248139864	0.0196531797248838	0.0011620768387412	0.0003862474732985	0.2148640008092854	0.0154915427611114	0.0002399878971193	0.0461665388437725	-0.0021033689892075	-9.60293353608004e-05	4.424161104759781e-06	9.221633249837071e-09	0.0004441242483597	-0.0001059715169641	1.1229962407693724e-08	1.972463479810685e-07	-0.0005930336551206	-8.502041479998766e-08	3.516889161056988e-07	7.228470932761959e-15
13530.493315453834	-9.94476615611893	98.8983738998885	183074249.35954088	21552.981363932293	38.55173387714604	1486.2361849342892	464531005.6740127	13798.243583019868	-23.40738178771244	547.905522155732	190391525.97634897	15843.633312584489	14729.591148816622	1.226544	24.570581	0.0312884086395632	0.0180470620280972	-0.1072884713	-0.0785439157	-0.1318312968	0.0840921259	0.0245769576	-0.1518818343	0.0616388089	0.1888847925	-0.0802042508	-0.0213270938	-0.0082755853	-0.2538083186	-0.1394915963	-0.1265474233	0.0640727663	0.0195472665	0.0451731957	-0.110759061	-0.1364654973	-0.0177214165	0.0338763088	-0.025883286	0.1068332873	0.0730346264	0.006976697	0.1251988425	-0.1264296824	0.1806249167	-0.106294204	0.0052412394	0.0570798441	-0.0935195498	-0.0535803984	-0.1914540425	0.0968711357	0.0509370002	-0.0402187559	0.1153148137	0.0786844486	-0.0899456878	-0.1433827983	-0.0944786326	-0.0541942853	0.0876271476	0.1273971655	0.032452035	-0.071245672	0.0006947747	0.1577934154	-0.0416344287	0.0212426516	-0.0107504761	-0.1275439995	0.0746033814	-0.1013151104	-0.0655764324	0.1143386615	0.0593508642	0.0529311947	-0.0213136325	0.0311616331	-0.0308238583	0.0820147812	-0.0338825775	-0.0187016571	0.0678537885	0.1049649557	0.1188816386	-0.039976862	0.0697762336	0.1032051936	0.0204598817	-0.0444859042	-0.0917574223	0.1199140205	-0.1440342395	0.1170999511	-0.0181273230615346	0.0017749625709483	0.0003285998413772	3.1504921282677454e-06	-0.0200312023381741	0.0140580458016898	0.0004012490671128	0.0001976286517624	0.2110415490730304	-0.0038224517362549	1.4611137275998695e-05	0.0445385354351443	-0.0022218393348326	-0.0001184703456251	4.936570029809371e-06	1.4035222792530656e-08	0.0005581595353159	0.0001140352869562	1.3004046671182884e-08	3.1154206686406146e-07	-0.0005928803170885	1.5333803209994799e-07	3.515070703909604e-07	2.351255208828467e-14
13545.007791790831	14.514476336997175	210.670023337251	183467236.07967436	21379.167530733	-173.81383319929228	30211.2486114314	457068804.30714816	13830.184718002509	31.941134982640506	1020.2361039792612	191274009.33407012	15882.283629128648	14614.87408564641	1.215988	24.359106	0.0614220827937034	0.0329580925023965	-0.0669731851	0.2078338344	-0.094474701	-0.0665915577	0.1313738822	0.0452128846	-0.0638201082	0.0805619455	0.1793720016	-0.0337348127	-0.1544890072	0.0378580709	0.0877869799	-0.1077465939	-0.0346035533	-0.055916107	-0.1724626186	0.0886223378	-0.1129268589	0.0069334345	-0.1479654521	-0.0348822387	0.1214619682	-0.0390949031	-0.0937970734	0.076029713	0.0583653621	-0.1759293458	-0.0755658522	-0.0179178465	-0.0398923614	0.0260123474	0.0838829407	-0.0006886248	-0.0244514931	0.1200464103	-0.0825129421	-0.1566080674	0.1671261001	0.0720125874	0.0236723385	0.0001098539	0.0876780024	0.0639175105	-0.0269510837	-0.0781389086	-0.0747150615	0.0119155868	-0.111941068	-0.0176278722	-0.0811250375	0.0246624602	0.0242907473	0.1839085582	-0.0928110492	-0.0472284545	-0.1130634666	-0.0520260468	-0.0670616458	0.0460520793	0.0285685031	0.1110921841	-0.0873025708	0.0925483275	0.1047615335	0.158007743	-0.0641146282	-0.0080369338	0.2917115189	0.1657778608	-0.1176812955	0.0751948561	0.2115386563	-0.1678260546	0.0893487616	-0.1458854101	0.124097542	-0.0180710966523776	5.6226409156999446e-05	0.0003265645342195	3.161409086690311e-09	-0.0447604349001409	-0.0247292325619668	0.0020034965324497	0.0006115349431038	0.2229123465528601	0.0118707974798296	0.0001409158328071	0.0496899142457024	-0.0026398155779768	-0.0004179762431441	6.968626285728986e-06	1.7470413983293914e-07	0.0006347830383264	7.662350301049995e-05	5.871161213600095e-09	4.029495057468958e-07	-0.0005921635363882	7.167807003000863e-07	3.506576538277791e-07	5.137745723226822e-13
13551.088166256388	6.080374465556815	36.970953641395326	183631990.48965392	21540.33086081112	161.16333007811772	25973.618961868324	463985853.5932118	13838.13254424672	7.947826244211683	63.16794200817999	191493912.31214023	15920.611896388707	14885.977025252125	1.213324	24.305754	0.0545717110218389	0.037348644967603	0.0923637515	0.0476938072	0.0694452929	-0.216210537	-0.0273970711	0.1545443761	-0.0703389784	-0.0254533168	0.0601119691	0.1014336208	0.0343204497	-0.0372250901	0.0144007699	0.1165871242	-0.0092719049	-0.1285000924	-0.1168187468	-0.1431107138	-0.0109305085	0.0525153833	0.0452880744	0.1067481713	-0.0104512845	0.1578205713	-0.0247862616	0.0408997552	-0.0710174446	0.0947811193	-0.2402830307	-0.0762261062	-0.1170640604	-0.0211172848	-0.1397795201	0.1411536431	-0.0689735885	0.0295390738	-0.1132577272	-0.0166646817	-0.0420377605	0.1245098583	-0.0707908222	-0.0637735735	0.0306790906	-0.0347392413	-0.0924223671	0.2157801762	0.1092679683	0.1706844354	0.1041601685	0.1269960891	-0.0471798966	0.0505178932	0.0763792946	-0.003683544	0.0025701782	0.1386313789	-0.0446479114	-0.1177125533	-0.0287211251	-0.0465289321	0.1096612232	0.2060498255	0.2271806205	-0.0712572658	0.0097415692	-0.1396390993	0.0383489635	-0.0659576487	-0.0513248331	-0.1539658555	-0.1395413157	0.2183272504	-0.2715493583	0.1789093691	-0.0820412674	-0.1475373187	0.1304173552	-0.0180813962125228	-1.0299560145199392e-05	0.0003269368889942	1.0608093918457976e-10	-0.0335900481801445	0.0111703867199964	0.0011282913367444	0.0001247775394742	0.1892709665580128	-0.0336413799948473	0.0011317424479577	0.0358234987818043	-0.0024538158679414	0.0001859997100353	6.021212313761006e-06	3.459589213325284e-08	0.0006437281626767	8.945124350300026e-06	8.001524964233046e-11	4.1438594742312e-07	-0.0005922115969395	-4.8060551300081924e-08	3.507145755496329e-07	2.309816591267805e-15
13539.329289327316	-11.758876929072358	138.27118663307016	183313437.6048365	21496.55793313419	-43.77292767692779	1916.0691974095512	462102002.9725945	13818.691852334105	-19.440691912615875	377.9405020412483	190956244.50976497	15895.713845444696	14697.297675792988	1.126004	22.55653	0.0650469914562249	0.0316112366256958	-0.0286042691	-0.1001342228	0.1151321084	-0.0083582359	-0.0125362998	0.1109066606	-0.0289052321	-0.0478569536	-0.054471188	-0.0493444115	0.1104924193	-0.0394846658	0.0230295282	0.0636436975	0.0076079061	0.019665293	0.201149926	0.0774968011	-0.0011233072	0.0908073831	-0.0248497893	-0.0168846405	-0.3004486265	0.0803500227	0.0213514735	-0.0760977778	0.1313359471	0.0226368612	-0.1100599128	0.0143904394	0.0012195261	0.0453187239	-0.103896754	0.1034554239	-0.0164336511	-0.0003346643	0.131282573	0.045786769	-0.1385206236	0.0463752082	0.0110301715	0.1549057775	0.116899068	-0.0018595195	-0.0489639582	0.2179492959	-0.0761974109	-0.0473623347	-0.0145826355	0.1005435838	0.0035324658	0.0585223327	0.0139295225	-0.1285910588	0.1098880702	-0.0678294252	0.0422511827	-0.0690585338	0.0823932951	0.0332491739	0.0481748645	0.0713971987	-0.1554794928	-0.0045605239	-0.0112775207	-0.2281458382	-0.0178994154	-0.0471639602	0.0055290324	0.005159172	0.10688162	0.076961374	-0.0367042461	0.0758652869	0.1002696105	-0.1489877092	0.136024874	-0.0093925457778709	0.0086888504346519	8.821991618940047e-05	7.549612187575052e-05	-0.0528841180672543	-0.0192940698871098	0.0027967299437512	0.0003722611328086	0.1824047808527495	-0.0068661857052632	4.714450613916193e-05	0.0332715040779395	-0.0021658944365511	0.0002879214313902	4.691098710283008e-06	8.289875065383913e-08	0.0005049498962186	-0.0001387782664581	1.925940724111541e-08	2.549743976911749e-07	-0.0004149535862039	0.0001772580107356	1.721864787034775e-07	3.14204023699421e-08
13566.652153452702	27.32286412538633	746.5389040143234	184054050.65278283	21478.08695953968	-18.470973594510724	341.17686552911243	461308219.44154847	13822.83475597994	4.142903645835759	17.16365061867922	191070760.69112703	15893.332904223573	14914.714272572444	1.184245	23.723232	0.0957910301961953	0.0524975973688572	0.0446127812	0.0725776197	0.0976469493	0.2914869179	-0.0456890711	-0.2126902402	0.1058875856	-0.0302491971	0.0797852141	-0.1459434727	-0.0323225023	0.1984653409	-0.0666863136	-0.1097240738	0.0166188917	0.158063905	0.1202684021	0.2416982581	0.0087353449	0.1446666692	-0.1281962558	-0.1084564342	0.1275721188	0.1034236213	-0.0116164674	-0.0296685648	-0.0357513253	0.1683557924	0.0300156435	0.0237683392	-0.0456415376	0.0277747688	-0.0220621717	-0.1484849467	0.0906476757	-0.0228069959	0.2864068657	-0.1052485043	-0.0609260013	-0.0766992971	0.0051572334	-0.0853430486	0.23178516	-0.0250196538	-0.0687395564	-0.1345148275	0.0659583721	-0.0320987324	-0.12615111	0.0258200338	-0.0229886064	0.0023564024	-0.1668813488	-0.1483788654	-0.0390476992	-0.0931032374	-0.1171822553	-0.0053026765	0.0691497164	0.0750876526	-0.1073369976	0.002832418	-0.0362467011	0.0937491084	0.0199875518	-0.156844086	0.025783156	0.1469724664	0.0141278819	-0.0362007083	-0.1188655955	-0.0019797756	0.1025631652	-0.0848323083	-0.1767117684	-0.1502346003	0.1408894722	-0.0158076463688132	-0.0064151005909423	0.0002498816837214	4.115351559190825e-05	-0.0732472321739976	-0.0203631141067433	0.0053651570211515	0.0004146564161242	0.2253318178855892	0.0429270370328397	0.0018427305084187	0.0507744281516243	-0.002529399780374	-0.0003635053438228	6.39786324895604e-06	1.3213613498780468e-07	0.0006009469433965	9.599704717790004e-05	9.215433066875968e-09	3.6113722877759617e-07	-0.0003527404078913	6.221317831260002e-05	1.244257953593207e-07	3.8704795557553655e-09
13560.771387406036	-5.880766046666395	34.5834092956243	183894520.6214902	21496.842541264552	18.75558172487217	351.771845838359	462114239.2439214	13794.43635163484	-28.39840434510006	806.4693693477981	190286474.25930476	15862.369033619343	14732.434425243964	1.109258	22.221054	0.0269853240770785	0.0137540201443356	0.1679604047	0.0408540395	-0.1307675661	0.1613471548	-0.0094943972	-0.1380095091	0.1472733988	0.025776834	0.1557199791	0.0321896725	0.0347042997	0.0325931035	0.0868070491	0.025799759	0.0363372646	0.2497905206	-0.1721783008	0.0073595695	-0.1120011779	0.081194258	0.0457064895	-0.0909083868	0.0079547874	-0.0539981777	-0.126000548	-0.1215998598	0.0531384906	0.0722924946	0.0416165277	0.0341913353	-0.0344339728	0.0188770445	0.145028347	-0.1005841013	0.1607524562	-0.2120719958	-0.0612189767	-0.1058514609	0.0452358638	0.0263510023	-0.1069798369	-0.0225053437	0.0156670253	-0.1027228226	-0.0145112675	-0.1843908447	0.2114105013	1.01883e-05	-0.0114038438	0.0875338656	0.0398050275	0.0273448852	-0.1709951087	-0.0130496968	-0.0805986943	0.1191615359	-0.1001570603	-0.1297836447	-0.03697034	0.0712724969	-0.0605318696	-0.1096120163	-0.0138876734	-0.0491109486	0.05353895	-0.0703311837	0.1068306207	-0.0032372614	0.017033024	-0.1330243257	-0.0420523952	0.2723102387	-0.1664691962	-0.0173057587	-0.0922867132	-0.151276289	0.1449845808	-0.0180073267162157	-0.0021996803474024	0.0003242638154645	4.838593630748775e-06	-0.0676178182734759	0.0056294139005216	0.0045721693480648	3.169030086338693e-05	0.2176200917359949	-0.0077117261495943	5.94707202063367e-05	0.0473585043271828	-0.0025294356477566	-3.5867382599998755e-08	6.398044696141851e-06	1.2864691345746929e-15	0.0004288747926162	-0.0001720721507803	2.9608825074158308e-08	1.8393358774158854e-07	-0.000295958352463	5.6782055428299984e-05	8.759134639261334e-08	3.2242018186625316e-09
13544.924099851532	-15.847287554503056	251.1365228351074	183464968.87073883	21503.12656776578	6.284026501227345	39.48898906812759	462384452.1893545	13846.28495129244	51.84859965760006	2688.277286454085	191719606.9523875	15882.756467552284	14691.9414568681	1.155335	23.144081	0.0649532512634577	0.0331861154443029	-0.0375100272	-0.1286869084	-0.1954497082	-0.0468609841	0.056677853	0.0063193002	0.1307262728	0.1721214151	0.0033720908	0.1193117335	0.0779348688	-0.1376849775	-0.0975031144	-0.0215599437	-0.0532170108	0.0328206799	-0.0646846932	-0.1241783501	-0.0761322326	-0.1204972217	0.0203855194	-0.0072935389	0.0445324836	0.0278894805	-0.0619854081	0.0775446693	0.086670403	0.0688552042	0.1462725904	0.1547520346	0.0292909802	0.2635356513	0.1515068276	0.0037524814	0.1256879597	-0.0109355611	-0.1702264232	0.084429335	0.1180712348	-0.0209204874	-0.0079405784	0.010852682	0.0101548484	-0.050663674	0.0992835921	-0.1259843626	-0.0816755174	-0.1774765254	-0.0065995814	-0.0840057808	-0.0464751498	0.0617402435	-0.0753525913	0.0912823625	0.0447460762	0.0802635145	0.1395006264	-0.0823093366	-0.0415608282	-0.0422454401	0.0880093786	-0.0783047075	-0.0997473278	0.1092256246	0.0766902188	0.1025141916	-0.0469493086	0.0520224966	0.0561867489	0.1739017498	0.005424898	0.1005077715	-0.0734863498	0.0948833354	0.0112636558	-0.1521113526	0.148287834	-0.012401714696324	0.0056056120198916	0.000153802527409	3.142288611755429e-05	-0.0641542282933471	0.0034635899801288	0.0041157650079148	1.1996455550448626e-05	0.1923761492425626	-0.0252439424934322	0.0006372566326117	0.0370085827973967	-0.0023508324519195	0.0001786031958371	5.526413216997848e-06	3.1899101563225594e-08	0.0005661968727228	0.0001373220801066	1.8857353684803468e-08	3.2057889868107855e-07	-0.0005928352119194	-0.0002968768594564	3.514535884915199e-07	8.813586968069508e-08
13532.17332346222	-12.750776389311795	162.58229853023116	183119714.85622257	21376.621598786	-126.50496897977791	16003.507176574572	456959950.9776842	13835.460156852816	-10.824794439624384	117.17617466012298	191419957.75186172	15900.17157339625	14581.90006021353	1.084611	21.727316	0.0483143653671927	0.0291804084017859	-0.1638914363	0.0392738634	-0.1382502104	-0.0371319725	0.1012426574	0.0796973241	-0.0519228703	0.1991135632	0.0162934231	-0.0893943039	-0.0981057545	0.1093869466	-0.0274537289	-0.0837904525	-0.0615308006	-0.055542161	-0.0863159561	-0.057501554	-0.0619367834	0.2965420798	0.1231732378	-0.133316429	0.0629009486	0.0261768704	0.1193291677	0.1085609245	0.1950210094	0.1223013294	0.0512364344	-0.011651357	-0.0959924435	-0.148416289	-0.0146316967	0.0160349636	0.0756501059	0.1841326979	-0.0564852556	0.0253020736	-0.0021768785	0.0237530387	-0.1450341246	-0.0141366947	0.1568992369	0.0355182432	0.0613181287	0.160091683	0.0910709521	0.0536393178	-0.0821822303	0.105069333	0.3422998606	0.040914453	-0.0186898946	0.1569064589	-0.0394890502	-0.1366824074	0.0877378771	-0.0683915891	-0.0209195187	0.0306239163	0.1233397679	-0.0865451558	-0.0376907622	0.0975727414	-0.0680504634	-0.0948844656	0.1003966816	0.1332458481	0.1112313486	0.0993347967	0.0037787001	-0.04649115	-0.0086645901	-0.0573358586	-0.0903967647	-0.1527386503	0.1507811905	-0.0064826622093789	0.0059190524869451	4.202490932090932e-05	3.503518234321097e-05	-0.0526714616220687	0.0114827666712784	0.002774282869405	0.000131853930427	0.2184598939349769	0.0260837446924142	0.000680361737179	0.0477247252580813	-0.0023298566551716	2.097579674789976e-05	5.428232033647396e-06	4.3998404920920216e-10	0.0004906911822659	-7.55056904569e-05	5.7011092913732e-09	2.4077783635350666e-07	-0.0005929297550457	-9.454312629997297e-08	3.515656944185538e-07	8.93840273057264e-15
13539.73182886227	7.558505400049398	57.13100388257592	183324337.997506	21468.200733858	91.5791350719992	8386.737980535472	460883642.7492212	13825.149474344136	-10.310682508679747	106.31017379479448	191134757.98795795	15905.8006568501	14753.054343443651	1.034561	20.724699	0.080675415001418	0.053054801456899	-0.0468274824	0.1827335315	-0.0631622954	-0.1630991537	0.0719951365	0.1660900322	-0.0677503401	0.0106703684	0.1529436378	-0.0171735949	0.0433310882	0.0235866338	-0.0006633432	-0.0330476668	-0.0824224978	-0.1848423336	-0.2044224107	0.0942634921	0.1532778893	0.0401149498	0.1784851909	0.1183401293	0.0810534333	-0.0227709532	0.0230005039	0.1205065485	0.0229767278	-0.1838214289	0.2130050283	-0.0242600229	-0.0095238942	-0.075134404	0.0092002022	0.0829067824	0.0065272468	0.1218882181	-0.1275360628	-0.1556007389	-0.0003124126	0.0763054113	0.1056163896	-0.0468854968	-0.0621182937	-0.2963271393	0.0798877862	0.1257053252	-0.019074955	0.1498926468	-0.1729802386	-0.1783796865	0.1433019885	0.0938367527	0.0532549711	0.1750585883	0.0070602724	-0.003373252	-0.100674821	-0.174977888	-0.060266987	-0.0449423859	0.0841620695	-0.1150633841	-0.0548839702	0.0413269977	-0.0072177236	-0.128238557	0.0203315995	-0.2015029286	0.0028796238	0.1316476874	0.2390149523	-0.105725941	-0.110215189	-0.1423153941	-0.0586197177	-0.1531573254	0.1524510324	-0.0043744365652145	0.0021082256441644	1.913569526308563e-05	4.444615366712399e-06	-0.0529248123350356	-0.0002533507129669	0.0028010357606987	6.418658376083665e-08	0.1717065499973102	-0.0467533439376667	0.0021858751693537	0.0294831393119787	-0.0021129492113156	0.000216907443856	4.464554369599215e-06	4.704883920014391e-08	0.00042076263866	-6.992854360590001e-05	4.890001210842261e-09	1.770411980921257e-07	-0.0002485558483752	0.0003443739066705	6.17800097615154e-08	1.1859338759550225e-07
13629.39143524358	89.65960638131037	8038.845016451511	185760310.89509103	21559.4381163354	91.2373824774004	8324.259961327447	464809371.8920957	13873.62865156009	48.479177215953314	2350.230623535807	192477571.96138903	15978.469653102884	15021.09662268712	1.320642	26.455582	0.1648422046459662	0.0924391322447922	-0.0972838831	-0.1272619276	0.1620627533	-0.1768340634	-0.1307707105	0.2542302386	-0.0161740837	-0.0798093995	-0.1251188607	-0.1133425064	0.2327869135	-0.0157910704	-0.0645138893	0.0099374633	-0.3049137964	-0.0557847771	0.001979134	-0.0191713566	0.0747974567	-0.1276113745	0.1908490966	-0.0241303998	-0.0362258113	0.0194924807	-0.1072790013	-0.2719546745	-0.1884560243	-0.0086322084	0.120242735	0.1273022335	-0.0459273503	0.036997407	0.0435635659	0.2838222104	0.0598273598	0.1544237244	0.0210112502	0.0386885865	-0.1863365199	-0.0056501207	0.0389242826	0.0683972053	-0.1304706129	-0.2832862101	0.0928166802	-0.119221252	0.06387203	-0.0392766808	0.0850780083	0.2229831935	-0.095085806	0.1621253125	0.1121013215	-0.0137849913	0.4046731844	-0.1538905692	9.40504e-05	-0.2753634617	-0.0082502397	-0.0649464363	-0.0277476389	-0.1378718202	-0.1954962127	0.00741432	-0.076379889	-0.0389498357	0.0019745129	-0.0848797803	-0.1856109767	-0.091781244	-0.0701339815	-0.1871754365	0.0423824401	0.018897619	0.2507994513	-0.153366806	0.1532882396	-1.930440156172608e-05	0.0043551321636527	3.7265991965637236e-10	1.896717616288289e-05	-0.1196557469755816	-0.066730934640546	0.0143174977842844	0.0044530176380008	0.1375604559417667	-0.0341460940555435	0.00116595573925	0.0189228790389067	-0.0014959963699034	0.0006169528414121	2.2380051387641506e-06	3.806308085265869e-07	7.00358318006522e-08	-0.0004206926028281	1.7698226607436505e-07	4.9050177360092456e-15	-9.400041689112028e-05	0.000154555431484	8.83607837570441e-09	2.3887381401230057e-08
