#!ascii label  , from subject sub-v2s4x29619_ses-1 vox2ras=TkReg
3250
49705  -16.642  -11.622  91.600 0.4444440007
48771  -17.082  -12.550  91.568 0.4444440007
49706  -17.514  -11.737  91.512 0.5555559993
110756  -17.819  -12.611  91.377 0.4444440007
47660  -18.007  -13.530  91.198 0.4444440007
48776  -18.310  -12.473  91.050 0.4444440007
127170  -18.077  -11.841  91.306 0.5555559993
46508  -18.144  -15.117  91.048 0.4444440007
46507  -18.132  -14.164  90.980 0.4444440007
45473  -18.432  -15.763  90.835 0.4444440007
46512  -18.185  -14.888  90.866 0.4444440007
130771  -18.437  -12.648  90.823 0.4444440007
44519  -18.717  -16.592  91.012 0.3333329856
44521  -18.765  -16.655  90.746 0.4444440007
46511  -18.208  -13.860  90.780 0.4444440007
43579  -18.992  -17.447  90.883 0.3333329856
44525  -18.589  -16.806  90.106 0.4444440007
45478  -18.334  -15.837  90.411 0.4444440007
43584  -19.033  -17.560  90.482 0.3333329856
43588  -19.478  -18.370  90.168 0.3333329856
50675  -16.721  -10.445  90.774 0.4444440007
50671  -17.101  -10.444  91.336 0.4444440007
50668  -17.274  -10.945  91.560 0.5555559993
49709  -18.514  -11.396  90.923 0.5555559993
50677  -18.934  -10.580  90.480 0.4444440007
126390  -18.255  -13.624  90.315 0.4444440007
122803  -18.879  -12.291  90.083 0.5555559993
49712  -19.201  -11.195  90.277 0.4444440007
45472  -18.145  -14.676  90.477 0.4444440007
47669  -18.582  -12.943  89.802 0.4444440007
48781  -19.360  -11.636  89.964 0.5555559993
121111  -18.201  -13.931  89.477 0.5555559993
48785  -19.217  -12.178  89.242 0.5555559993
48786  -19.800  -11.335  89.166 0.6666669846
47674  -18.745  -13.078  88.868 0.5555559993
48793  -19.352  -12.501  88.256 0.5555559993
43587  -18.967  -17.677  89.768 0.3333329856
44528  -18.135  -16.266  88.429 0.4444440007
46524  -18.189  -14.991  87.846 0.5555559993
47681  -18.866  -13.321  87.954 0.4444440007
42655  -19.423  -18.432  89.488 0.3333329856
43592  -18.355  -17.073  88.147 0.3333329856
45504  -19.652  -14.709  85.889 0.3333329856
51690  -17.641  -10.109  91.020 0.4444440007
50672  -17.734  -10.461  91.282 0.5555559993
51699  -17.954  -9.800  90.381 0.3333329856
50673  -18.318  -10.574  90.985 0.4444440007
51710  -18.539  -9.353  89.657 0.3333329856
51700  -18.721  -9.590  90.161 0.4444440007
50678  -19.640  -10.455  89.975 0.4444440007
50685  -20.196  -10.287  89.411 0.4444440007
49718  -20.276  -10.739  89.020 0.6666669846
109152  -20.045  -12.042  87.727 0.6666669846
49729  -20.388  -11.212  88.438 0.6666669846
48855  -34.834  -12.385  82.756 0.7777780294
48856  -35.498  -12.601  82.116 0.7777780294
46526  -19.114  -13.772  87.050 0.4444440007
47682  -19.575  -12.851  87.421 0.4444440007
48865  -36.143  -12.719  81.588 0.8888890147
46525  -18.613  -14.607  87.230 0.4444440007
46536  -19.785  -13.953  86.244 0.3333329856
52814  -19.070  -9.067  89.522 0.3333329856
52808  -19.747  -9.310  89.641 0.4444440007
51702  -20.037  -9.768  89.627 0.4444440007
51712  -20.997  -9.462  88.599 0.6666669846
50686  -20.744  -10.118  88.678 0.6666669846
49754  -31.682  -11.535  84.966 0.6666669846
49719  -20.722  -10.686  88.451 0.6666669846
48818  -31.348  -12.023  85.152 0.7777780294
48794  -20.600  -11.530  87.831 0.6666669846
47716  -32.477  -12.702  84.397 0.7777780294
48844  -33.892  -12.498  83.717 0.7777780294
49777  -34.551  -11.877  83.231 0.7777780294
48805  -20.494  -11.929  87.220 0.6666669846
49787  -34.913  -11.619  82.679 0.7777780294
50761  -35.428  -11.349  81.984 0.7777780294
49788  -35.877  -12.014  81.749 0.7777780294
48899  -38.291  -12.538  79.495 0.8888890147
47692  -19.920  -13.145  86.666 0.3333329856
118596  -20.144  -12.485  87.078 0.4444440007
120038  -36.527  -12.131  81.308 0.8888890147
47700  -20.296  -13.379  86.065 0.4444440007
47701  -20.595  -12.916  85.868 0.4444440007
47766  -36.923  -13.526  81.054 0.7777780294
47767  -37.385  -13.521  80.709 0.6666669846
53922  -19.883  -8.140  88.362 0.3333329856
53915  -20.382  -8.362  88.749 0.4444440007
131198  -18.926  -8.967  89.163 0.3333329856
53914  -19.923  -8.328  88.688 0.3333329856
52816  -20.307  -9.005  89.177 0.4444440007
51711  -20.533  -9.581  89.083 0.5555559993
52817  -20.987  -9.062  88.671 0.5555559993
50687  -21.366  -9.688  88.235 0.6666669846
48817  -30.712  -11.827  85.437 0.6666669846
50699  -21.696  -9.944  87.817 0.6666669846
47702  -30.341  -12.198  85.344 0.7777780294
49740  -21.534  -10.701  87.051 0.6666669846
49731  -21.409  -10.522  87.590 0.6666669846
47713  -30.656  -12.720  84.817 0.4444440007
48830  -31.536  -12.446  84.807 0.6666669846
49766  -33.365  -12.030  83.997 0.7777780294
49776  -34.093  -11.789  83.625 0.8888890147
124687  -20.736  -11.772  86.732 0.5555559993
49730  -20.901  -10.926  87.974 0.6666669846
46544  -31.076  -13.340  84.478 0.3333329856
50746  -34.038  -11.237  83.522 0.7777780294
49786  -34.506  -11.357  83.159 0.7777780294
48813  -20.817  -12.068  86.117 0.4444440007
49760  -21.143  -11.551  85.596 0.3333329856
46573  -31.032  -13.811  83.883 0.3333329856
50759  -34.535  -10.958  82.912 0.6666669846
50776  -34.935  -10.633  82.262 0.6666669846
51791  -35.322  -10.435  81.684 0.6666669846
49797  -36.181  -11.443  81.440 0.6666669846
48887  -37.460  -12.048  80.511 0.8888890147
48909  -38.382  -12.396  78.534 0.8888890147
47710  -20.625  -13.160  85.270 0.2222220004
48824  -20.821  -12.378  85.426 0.3333329856
51790  -34.890  -10.176  81.823 0.6666669846
51808  -35.868  -10.484  81.247 0.6666669846
127569  -36.368  -10.692  80.943 0.6666669846
47781  -37.923  -13.425  80.263 0.7777780294
47799  -38.425  -13.333  79.689 0.7777780294
47814  -38.645  -13.179  78.878 0.8888890147
47722  -20.558  -13.247  84.607 0.2222220004
48851  -20.837  -12.050  84.125 0.2222220004
51821  -35.406  -9.799  80.531 0.6666669846
45539  -37.446  -14.787  80.537 0.5555559993
46632  -38.052  -14.722  79.997 0.6666669846
47800  -38.820  -14.151  78.962 0.6666669846
48850  -20.304  -12.873  83.106 0.1111110002
46633  -38.670  -14.918  79.320 0.6666669846
53924  -20.993  -7.725  88.469 0.5555559993
53925  -21.592  -7.570  88.190 0.6666669846
52826  -21.240  -8.296  88.469 0.6666669846
52833  -22.144  -8.465  87.490 0.6666669846
49752  -30.420  -11.323  85.589 0.6666669846
49753  -31.110  -11.427  85.288 0.6666669846
50722  -31.442  -11.220  85.086 0.6666669846
51727  -21.967  -9.447  87.398 0.5555559993
48816  -30.012  -11.749  85.700 0.6666669846
50706  -21.819  -10.165  87.245 0.5555559993
114422  -29.999  -12.538  85.058 0.4444440007
50716  -21.857  -10.348  86.446 0.4444440007
47725  -28.644  -13.016  84.433 0.3333329856
47726  -29.376  -13.127  84.357 0.3333329856
50733  -32.604  -11.378  84.228 0.7777780294
49761  -21.579  -10.773  85.684 0.3333329856
46552  -28.279  -13.323  83.800 0.3333329856
46554  -29.808  -13.431  84.079 0.3333329856
50758  -34.045  -10.918  83.289 0.6666669846
48916  -38.461  -12.145  77.531 0.8888890147
125903  -38.771  -12.669  77.047 0.8888890147
114159  -21.001  -11.798  84.797 0.3333329856
111770  -21.659  -10.347  85.008 0.3333329856
46570  -28.646  -13.576  83.409 0.3333329856
46587  -29.828  -13.688  82.897 0.3333329856
51789  -34.377  -10.058  81.985 0.6666669846
51822  -35.987  -10.280  80.817 0.6666669846
127210  -36.764  -11.025  80.805 0.7777780294
50803  -37.300  -11.369  80.339 0.8888890147
49829  -38.067  -11.843  79.166 0.8888890147
47828  -38.659  -12.955  77.819 0.8888890147
47829  -39.118  -13.517  77.173 0.8888890147
47842  -39.880  -13.516  76.584 0.8888890147
110699  -29.029  -13.652  82.298 0.3333329856
51806  -34.605  -9.578  81.341 0.6666669846
51807  -35.277  -9.933  81.205 0.6666669846
114690  -38.861  -13.687  78.127 0.7777780294
115522  -39.798  -14.150  77.206 0.8888890147
48862  -20.642  -11.887  83.213 0.2222220004
46677  -39.330  -14.334  77.915 0.6666669846
55063  -22.058  -6.683  87.825 0.6666669846
117380  -22.793  -5.898  87.152 0.6666669846
55061  -21.029  -6.665  87.845 0.4444440007
53931  -22.773  -6.640  87.178 0.6666669846
49741  -28.781  -10.577  86.172 0.6666669846
50720  -29.268  -10.454  85.880 0.5555559993
120912  -22.719  -7.290  87.040 0.5555559993
49750  -28.736  -11.118  86.153 0.6666669846
49751  -29.525  -11.115  85.905 0.7777780294
50721  -30.052  -10.808  85.592 0.5555559993
114899  -30.867  -11.021  85.294 0.6666669846
52844  -22.563  -7.987  86.692 0.5555559993
48815  -29.214  -11.709  85.822 0.6666669846
51750  -22.198  -8.935  85.014 0.4444440007
111986  -22.159  -9.441  86.087 0.4444440007
47711  -28.214  -12.521  85.105 0.4444440007
50744  -32.322  -11.260  84.538 0.5555559993
50729  -21.931  -9.971  85.510 0.3333329856
47738  -26.667  -13.026  83.359 0.3333329856
47724  -27.799  -12.913  84.359 0.4444440007
50745  -33.298  -11.288  83.859 0.6666669846
46569  -27.955  -13.630  83.168 0.3333329856
51788  -33.664  -10.227  82.211 0.4444440007
120669  -38.724  -11.921  76.795 0.8888890147
48928  -39.237  -12.747  76.560 0.8888890147
48929  -40.075  -12.574  76.251 0.8888890147
49783  -21.064  -11.145  83.916 0.2222220004
50740  -21.487  -10.202  84.213 0.2222220004
47750  -26.469  -13.279  82.428 0.3333329856
46585  -27.703  -13.794  82.504 0.3333329856
51805  -33.833  -9.553  81.421 0.4444440007
50802  -36.681  -10.752  80.399 0.6666669846
49837  -38.144  -11.752  78.260 0.7777780294
46607  -27.441  -13.872  81.820 0.3333329856
52910  -34.001  -9.066  80.284 0.5555559993
51835  -34.841  -9.461  79.977 0.5555559993
51837  -36.075  -10.280  80.146 0.6666669846
47843  -40.882  -13.343  76.617 0.6666669846
127497  -20.698  -11.382  82.293 0.2222220004
110257  -27.205  -14.039  81.199 0.3333329856
46608  -27.944  -14.022  81.214 0.3333329856
47761  -20.039  -12.966  81.660 0.1111110002
48861  -20.325  -12.223  82.184 0.1111110002
46626  -27.491  -14.096  80.557 0.3333329856
56140  -22.938  -5.496  87.080 0.6666669846
131540  -28.280  -9.684  86.326 0.6666669846
50710  -28.642  -9.999  86.182 0.6666669846
55064  -23.866  -6.075  86.387 0.6666669846
50708  -27.650  -9.606  86.433 0.6666669846
50709  -28.226  -10.012  86.382 0.7777780294
53940  -23.028  -7.275  86.279 0.4444440007
53950  -23.635  -7.041  85.585 0.5555559993
49748  -27.213  -10.628  85.970 0.5555559993
49749  -28.033  -10.994  86.180 0.5555559993
53949  -22.918  -7.637  85.693 0.4444440007
52855  -23.384  -7.448  84.959 0.4444440007
48825  -26.294  -11.654  84.900 0.4444440007
49764  -27.485  -11.445  85.746 0.4444440007
111491  -22.452  -8.475  85.866 0.4444440007
52865  -23.428  -7.754  84.273 0.4444440007
48842  -26.587  -12.304  84.493 0.4444440007
111480  -21.873  -9.695  84.658 0.2222220004
51760  -22.140  -9.053  83.992 0.2222220004
52875  -22.670  -8.531  83.432 0.2222220004
48854  -26.204  -12.670  83.879 0.3333329856
47723  -26.933  -12.790  84.147 0.3333329856
49855  -39.098  -11.352  76.524 0.8888890147
49856  -39.860  -11.609  76.315 1.0000000000
50754  -21.762  -9.564  83.566 0.2222220004
48863  -25.197  -12.378  81.930 0.3333329856
47737  -25.910  -12.801  83.093 0.3333329856
49842  -38.121  -11.237  77.470 0.7777780294
127145  -39.324  -12.087  76.361 1.0000000000
49857  -40.627  -11.827  76.365 0.8888890147
50753  -21.367  -10.183  83.242 0.2222220004
51781  -21.874  -9.495  82.695 0.2222220004
47763  -25.565  -13.297  81.288 0.3333329856
47764  -26.035  -13.407  81.696 0.3333329856
49836  -37.681  -11.326  78.653 0.7777780294
48930  -41.190  -12.429  76.482 0.8888890147
49844  -41.423  -11.471  76.615 0.8888890147
122470  -21.050  -10.892  82.793 0.2222220004
51798  -22.134  -9.514  81.905 0.2222220004
47777  -25.334  -13.595  80.594 0.3333329856
46605  -25.907  -13.757  81.084 0.3333329856
110616  -41.980  -12.102  76.596 0.8888890147
49796  -21.158  -10.677  81.758 0.2222220004
46624  -25.134  -13.782  79.818 0.3333329856
123069  -25.768  -13.909  80.286 0.3333329856
48917  -41.769  -13.071  76.579 0.6666669846
49804  -20.850  -11.530  80.524 0.2222220004
47832  -42.171  -13.653  76.613 0.5555559993
56141  -23.435  -5.439  86.892 0.6666669846
121725  -24.147  -5.629  86.481 0.6666669846
55075  -24.902  -6.470  86.112 0.4444440007
52834  -26.355  -7.585  86.555 0.6666669846
52856  -24.808  -7.540  84.818 0.4444440007
52857  -25.636  -8.035  85.225 0.4444440007
51751  -25.951  -9.092  85.579 0.4444440007
50707  -26.926  -9.203  86.329 0.5555559993
52866  -24.345  -7.923  84.001 0.4444440007
52867  -25.165  -8.122  84.368 0.4444440007
49762  -26.148  -10.797  85.274 0.4444440007
52877  -24.349  -8.398  83.222 0.4444440007
49774  -25.876  -11.257  84.493 0.4444440007
52887  -23.936  -8.639  82.626 0.3333329856
48852  -24.999  -11.719  82.461 0.3333329856
49785  -25.570  -11.534  83.719 0.3333329856
49854  -38.499  -10.860  76.935 0.8888890147
50868  -38.931  -10.518  76.741 1.0000000000
51799  -22.772  -9.435  81.508 0.2222220004
52886  -23.082  -8.651  82.747 0.2222220004
48864  -25.433  -12.390  82.787 0.3333329856
49843  -40.654  -10.836  76.660 1.0000000000
51782  -22.577  -9.106  82.284 0.2222220004
48875  -24.803  -12.529  81.175 0.3333329856
50782  -21.995  -10.017  81.228 0.2222220004
47762  -25.071  -13.114  80.829 0.3333329856
49805  -21.383  -10.807  80.810 0.2222220004
50797  -22.284  -10.626  80.345 0.2222220004
46681  -42.302  -14.180  76.503 0.2222220004
47833  -42.600  -13.436  76.123 0.6666669846
46694  -42.788  -13.988  75.895 0.4444440007
56142  -24.748  -5.512  86.423 0.6666669846
56143  -25.473  -5.941  86.468 0.6666669846
55065  -24.904  -6.031  86.386 0.6666669846
55066  -25.648  -6.295  86.538 0.6666669846
51761  -25.089  -8.709  83.675 0.4444440007
51762  -25.606  -8.855  84.618 0.4444440007
123962  -25.546  -9.704  84.172 0.4444440007
51772  -24.696  -8.944  82.755 0.3333329856
49773  -25.484  -10.639  83.903 0.4444440007
51784  -24.243  -9.232  82.067 0.3333329856
124289  -24.449  -9.901  81.752 0.3333329856
49784  -25.056  -10.929  83.052 0.3333329856
50869  -39.627  -10.707  76.625 0.8888890147
51800  -23.685  -9.654  81.366 0.2222220004
50785  -24.274  -10.499  81.331 0.3333329856
115154  -24.718  -10.718  82.055 0.3333329856
50851  -40.243  -9.907  76.988 0.8888890147
50783  -22.878  -9.979  80.829 0.2222220004
50784  -23.616  -10.414  80.791 0.2222220004
49807  -24.621  -11.582  81.508 0.3333329856
50853  -42.183  -10.095  76.749 0.8888890147
49806  -23.576  -11.133  80.369 0.2222220004
48886  -24.459  -12.724  80.392 0.3333329856
49845  -42.111  -11.081  76.650 0.8888890147
50798  -23.031  -10.554  80.375 0.2222220004
48898  -22.798  -11.832  79.355 0.2222220004
48919  -42.992  -12.108  75.960 0.7777780294
49819  -22.889  -11.181  79.962 0.2222220004
47844  -43.208  -13.247  75.698 0.5555559993
50852  -41.134  -9.865  77.087 0.8888890147
51876  -41.578  -9.283  77.324 1.0000000000
129237  -41.774  -9.751  76.986 0.8888890147
49846  -43.122  -11.199  76.131 0.7777780294
48932  -44.133  -12.181  75.475 0.7777780294
46707  -44.152  -13.494  75.011 0.5555559993
129253  -45.037  -13.004  74.372 0.3333329856
46729  -44.757  -13.363  73.698 0.2222220004
51854  -41.407  -8.688  77.479 0.7777780294
51855  -41.887  -8.999  77.383 1.0000000000
51877  -42.223  -9.333  77.037 0.8888890147
51878  -42.824  -9.151  76.896 1.0000000000
128888  -43.112  -10.391  76.374 0.8888890147
50855  -44.017  -9.667  76.137 0.8888890147
50870  -44.383  -10.476  75.587 0.8888890147
48933  -44.663  -11.843  75.174 0.7777780294
48941  -45.019  -12.224  74.784 0.6666669846
47867  -45.273  -12.868  73.367 0.2222220004
47859  -45.642  -12.500  73.659 0.5555559993
47874  -45.177  -12.808  72.406 0.2222220004
47875  -45.751  -12.342  72.546 0.4444440007
48961  -45.247  -12.560  71.752 0.1111110002
131214  -45.648  -12.312  72.092 0.2222220004
130404  -44.636  -12.351  70.816 0.1111110002
48968  -45.196  -12.182  71.072 0.3333329856
51856  -42.437  -8.790  77.218 1.0000000000
51857  -42.938  -8.558  76.899 1.0000000000
51879  -43.479  -9.073  76.662 1.0000000000
130140  -44.363  -9.315  76.035 0.8888890147
49858  -44.208  -11.333  75.500 0.7777780294
50872  -45.313  -10.043  75.088 0.8888890147
128511  -45.190  -11.549  74.774 0.7777780294
49869  -46.031  -10.918  74.321 0.7777780294
49877  -46.085  -11.493  74.126 0.6666669846
49878  -46.488  -11.019  73.770 0.7777780294
48957  -46.311  -11.936  72.701 0.4444440007
48955  -46.608  -11.662  73.045 0.6666669846
122030  -46.121  -11.911  72.148 0.5555559993
49894  -47.057  -11.203  72.009 0.5555559993
48969  -45.831  -11.921  71.477 0.5555559993
49902  -44.944  -11.877  70.285 0.2222220004
49896  -45.637  -11.611  70.562 0.3333329856
52937  -42.025  -8.422  77.416 0.8888890147
113452  -43.623  -8.517  76.653 1.0000000000
52971  -44.715  -8.195  76.271 1.0000000000
54026  -44.672  -7.436  76.613 1.0000000000
51898  -44.694  -8.964  75.870 1.0000000000
54035  -45.255  -7.532  76.059 1.0000000000
51917  -45.662  -9.547  74.765 0.8888890147
121124  -45.769  -8.053  75.151 1.0000000000
51918  -46.123  -9.765  74.267 0.8888890147
115673  -46.099  -8.955  74.395 0.8888890147
49884  -47.002  -11.111  73.143 0.8888890147
51938  -46.653  -9.598  73.655 0.8888890147
50924  -47.286  -10.798  72.377 0.6666669846
50911  -47.353  -10.246  72.768 0.8888890147
49897  -46.304  -11.300  70.925 0.4444440007
50939  -47.477  -10.556  71.745 0.5555559993
50945  -46.631  -10.806  70.470 0.5555559993
52958  -44.169  -8.062  76.600 1.0000000000
54047  -46.189  -7.255  74.899 1.0000000000
53006  -46.769  -8.687  73.676 1.0000000000
53007  -47.452  -8.300  73.114 1.0000000000
119071  -47.801  -8.807  72.556 0.8888890147
50925  -47.769  -9.855  72.145 0.7777780294
112269  -47.459  -10.301  71.121 0.6666669846
50940  -47.795  -9.833  71.433 0.7777780294
50951  -46.559  -10.500  69.759 0.5555559993
55169  -45.519  -6.635  76.038 1.0000000000
54036  -45.792  -7.189  75.579 1.0000000000
55177  -46.592  -6.478  74.725 1.0000000000
121123  -46.888  -7.970  73.740 1.0000000000
124157  -47.706  -7.589  72.840 1.0000000000
51979  -48.038  -9.121  72.237 0.7777780294
50946  -47.141  -10.284  70.369 0.5555559993
52030  -48.093  -9.204  71.003 0.6666669846
50958  -46.764  -9.708  68.633 0.6666669846
56328  -47.380  -4.926  74.004 1.0000000000
129481  -47.025  -4.180  74.364 1.0000000000
53020  -48.282  -7.892  72.170 1.0000000000
52004  -48.365  -8.661  71.198 0.7777780294
52031  -48.397  -8.597  70.475 0.6666669846
52003  -48.165  -9.250  71.744 0.7777780294
52066  -47.228  -9.068  68.163 0.6666669846
112579  -47.376  -9.286  69.031 0.6666669846
57326  -47.488  -3.886  73.864 0.8888890147
55214  -47.844  -6.306  72.893 1.0000000000
111556  -47.809  -5.490  73.143 1.0000000000
54075  -48.559  -7.365  71.714 0.8888890147
55215  -48.251  -6.532  72.346 1.0000000000
56362  -48.538  -5.937  72.030 1.0000000000
53054  -48.674  -8.086  70.598 0.7777780294
55253  -49.026  -6.819  71.218 0.8888890147
115391  -49.061  -6.095  71.383 0.8888890147
53070  -48.507  -8.427  69.790 0.7777780294
112851  -49.135  -7.675  70.095 0.7777780294
111161  -49.458  -6.959  70.650 0.8888890147
52067  -47.906  -8.625  68.592 0.6666669846
114863  -47.154  -8.881  67.231 0.5555559993
128916  -47.661  -8.462  67.176 0.5555559993
53125  -46.827  -8.713  66.389 0.4444440007
55387  -48.476  -6.605  63.422 0.2222220004
109645  -49.361  -6.515  62.845 0.3333329856
55397  -48.363  -6.493  62.453 0.2222220004
58333  -47.778  -3.175  73.380 1.0000000000
57344  -48.058  -4.082  72.955 1.0000000000
57345  -48.655  -4.306  72.084 1.0000000000
56361  -48.272  -5.096  72.522 1.0000000000
57362  -49.357  -4.463  71.176 1.0000000000
109242  -48.887  -5.230  71.651 1.0000000000
55274  -49.907  -6.434  70.327 1.0000000000
57376  -50.004  -4.876  70.537 1.0000000000
53088  -48.592  -8.258  69.016 0.6666669846
53071  -49.082  -7.827  69.430 0.6666669846
55295  -49.860  -6.831  69.999 0.7777780294
125199  -47.778  -8.513  67.719 0.6666669846
54133  -49.702  -7.208  68.764 0.6666669846
54113  -50.123  -6.710  69.285 0.7777780294
131269  -51.306  -3.920  66.868 0.8888890147
59311  -50.611  -3.006  66.794 0.8888890147
53127  -48.186  -8.027  67.114 0.5555559993
54160  -49.025  -7.524  67.325 0.6666669846
131430  -51.772  -5.872  65.303 0.5555559993
56444  -51.861  -4.899  65.991 0.6666669846
127440  -51.743  -4.108  65.818 0.7777780294
114509  -46.509  -8.446  65.626 0.1111110002
126958  -47.248  -8.132  65.919 0.4444440007
54180  -47.963  -7.787  66.256 0.4444440007
55364  -50.925  -6.527  65.583 0.3333329856
55366  -52.049  -5.801  64.827 0.4444440007
54190  -46.941  -7.820  65.182 0.2222220004
54191  -47.721  -7.572  65.473 0.2222220004
55376  -49.487  -6.790  64.561 0.3333329856
110054  -50.324  -6.735  64.210 0.3333329856
55377  -51.020  -6.596  64.697 0.3333329856
57421  -52.192  -5.020  65.292 0.6666669846
58400  -51.123  -3.797  65.275 0.8888890147
54201  -47.516  -7.187  64.658 0.2222220004
55375  -48.543  -6.806  64.396 0.2222220004
55388  -49.431  -6.634  63.794 0.3333329856
112265  -51.196  -6.617  63.719 0.3333329856
109759  -51.580  -6.427  63.188 0.3333329856
55379  -52.350  -5.792  64.176 0.5555559993
55399  -51.058  -6.525  62.887 0.3333329856
55410  -50.137  -6.168  61.575 0.2222220004
58353  -48.935  -3.555  71.683 1.0000000000
122436  -49.869  -4.188  70.581 1.0000000000
56390  -50.110  -5.714  70.312 0.8888890147
55296  -50.259  -6.254  69.765 0.7777780294
122225  -51.280  -4.089  67.163 0.7777780294
58385  -51.057  -3.442  67.359 0.8888890147
54161  -49.381  -7.435  68.021 0.6666669846
54162  -50.018  -6.903  67.842 0.6666669846
55337  -50.631  -6.274  67.390 0.6666669846
55338  -51.142  -5.409  67.276 0.5555559993
54181  -48.754  -7.453  66.537 0.5555559993
54183  -50.194  -6.789  67.015 0.6666669846
55357  -51.145  -5.921  66.627 0.5555559993
55365  -51.460  -6.031  65.839 0.5555559993
56443  -51.555  -5.405  66.316 0.6666669846
58393  -50.331  -3.343  65.612 0.8888890147
54192  -48.496  -7.320  65.748 0.3333329856
54193  -49.346  -7.011  65.946 0.4444440007
58412  -50.290  -3.374  64.830 0.8888890147
55363  -49.026  -6.974  65.164 0.3333329856
110175  -50.094  -6.776  65.203 0.3333329856
57420  -52.312  -4.739  64.778 0.7777780294
58413  -51.280  -3.705  64.619 0.8888890147
114728  -52.579  -5.324  63.878 0.5555559993
57429  -52.709  -4.765  64.065 0.6666669846
56463  -52.054  -6.042  63.144 0.3333329856
55411  -51.444  -5.827  61.959 0.3333329856
55424  -50.131  -5.827  60.824 0.2222220004
56475  -51.269  -5.434  61.350 0.2222220004
59256  -48.019  -2.507  72.860 1.0000000000
59257  -48.612  -2.839  72.142 1.0000000000
59264  -49.065  -2.710  71.290 1.0000000000
58361  -49.994  -3.626  70.193 1.0000000000
57377  -50.432  -5.044  69.995 0.8888890147
57400  -51.184  -4.564  67.613 0.8888890147
56415  -50.800  -5.321  68.788 0.7777780294
56431  -50.733  -5.810  68.163 0.6666669846
58384  -50.907  -3.082  68.123 0.8888890147
60201  -49.608  -1.581  67.606 1.0000000000
59310  -49.588  -2.791  66.040 0.8888890147
59321  -49.461  -2.907  65.150 0.8888890147
58427  -51.616  -3.503  64.165 0.7777780294
59332  -49.663  -2.810  64.626 0.8888890147
56464  -52.421  -5.438  63.201 0.5555559993
59344  -51.474  -2.828  63.799 0.7777780294
61214  -51.128  -1.114  63.832 0.8888890147
56470  -52.375  -4.891  62.476 0.4444440007
59345  -52.332  -2.588  63.255 0.6666669846
60241  -50.994  -2.057  63.810 0.7777780294
60242  -51.917  -1.720  63.480 0.7777780294
56476  -51.895  -5.074  61.689 0.2222220004
57454  -52.520  -3.947  62.363 0.3333329856
58438  -52.666  -3.130  62.492 0.4444440007
126981  -52.632  -1.698  62.344 0.6666669846
61215  -51.715  -0.512  63.384 0.7777780294
57466  -50.875  -4.452  60.279 0.2222220004
56483  -51.343  -4.853  60.833 0.2222220004
126064  -51.492  -4.166  60.570 0.3333329856
129381  -47.888  -1.885  72.728 1.0000000000
120874  -48.884  -1.897  71.289 1.0000000000
60160  -48.984  -1.367  70.825 1.0000000000
118022  -49.318  -2.093  70.561 1.0000000000
60167  -49.440  -1.425  70.020 1.0000000000
59272  -50.079  -3.039  69.758 1.0000000000
59279  -49.902  -2.252  69.711 1.0000000000
60174  -49.834  -1.508  69.146 1.0000000000
58368  -50.469  -3.655  69.413 0.8888890147
59280  -50.393  -2.792  69.153 0.8888890147
60175  -50.286  -2.190  69.002 1.0000000000
60188  -50.248  -2.012  68.512 1.0000000000
60187  -49.824  -1.379  68.363 1.0000000000
121766  -50.837  -3.947  68.783 0.8888890147
58376  -50.788  -3.250  68.665 0.8888890147
59288  -50.576  -2.613  68.562 0.8888890147
59298  -50.607  -2.574  67.845 0.8888890147
60202  -50.139  -1.915  67.963 1.0000000000
57399  -50.964  -4.549  68.440 0.7777780294
60213  -49.009  -2.140  66.544 1.0000000000
60212  -48.111  -1.751  66.157 1.0000000000
59309  -48.744  -2.355  65.579 0.8888890147
60230  -48.349  -1.639  64.724 0.8888890147
60229  -48.011  -1.042  64.607 1.0000000000
60231  -49.177  -2.156  64.374 0.8888890147
117128  -49.209  -0.095  64.465 1.0000000000
114011  -50.229  -0.449  64.138 1.0000000000
62196  -49.992  0.639  64.601 1.0000000000
63154  -49.885  2.205  64.936 1.0000000000
57463  -52.399  -3.805  61.562 0.3333329856
59353  -52.714  -2.397  61.984 0.5555559993
60253  -52.493  -0.854  62.143 0.6666669846
62198  -51.332  0.425  63.729 0.8888890147
62197  -50.799  0.514  64.262 1.0000000000
63168  -50.448  1.348  64.564 1.0000000000
58465  -52.300  -3.348  61.043 0.4444440007
61216  -52.184  -0.282  62.650 0.6666669846
122845  -51.088  1.188  64.185 1.0000000000
63169  -50.703  2.003  64.457 1.0000000000
116823  -51.144  -3.783  60.288 0.2222220004
58463  -51.486  -3.229  60.356 0.2222220004
63187  -51.940  1.148  62.978 0.8888890147
130698  -50.143  -3.736  59.912 0.2222220004
59374  -51.366  -2.615  60.382 0.2222220004
58462  -49.727  -3.243  60.178 0.2222220004
131333  -48.605  -0.797  71.085 1.0000000000
121148  -48.984  -0.756  70.368 1.0000000000
61153  -48.485  -0.179  70.818 1.0000000000
61169  -49.094  -0.226  69.249 1.0000000000
61180  -49.420  -0.777  68.848 1.0000000000
61186  -48.484  -0.405  67.861 1.0000000000
60200  -48.695  -1.263  67.171 1.0000000000
118966  -47.489  0.047  67.671 1.0000000000
60199  -47.620  -0.780  66.821 1.0000000000
60211  -47.477  -1.170  65.818 1.0000000000
61193  -47.052  -0.385  66.342 1.0000000000
61198  -47.151  -0.383  65.561 1.0000000000
62180  -47.591  0.422  65.299 1.0000000000
62181  -48.850  0.833  65.007 1.0000000000
63153  -49.116  1.941  65.388 1.0000000000
64115  -50.276  2.825  64.710 1.0000000000
59362  -52.441  -2.529  61.210 0.6666669846
59375  -52.044  -2.868  60.571 0.3333329856
60264  -52.496  -1.536  61.538 0.6666669846
63186  -51.571  1.140  63.541 1.0000000000
64128  -50.925  2.664  64.178 1.0000000000
59361  -52.030  -1.909  60.704 0.3333329856
60263  -52.069  -0.968  61.086 0.5555559993
62220  -52.066  0.519  62.465 0.5555559993
63202  -51.871  1.297  62.515 0.8888890147
64129  -51.435  2.525  63.554 1.0000000000
59373  -50.416  -2.520  60.381 0.2222220004
122433  -51.497  -1.272  60.797 0.4444440007
61232  -51.306  -0.520  60.961 0.4444440007
62233  -51.900  1.008  62.049 0.5555559993
63220  -51.767  1.607  62.190 0.6666669846
126968  -49.548  -2.391  60.551 0.2222220004
61231  -50.157  -0.247  60.945 0.4444440007
62231  -50.844  0.549  61.036 0.4444440007
63218  -50.921  1.627  61.171 0.5555559993
64170  -51.674  2.174  62.079 0.6666669846
61230  -48.902  -0.069  61.060 0.3333329856
62230  -49.637  0.535  60.970 0.2222220004
62242  -47.473  0.125  60.710 0.2222220004
62115  -47.754  0.394  71.308 1.0000000000
62124  -48.349  0.465  70.329 1.0000000000
63089  -48.085  0.936  69.866 1.0000000000
62133  -48.601  0.379  69.375 1.0000000000
61179  -48.205  0.301  68.528 1.0000000000
62132  -47.778  1.026  69.124 1.0000000000
61185  -46.907  -0.028  67.050 1.0000000000
61192  -46.762  0.140  66.665 1.0000000000
62179  -46.854  0.517  65.974 1.0000000000
63151  -47.158  1.368  66.087 1.0000000000
63152  -48.136  1.637  65.700 1.0000000000
63135  -47.708  2.448  66.323 0.8888890147
118103  -48.538  2.607  65.808 1.0000000000
64114  -49.589  3.058  65.200 1.0000000000
64113  -48.839  3.218  65.591 1.0000000000
65059  -49.880  3.578  64.826 1.0000000000
119202  -50.109  4.032  64.477 1.0000000000
66041  -50.578  4.101  64.041 1.0000000000
66052  -50.498  4.837  63.689 1.0000000000
112473  -51.640  2.775  62.637 0.8888890147
66053  -51.145  4.127  63.315 1.0000000000
64169  -51.480  2.807  61.677 0.6666669846
64153  -51.644  2.814  62.180 0.6666669846
65089  -51.549  3.591  62.417 1.0000000000
67057  -50.963  5.034  63.009 1.0000000000
63217  -49.509  1.469  60.872 0.3333329856
63234  -50.148  2.428  60.795 0.3333329856
64168  -51.101  2.378  61.254 0.3333329856
65101  -51.567  3.659  61.787 0.6666669846
67069  -51.314  5.261  62.227 1.0000000000
63216  -48.446  1.104  60.656 0.2222220004
63232  -48.666  1.776  60.351 0.2222220004
64188  -50.782  3.161  60.931 0.4444440007
65119  -50.528  3.965  60.480 0.5555559993
65120  -51.358  3.830  61.225 0.5555559993
130550  -51.430  5.472  61.527 0.7777780294
122617  -48.118  1.283  60.260 0.2222220004
64186  -48.876  2.509  60.015 0.3333329856
66096  -51.171  4.643  60.607 0.6666669846
63231  -47.642  0.983  60.019 0.2222220004
63088  -47.455  1.396  69.954 1.0000000000
62143  -47.359  0.615  68.291 1.0000000000
62155  -46.813  0.574  67.718 1.0000000000
62154  -46.555  0.579  67.180 1.0000000000
62166  -46.622  0.600  66.608 1.0000000000
63134  -46.780  2.107  66.742 0.8888890147
64098  -47.267  2.967  66.606 0.8888890147
64099  -48.108  3.157  66.105 0.8888890147
65057  -48.394  3.781  65.584 0.8888890147
65058  -49.197  3.749  65.224 1.0000000000
66025  -49.550  4.244  64.707 1.0000000000
66040  -50.003  4.622  64.232 1.0000000000
67045  -49.899  5.286  63.830 1.0000000000
67984  -49.518  6.227  63.258 1.0000000000
67999  -49.625  6.703  62.588 1.0000000000
67068  -50.716  5.849  62.624 1.0000000000
68000  -50.331  6.551  62.202 1.0000000000
68001  -51.135  6.191  61.691 1.0000000000
66097  -51.415  5.330  60.531 0.6666669846
113902  -51.492  5.305  61.052 0.7777780294
63246  -48.305  1.643  59.826 0.2222220004
64199  -49.366  3.192  59.573 0.5555559993
66105  -50.351  4.439  59.365 0.6666669846
67094  -51.625  5.914  60.231 0.7777780294
65138  -50.339  4.170  58.627 0.5555559993
66024  -48.908  4.335  65.010 0.8888890147
66039  -49.312  4.924  64.326 0.8888890147
67043  -48.878  5.412  64.070 0.8888890147
67044  -49.408  5.642  63.728 1.0000000000
67998  -49.020  6.740  62.505 0.8888890147
68965  -49.914  7.175  61.232 0.8888890147
68952  -50.009  6.996  61.722 1.0000000000
67080  -51.510  6.064  60.894 1.0000000000
66107  -51.615  5.680  59.559 0.7777780294
67095  -51.620  6.606  60.040 0.8888890147
66112  -51.045  5.043  58.944 0.6666669846
64205  -50.044  3.261  58.336 0.5555559993
68966  -50.314  7.301  60.966 1.0000000000
68967  -50.803  7.300  60.707 1.0000000000
68987  -49.984  7.358  60.557 1.0000000000
66113  -51.970  5.607  58.530 0.8888890147
68041  -51.567  7.063  59.629 0.8888890147
65148  -51.703  4.316  57.647 0.7777780294
119857  -52.182  6.109  58.486 0.8888890147
64213  -50.928  2.835  57.865 0.7777780294
69002  -50.569  7.485  59.612 1.0000000000
69001  -50.008  7.421  59.878 1.0000000000
69016  -51.363  7.166  58.831 0.8888890147
64214  -51.891  2.343  57.552 0.7777780294
65149  -52.184  4.160  57.203 0.7777780294
67114  -52.361  5.845  57.162 1.0000000000
124241  -52.329  1.945  57.100 0.7777780294
69015  -50.816  7.352  58.915 0.7777780294
68064  -51.205  6.748  57.507 0.7777780294
66121  -52.420  5.033  57.107 0.7777780294
67127  -52.177  5.948  56.381 0.8888890147
128913  -52.471  4.044  56.511 0.8888890147
68063  -50.402  6.766  57.755 0.7777780294
68075  -51.649  6.441  56.593 0.7777780294
67144  -51.472  5.743  55.522 0.6666669846
67128  -52.303  5.337  55.921 0.7777780294
67145  -51.998  5.623  55.700 0.6666669846
66150  -52.426  4.693  55.875 0.8888890147
66168  -51.522  4.625  54.948 0.6666669846
65179  -52.120  4.295  55.386 0.7777780294
112780  -52.374  3.279  55.466 0.6666669846
63285  -52.220  1.558  54.459 0.4444440007
64250  -51.359  2.127  53.761 0.2222220004
64264  -50.090  2.200  52.341 0.2222220004
63297  -50.839  1.646  52.977 0.3333329856
63311  -51.194  0.946  52.730 0.3333329856
63320  -50.227  1.922  51.022 0.3333329856
62371  -52.073  0.673  51.492 0.3333329856
67125  -50.331  6.038  56.233 0.6666669846
67126  -51.279  6.180  56.025 0.7777780294
115484  -50.742  5.604  55.460 0.6666669846
66148  -50.244  4.903  54.675 0.5555559993
127501  -51.024  5.264  55.065 0.6666669846
66180  -50.318  4.332  54.019 0.5555559993
66167  -50.984  4.872  54.558 0.6666669846
65177  -51.048  4.250  54.222 0.5555559993
65202  -51.176  3.331  53.953 0.4444440007
65201  -50.387  3.698  53.566 0.4444440007
65217  -49.728  3.118  52.793 0.3333329856
65216  -49.422  2.874  51.966 0.3333329856
127132  -49.828  2.282  51.209 0.3333329856
63332  -50.857  1.796  50.831 0.4444440007
63333  -51.748  1.486  50.847 0.3333329856
67142  -48.571  5.022  56.162 0.6666669846
66147  -48.398  4.423  55.520 0.6666669846
66166  -49.319  4.170  53.997 0.5555559993
65200  -49.411  3.834  53.242 0.5555559993
65226  -48.774  3.264  51.719 0.4444440007
65225  -48.346  3.502  51.283 0.4444440007
64271  -49.065  3.211  50.787 0.4444440007
65235  -48.382  3.719  50.778 0.4444440007
64278  -49.713  2.553  50.859 0.4444440007
109113  -49.072  4.474  54.768 0.6666669846
65176  -48.174  3.973  53.884 0.5555559993
130644  -48.822  3.908  53.437 0.5555559993
65199  -48.256  3.813  52.916 0.5555559993
66179  -47.339  3.956  53.460 0.5555559993
122310  -47.370  4.267  51.972 0.4444440007
66194  -47.553  4.121  51.393 0.5555559993
65234  -47.836  3.835  51.142 0.4444440007
120249  -49.142  3.647  50.389 0.3333329856
65236  -49.755  3.023  50.435 0.4444440007
65237  -50.763  3.067  50.346 0.4444440007
114917  -51.378  3.900  50.085 0.4444440007
64281  -52.471  2.260  50.575 0.4444440007
67180  -47.958  5.143  51.524 0.4444440007
67181  -48.753  5.594  51.225 0.4444440007
65238  -51.898  3.109  50.364 0.3333329856
110921  -52.469  4.000  50.273 0.3333329856
66206  -54.554  4.590  49.521 0.2222220004
67220  -55.436  4.367  47.460 0.2222220004
109762  -54.976  4.732  47.478 0.2222220004
114079  -54.350  5.688  47.718 0.2222220004
68122  -50.367  6.865  51.721 0.3333329856
118334  -50.188  5.589  50.411 0.3333329856
68131  -50.879  6.316  50.722 0.3333329856
118275  -50.156  4.871  50.099 0.2222220004
67189  -50.972  5.542  50.116 0.3333329856
112971  -51.605  6.153  50.195 0.3333329856
66202  -51.076  4.739  49.955 0.3333329856
66203  -51.951  4.635  50.022 0.3333329856
118435  -53.554  4.196  50.291 0.2222220004
66204  -52.815  4.927  50.103 0.2222220004
66205  -54.186  4.663  50.015 0.2222220004
120522  -53.674  5.174  50.017 0.2222220004
67198  -54.677  5.327  49.005 0.2222220004
67209  -54.961  5.618  48.249 0.2222220004
68155  -54.614  6.602  48.497 0.2222220004
67210  -55.307  4.882  47.871 0.2222220004
67219  -55.082  5.105  47.745 0.2222220004
111840  -54.682  6.122  47.966 0.2222220004
68162  -54.232  6.809  47.784 0.2222220004
68121  -49.232  6.389  51.860 0.3333329856
68132  -51.903  6.889  50.590 0.2222220004
119621  -52.266  6.301  50.041 0.2222220004
67191  -53.005  5.910  49.912 0.2222220004
67192  -53.822  5.892  49.724 0.2222220004
68135  -54.018  6.424  49.578 0.2222220004
68143  -54.504  6.256  49.095 0.2222220004
69099  -54.421  7.034  49.151 0.2222220004
68163  -54.465  7.102  48.075 0.2222220004
69067  -49.672  7.108  52.774 0.3333329856
69053  -49.969  7.884  53.786 0.2222220004
69068  -50.592  7.664  52.703 0.1111110002
68123  -51.260  7.058  51.268 0.2222220004
69944  -50.887  8.458  53.406 0.2222220004
69069  -51.485  8.096  52.546 0.2222220004
69078  -51.928  7.703  51.483 0.2222220004
69089  -52.532  7.485  50.714 0.2222220004
69079  -52.686  8.168  51.250 0.2222220004
68133  -52.745  6.846  50.132 0.2222220004
69090  -53.147  7.527  50.344 0.2222220004
112816  -53.698  7.126  49.766 0.2222220004
69091  -53.583  7.918  50.164 0.2222220004
69092  -54.035  7.463  49.618 0.2222220004
69108  -54.505  7.424  48.623 0.2222220004
69070  -52.252  8.526  52.254 0.2222220004
69952  -52.890  8.895  51.960 0.3333329856
69080  -53.191  8.456  50.964 0.3333329856
69953  -53.370  9.370  51.663 0.2222220004
69963  -53.972  8.315  49.866 0.2222220004
69971  -54.363  7.842  49.237 0.3333329856
69980  -54.448  8.309  48.647 0.2222220004
69114  -54.096  7.690  47.755 0.2222220004
69115  -54.370  7.946  48.129 0.2222220004
69130  -53.451  8.280  47.212 0.2222220004
70014  -52.380  9.058  45.516 0.2222220004
70020  -52.391  9.018  44.582 0.2222220004
70840  -52.537  10.166  52.939 0.2222220004
69946  -52.438  9.287  52.776 0.2222220004
72538  -53.031  11.503  52.618 0.2222220004
69947  -52.985  9.593  52.433 0.3333329856
72546  -53.160  12.016  52.027 0.2222220004
71702  -53.419  11.309  52.174 0.3333329856
70855  -53.754  9.680  51.173 0.3333329856
72555  -53.358  12.331  50.950 0.2222220004
71716  -53.895  11.276  51.327 0.3333329856
120713  -54.087  10.342  50.844 0.3333329856
72557  -53.795  11.986  50.778 0.3333329856
71726  -54.430  11.090  49.288 0.3333329856
118655  -54.436  9.886  49.048 0.3333329856
69988  -54.001  8.564  47.648 0.2222220004
69989  -54.321  8.855  48.028 0.2222220004
70883  -54.320  9.843  47.786 0.3333329856
70004  -54.033  9.487  47.375 0.3333329856
71743  -54.421  10.908  47.493 0.3333329856
70003  -53.525  9.153  46.904 0.2222220004
70897  -53.688  10.086  46.530 0.3333329856
70002  -52.788  8.777  46.429 0.2222220004
70896  -53.016  9.647  46.031 0.2222220004
70910  -52.863  9.748  45.070 0.2222220004
70921  -54.178  10.776  44.115 0.2222220004
70929  -54.618  10.363  43.303 0.2222220004
70937  -55.052  9.888  42.531 0.2222220004
70930  -55.214  10.622  43.046 0.2222220004
71791  -56.128  11.074  42.067 0.2222220004
73415  -53.319  12.879  50.202 0.3333329856
72564  -54.116  12.169  49.953 0.3333329856
71736  -54.453  10.371  48.354 0.3333329856
70898  -54.183  10.478  46.974 0.3333329856
71754  -53.934  10.971  46.018 0.3333329856
71765  -53.875  11.070  45.024 0.3333329856
71766  -54.312  11.615  45.447 0.3333329856
71782  -54.791  11.043  43.762 0.2222220004
71774  -54.455  11.413  44.534 0.3333329856
71783  -55.195  11.332  43.515 0.2222220004
71790  -55.684  10.943  42.759 0.2222220004
72643  -56.381  12.071  39.944 0.2222220004
71803  -56.408  11.053  40.611 0.2222220004
72574  -54.291  12.371  49.061 0.3333329856
115063  -54.504  11.548  48.251 0.3333329856
72581  -54.516  11.893  47.293 0.3333329856
71755  -54.326  11.506  46.482 0.3333329856
72608  -54.648  11.884  44.832 0.3333329856
72616  -55.508  11.869  43.185 0.2222220004
73474  -55.931  12.379  41.939 0.2222220004
73481  -56.007  12.566  41.255 0.2222220004
72628  -56.202  11.921  41.693 0.2222220004
120990  -56.309  11.322  41.378 0.2222220004
73491  -55.953  12.734  40.318 0.2222220004
72636  -56.302  12.057  40.857 0.2222220004
110047  -54.376  12.722  48.100 0.3333329856
130571  -54.499  12.134  46.524 0.3333329856
72599  -54.550  12.196  45.674 0.3333329856
73457  -51.819  12.640  44.544 0.2222220004
74351  -52.504  13.446  44.269 0.2222220004
73466  -52.797  13.014  43.448 0.2222220004
73452  -54.765  12.681  45.002 0.3333329856
73467  -53.554  13.553  42.993 0.2222220004
72600  -55.043  12.122  44.195 0.2222220004
74363  -55.638  12.906  41.734 0.2222220004
73473  -55.638  12.662  42.586 0.2222220004
74361  -54.987  13.858  42.311 0.2222220004
74368  -54.757  13.440  41.687 0.2222220004
74304  -53.777  13.864  47.707 0.2222220004
74294  -53.955  13.504  48.351 0.3333329856
74305  -54.257  13.420  47.516 0.3333329856
74317  -54.106  13.966  46.916 0.3333329856
116532  -54.487  12.641  47.037 0.3333329856
126726  -54.383  13.790  45.969 0.3333329856
73444  -54.464  13.215  46.600 0.3333329856
72591  -54.542  12.550  46.290 0.3333329856
125413  -54.630  13.264  45.316 0.4444440007
73451  -54.595  12.899  45.809 0.3333329856
74340  -53.180  14.195  44.386 0.3333329856
75263  -54.372  14.286  43.972 0.2222220004
74342  -54.792  13.348  44.620 0.2222220004
74352  -53.299  13.921  43.714 0.3333329856
129821  -54.783  14.086  42.951 0.2222220004
75276  -54.706  14.018  43.520 0.2222220004
74353  -55.071  13.520  43.734 0.2222220004
122012  -55.085  13.822  42.948 0.2222220004
115768  -55.385  13.318  43.007 0.2222220004
74362  -55.353  13.416  42.310 0.2222220004
75251  -54.131  14.425  44.702 0.3333329856
75264  -54.560  13.926  44.248 0.2222220004
50732  -31.954  -11.269  84.800 0.6666669846
63323  -54.099  1.077  51.306 0.3333329856
63322  -53.056  1.325  51.002 0.3333329856
62373  -54.544  0.382  52.008 0.3333329856
64280  -51.309  2.296  50.581 0.4444440007
118502  -50.171  3.891  50.063 0.3333329856
68130  -49.763  6.008  51.009 0.4444440007
67188  -49.246  5.081  50.467 0.5555559993
50667  -16.685  -10.959  91.573 0.5555559993
47664  -18.269  -13.232  90.931 0.4444440007
49708  -17.948  -11.097  91.396 0.5555559993
45469  -18.414  -15.778  91.006 0.4444440007
48777  -18.750  -12.065  90.570 0.5555559993
47665  -18.454  -12.901  90.571 0.4444440007
49713  -19.863  -10.954  89.768 0.4444440007
51692  -18.685  -10.077  90.566 0.4444440007
45477  -18.010  -15.098  89.532 0.5555559993
44524  -18.089  -16.076  89.385 0.5555559993
46518  -18.147  -14.566  88.617 0.5555559993
115694  -19.808  -11.753  88.460 0.6666669846
45481  -18.052  -15.449  88.605 0.5555559993
47680  -18.418  -13.795  88.529 0.4444440007
44529  -18.480  -16.928  89.103 0.3333329856
43593  -18.865  -17.744  88.820 0.3333329856
111198  -18.473  -14.160  87.839 0.4444440007
42663  -19.130  -18.519  88.535 0.3333329856
51691  -18.174  -10.031  90.826 0.4444440007
51698  -17.324  -9.918  90.181 0.3333329856
52807  -19.335  -9.293  89.773 0.4444440007
52823  -18.498  -9.073  89.090 0.2222220004
48866  -36.702  -12.843  81.179 0.8888890147
52815  -19.763  -8.826  89.269 0.3333329856
50698  -21.179  -10.318  88.093 0.6666669846
47703  -31.008  -12.292  85.060 0.7777780294
48831  -32.018  -12.238  84.718 0.7777780294
48832  -32.723  -12.209  84.380 0.7777780294
48833  -33.173  -12.687  84.020 0.6666669846
47715  -31.851  -12.828  84.623 0.6666669846
49775  -33.359  -11.507  83.853 0.7777780294
49739  -20.976  -11.211  87.289 0.5555559993
50760  -34.947  -11.047  82.559 0.6666669846
124597  -35.249  -10.806  82.008 0.6666669846
50777  -35.736  -10.869  81.554 0.7777780294
49828  -37.684  -11.498  79.652 0.8888890147
49820  -37.932  -11.898  80.006 0.8888890147
48888  -37.974  -12.637  80.159 0.8888890147
46542  -20.104  -14.002  85.707 0.3333329856
47693  -20.448  -12.551  86.537 0.4444440007
48876  -37.004  -12.357  80.857 0.8888890147
49808  -36.856  -11.567  80.925 0.8888890147
125433  -37.060  -12.996  80.857 0.8888890147
46615  -37.781  -14.130  80.439 0.5555559993
52825  -19.491  -8.694  88.935 0.3333329856
53916  -20.759  -8.437  88.699 0.5555559993
53923  -20.508  -7.817  88.408 0.5555559993
51713  -21.379  -8.988  88.382 0.6666669846
48829  -29.626  -12.190  85.486 0.6666669846
49747  -21.264  -11.205  86.444 0.4444440007
46543  -30.138  -13.068  84.530 0.3333329856
47714  -31.362  -12.906  84.645 0.5555559993
129362  -33.124  -11.892  84.253 0.7777780294
46556  -31.419  -13.644  84.254 0.3333329856
46555  -30.658  -13.538  84.197 0.3333329856
50775  -34.550  -10.551  82.484 0.6666669846
50791  -36.360  -10.959  81.168 0.6666669846
48877  -37.444  -12.812  80.564 0.8888890147
48840  -20.764  -12.590  84.719 0.2222220004
121888  -38.373  -14.110  79.862 0.6666669846
48839  -20.580  -12.727  83.958 0.2222220004
49772  -21.347  -10.992  84.885 0.3333329856
51836  -35.508  -9.958  79.844 0.6666669846
46662  -39.355  -15.014  78.487 0.6666669846
45558  -39.086  -15.649  78.650 0.5555559993
55056  -21.018  -7.083  88.256 0.4444440007
55057  -21.398  -7.058  88.172 0.5555559993
123031  -22.220  -7.522  87.719 0.5555559993
55062  -21.554  -6.572  87.936 0.6666669846
111724  -21.735  -8.321  88.107 0.6666669846
51721  -21.714  -9.180  87.945 0.6666669846
130638  -22.415  -7.809  87.321 0.5555559993
113397  -22.059  -9.719  86.816 0.4444440007
48828  -28.909  -12.213  85.483 0.4444440007
47712  -29.257  -12.643  84.944 0.3333329856
49765  -32.508  -11.954  84.864 0.6666669846
46553  -29.018  -13.389  83.960 0.3333329856
46572  -30.237  -13.690  83.708 0.3333329856
50774  -33.487  -10.747  82.993 0.6666669846
46586  -28.396  -13.782  82.763 0.3333329856
115988  -29.030  -13.680  83.028 0.3333329856
109996  -28.230  -13.897  81.991 0.3333329856
112095  -34.183  -9.173  80.909 0.5555559993
51820  -34.679  -9.334  80.695 0.6666669846
126655  -20.087  -13.087  82.402 0.1111110002
56139  -22.237  -5.972  87.541 0.6666669846
53941  -23.356  -6.702  86.404 0.6666669846
48814  -28.314  -11.754  85.757 0.4444440007
51737  -22.259  -8.951  86.763 0.5555559993
48827  -27.558  -11.997  85.329 0.4444440007
48843  -27.312  -12.483  84.787 0.4444440007
47739  -27.512  -13.176  83.591 0.3333329856
50757  -33.101  -11.221  83.842 0.6666669846
46568  -27.267  -13.493  82.856 0.3333329856
50773  -32.784  -10.638  82.443 0.4444440007
46606  -26.633  -13.775  81.618 0.3333329856
50818  -37.249  -11.106  79.618 0.7777780294
129854  -34.430  -9.223  80.199 0.6666669846
48873  -20.326  -12.172  81.125 0.2222220004
46625  -26.591  -14.054  80.682 0.3333329856
56149  -22.543  -5.566  87.032 0.6666669846
55074  -24.079  -6.545  85.970 0.6666669846
50718  -27.840  -10.305  86.357 0.5555559993
120624  -27.277  -9.917  86.261 0.6666669846
53951  -24.473  -7.003  85.477 0.4444440007
50730  -26.444  -10.533  85.726 0.4444440007
49763  -26.753  -11.269  85.470 0.4444440007
52854  -22.745  -7.978  84.930 0.4444440007
53961  -24.035  -7.325  84.730 0.4444440007
48841  -26.029  -12.037  84.213 0.4444440007
52876  -23.515  -8.218  83.430 0.3333329856
52864  -22.674  -8.277  84.125 0.4444440007
48853  -25.751  -12.258  83.469 0.3333329856
51771  -22.299  -9.010  83.102 0.2222220004
47748  -25.280  -12.882  81.473 0.3333329856
47749  -25.677  -12.919  82.131 0.3333329856
50768  -21.531  -10.044  82.221 0.2222220004
110276  -41.587  -10.499  76.825 0.8888890147
110917  -25.039  -13.844  79.063 0.2222220004
48918  -42.444  -12.712  76.316 0.7777780294
53952  -25.272  -7.187  85.649 0.5555559993
53942  -25.783  -7.006  86.349 0.6666669846
52845  -25.918  -7.740  86.216 0.4444440007
51738  -26.078  -8.560  86.089 0.6666669846
50741  -25.831  -9.862  85.075 0.4444440007
51739  -26.324  -9.230  86.130 0.6666669846
126190  -26.185  -9.994  85.770 0.4444440007
122373  -25.771  -10.495  84.625 0.4444440007
51783  -23.407  -9.077  82.057 0.2222220004
111163  -42.568  -11.658  76.343 0.8888890147
49818  -22.227  -11.343  79.667 0.2222220004
127987  -42.899  -12.810  75.880 0.6666669846
123980  -25.223  -9.724  83.247 0.3333329856
50769  -24.811  -9.827  82.410 0.3333329856
125816  -24.084  -11.090  80.907 0.2222220004
48874  -24.176  -11.916  80.723 0.2222220004
114067  -42.665  -10.673  76.485 0.8888890147
48897  -22.146  -11.857  79.012 0.2222220004
48931  -43.495  -12.532  75.703 0.5555559993
48920  -43.570  -11.672  75.719 0.6666669846
50854  -42.686  -9.799  76.663 0.8888890147
49847  -43.656  -10.619  75.943 0.8888890147
47845  -44.080  -13.013  75.447 0.5555559993
47854  -44.742  -12.914  74.833 0.6666669846
47846  -44.545  -12.467  75.177 0.6666669846
47858  -45.355  -12.553  74.305 0.6666669846
110486  -43.302  -9.751  76.489 0.8888890147
51880  -44.176  -8.835  76.385 1.0000000000
50871  -44.702  -9.755  75.627 1.0000000000
49860  -44.940  -10.439  75.268 0.7777780294
48942  -45.620  -11.907  74.433 0.6666669846
47868  -45.782  -12.419  73.054 0.5555559993
48949  -45.956  -12.063  73.941 0.5555559993
47886  -44.707  -13.132  72.012 0.1111110002
51899  -45.216  -9.309  75.373 1.0000000000
49868  -45.378  -10.813  74.767 0.7777780294
50886  -46.329  -10.357  73.986 0.8888890147
50885  -45.821  -10.256  74.537 0.7777780294
48950  -46.407  -11.589  73.542 0.6666669846
50897  -46.872  -10.424  73.403 0.8888890147
49889  -46.855  -11.412  72.604 0.6666669846
49893  -46.522  -11.480  71.693 0.5555559993
108995  -45.304  -11.262  69.532 0.2222220004
55156  -44.498  -6.881  76.716 1.0000000000
52972  -45.222  -8.498  75.676 1.0000000000
116788  -45.575  -8.882  75.065 1.0000000000
52991  -46.401  -8.056  74.365 1.0000000000
126613  -47.259  -9.780  73.096 0.8888890147
51939  -47.379  -9.125  73.089 0.8888890147
51959  -47.705  -9.392  72.505 0.8888890147
49898  -46.994  -10.887  71.212 0.5555559993
49903  -46.074  -11.011  70.078 0.3333329856
54048  -46.709  -7.307  74.182 1.0000000000
54056  -47.258  -7.449  73.502 1.0000000000
131016  -47.974  -9.038  72.331 0.8888890147
53019  -47.928  -8.191  72.480 1.0000000000
50947  -47.693  -9.729  70.693 0.6666669846
50952  -46.976  -9.954  69.445 0.5555559993
56327  -46.974  -5.686  74.433 1.0000000000
55193  -47.064  -6.620  73.922 1.0000000000
130604  -48.060  -7.605  72.425 1.0000000000
53031  -48.160  -8.622  72.228 0.8888890147
52052  -47.523  -9.530  69.886 0.6666669846
55194  -47.485  -5.986  73.646 1.0000000000
128071  -46.780  -4.717  74.777 1.0000000000
53032  -48.448  -8.040  71.777 0.8888890147
54065  -48.324  -7.216  72.201 1.0000000000
120514  -47.584  -6.844  73.239 1.0000000000
54064  -47.967  -7.027  72.624 1.0000000000
53042  -48.568  -8.049  71.238 0.8888890147
113227  -48.022  -9.031  70.249 0.6666669846
52084  -46.553  -9.486  67.762 0.5555559993
52053  -47.967  -8.807  69.455 0.6666669846
112566  -47.806  -4.693  73.309 1.0000000000
56345  -48.135  -5.886  72.561 1.0000000000
55235  -48.618  -6.680  71.800 1.0000000000
54096  -49.006  -7.525  70.649 0.7777780294
56376  -49.569  -5.464  70.994 1.0000000000
127936  -49.466  -7.246  70.220 0.7777780294
54112  -49.585  -7.242  69.642 0.7777780294
53111  -48.579  -8.009  68.082 0.6666669846
55398  -50.242  -6.423  62.404 0.3333329856
58344  -48.381  -3.393  72.556 1.0000000000
53089  -49.103  -7.759  68.670 0.6666669846
55316  -50.334  -6.509  68.433 0.6666669846
113116  -50.575  -6.082  69.034 0.8888890147
59297  -50.060  -2.272  67.171 0.8888890147
121705  -49.655  -7.153  67.393 0.6666669846
55378  -51.736  -6.251  64.378 0.3333329856
54209  -46.987  -6.932  63.915 0.2222220004
58360  -49.510  -3.574  70.890 1.0000000000
54194  -50.192  -6.744  66.173 0.4444440007
59333  -50.632  -3.219  64.343 0.7777780294
58415  -52.612  -4.069  63.534 0.5555559993
56469  -52.017  -5.650  62.517 0.3333329856
59263  -48.387  -2.056  72.088 1.0000000000
59271  -49.670  -2.884  70.413 1.0000000000
118848  -50.289  -4.354  70.030 1.0000000000
57388  -50.670  -4.646  69.319 0.8888890147
61187  -49.316  -0.818  68.090 1.0000000000
60221  -48.124  -1.782  65.289 0.8888890147
58428  -52.327  -3.458  63.635 0.5555559993
61206  -50.003  -1.728  64.016 0.8888890147
61207  -51.113  -0.201  63.898 1.0000000000
122524  -52.654  -3.793  62.987 0.5555559993
59346  -52.613  -2.469  62.685 0.6666669846
57462  -52.052  -4.192  61.064 0.2222220004
61154  -48.902  -0.112  69.945 1.0000000000
112001  -49.302  -0.768  69.578 1.0000000000
61168  -48.983  -0.188  68.683 1.0000000000
60220  -47.680  -1.168  65.022 1.0000000000
61205  -48.867  -1.170  64.293 1.0000000000
62195  -48.219  -0.332  64.631 1.0000000000
124805  -49.214  2.648  65.428 1.0000000000
62209  -51.878  0.425  63.132 1.0000000000
61233  -52.273  -0.548  61.718 0.5555559993
61221  -52.249  -0.171  62.152 0.6666669846
113412  -51.687  1.774  63.295 0.8888890147
62123  -47.726  1.063  70.588 1.0000000000
61197  -46.792  0.073  66.201 1.0000000000
65070  -51.047  3.353  63.783 1.0000000000
122235  -51.788  -0.095  61.402 0.4444440007
64141  -51.720  2.331  63.002 1.0000000000
65077  -51.515  3.221  63.091 1.0000000000
60274  -49.953  -1.733  60.708 0.2222220004
60262  -50.563  -1.079  60.832 0.4444440007
62232  -51.602  0.832  61.585 0.4444440007
63219  -51.562  1.742  61.746 0.4444440007
60261  -49.455  -0.939  60.969 0.3333329856
128159  -48.854  0.715  60.931 0.2222220004
61229  -47.926  -0.302  61.000 0.2222220004
121251  -47.236  0.402  60.263 0.2222220004
63150  -46.615  1.161  66.499 1.0000000000
129491  -49.824  5.844  63.450 1.0000000000
66066  -51.413  4.389  62.610 1.0000000000
67985  -50.027  6.230  62.998 1.0000000000
63233  -49.266  2.317  60.458 0.2222220004
66079  -51.500  4.554  61.824 0.7777780294
64187  -49.728  3.145  60.305 0.5555559993
111142  -51.468  4.542  61.265 0.7777780294
64198  -48.832  2.403  59.321 0.3333329856
65129  -49.910  3.940  59.825 0.5555559993
65130  -50.510  4.497  60.030 0.6666669846
63133  -46.332  1.433  67.257 0.8888890147
67982  -48.477  6.250  63.086 0.8888890147
68951  -49.556  6.949  61.858 0.8888890147
68015  -50.618  6.923  61.338 1.0000000000
66106  -51.003  5.074  59.812 0.6666669846
63257  -48.352  1.496  59.030 0.3333329856
66038  -48.622  4.794  64.643 0.8888890147
67055  -48.527  5.718  63.754 0.8888890147
68016  -51.199  6.815  60.811 1.0000000000
67100  -51.906  6.191  59.270 0.8888890147
68989  -51.204  7.333  60.135 1.0000000000
65139  -51.334  4.722  58.186 0.6666669846
65147  -50.893  3.904  57.909 0.6666669846
64212  -50.002  2.078  58.096 0.5555559993
130276  -50.870  7.563  59.869 1.0000000000
69003  -51.207  7.413  59.453 0.8888890147
69004  -51.670  6.979  59.092 0.8888890147
66120  -52.094  5.006  57.665 0.8888890147
66114  -52.283  5.714  57.805 0.8888890147
67106  -52.202  6.278  58.016 0.8888890147
69025  -50.711  7.034  58.309 0.8888890147
68065  -51.914  6.488  57.418 0.8888890147
64215  -52.186  3.075  57.070 0.7777780294
69024  -50.011  7.059  58.486 0.8888890147
68074  -50.912  6.571  56.797 0.7777780294
66133  -52.418  5.193  56.449 0.7777780294
68079  -51.798  6.048  55.990 0.7777780294
119400  -52.571  3.337  56.087 0.8888890147
68062  -49.409  6.773  58.032 0.7777780294
65178  -51.688  3.803  54.757 0.4444440007
64235  -51.923  2.689  54.618 0.4444440007
64249  -50.536  2.701  53.245 0.3333329856
62336  -52.647  0.668  54.317 0.3333329856
64273  -50.215  1.849  51.587 0.3333329856
67143  -49.532  5.199  55.584 0.6666669846
115198  -48.921  3.413  52.391 0.3333329856
64272  -49.274  2.873  51.267 0.3333329856
131038  -48.675  4.141  54.324 0.5555559993
65215  -48.108  3.565  52.028 0.4444440007
66200  -48.621  4.194  50.486 0.5555559993
119391  -48.144  4.047  54.768 0.5555559993
65198  -47.607  3.856  52.491 0.5555559993
65224  -47.593  3.861  51.760 0.4444440007
121290  -47.345  4.149  52.604 0.4444440007
67179  -47.505  4.634  51.809 0.4444440007
67186  -47.770  4.509  51.239 0.5555559993
67187  -48.287  4.759  50.866 0.5555559993
65239  -53.039  3.226  50.453 0.3333329856
131447  -53.936  1.645  50.930 0.3333329856
67173  -47.675  5.351  52.378 0.4444440007
67190  -51.962  5.486  49.971 0.2222220004
67193  -54.259  5.283  49.689 0.2222220004
122015  -54.280  5.842  49.450 0.2222220004
65241  -54.392  3.841  50.051 0.2222220004
66211  -54.947  4.474  48.747 0.2222220004
67199  -55.179  4.984  48.274 0.2222220004
109894  -51.156  7.459  51.948 0.2222220004
70856  -54.028  9.305  50.288 0.3333329856
69962  -53.616  8.806  50.659 0.2222220004
131370  -53.590  9.944  51.761 0.2222220004
70864  -54.351  8.927  49.350 0.3333329856
70013  -51.754  8.485  44.960 0.2222220004
70920  -53.497  10.314  44.582 0.2222220004
70021  -53.082  9.511  44.124 0.2222220004
70841  -53.316  10.306  52.337 0.2222220004
72545  -52.441  11.944  51.849 0.1111110002
72554  -52.691  12.201  51.181 0.1111110002
72556  -53.513  11.858  51.518 0.2222220004
71717  -54.228  11.217  50.420 0.3333329856
119317  -54.311  10.090  49.876 0.3333329856
70874  -54.425  9.286  48.508 0.3333329856
70911  -53.440  10.385  45.554 0.2222220004
70928  -53.847  9.997  43.665 0.2222220004
70939  -55.894  10.197  42.136 0.2222220004
71775  -54.835  11.569  44.156 0.2222220004
72627  -55.904  11.789  42.406 0.2222220004
128708  -54.712  12.230  44.952 0.2222220004
73468  -55.356  12.740  43.510 0.2222220004
73459  -55.079  12.895  44.230 0.2222220004
75274  -53.937  14.163  43.347 0.2222220004
74360  -54.422  13.919  42.709 0.2222220004
74370  -55.280  13.288  41.493 0.2222220004
74369  -55.208  13.074  40.832 0.2222220004
44613  -38.999  -16.270  78.430 0.1111110002
46663  -39.950  -15.554  78.045 0.2222220004
46678  -40.236  -14.882  77.777 0.3333329856
47830  -40.643  -14.179  77.098 0.5555559993
43696  -38.887  -16.652  78.150 0.1111110002
44614  -40.060  -16.298  77.653 0.1111110002
45560  -40.504  -15.876  77.737 0.2222220004
46679  -41.228  -14.817  77.271 0.5555559993
117285  -41.879  -14.329  76.877 0.5555559993
42737  -38.714  -16.998  77.801 0.1111110002
43697  -39.392  -16.644  77.706 0.1111110002
44621  -40.830  -16.096  77.425 0.2222220004
45570  -41.194  -15.478  77.352 0.2222220004
45545  -37.681  -15.285  80.060 0.4444440007
43682  -37.642  -16.650  79.066 0.2222220004
44606  -37.829  -16.215  79.328 0.1111110002
42716  -36.834  -17.211  78.697 0.1111110002
43683  -38.328  -16.580  78.719 0.1111110002
42734  -36.816  -17.368  78.220 0.1111110002
42759  -38.185  -17.241  77.640 0.1111110002
43708  -38.665  -17.074  77.264 0.1111110002
118219  -39.705  -16.773  76.984 0.1111110002
42733  -35.970  -17.115  77.596 0.1111110002
116600  -36.623  -17.298  77.670 0.1111110002
43728  -38.590  -16.968  76.828 0.1111110002
109067  -34.557  -16.653  76.259 0.1111110002
43724  -35.172  -16.831  76.839 0.1111110002
43726  -36.868  -16.894  76.847 0.1111110002
44597  -36.432  -16.123  80.129 0.2222220004
43667  -36.655  -16.615  79.491 0.2222220004
44605  -35.770  -16.473  79.510 0.2222220004
118222  -36.430  -17.174  78.535 0.1111110002
44620  -34.709  -16.710  77.644 0.1111110002
43693  -35.339  -16.916  77.798 0.1111110002
45579  -32.857  -15.530  76.223 0.1111110002
44619  -34.117  -16.508  77.197 0.1111110002
43707  -34.799  -16.805  77.051 0.1111110002
44628  -34.017  -16.575  76.377 0.1111110002
114462  -15.611  -15.596  91.745 0.3333329856
47752  -36.373  -13.454  81.450 0.7777780294
46594  -36.640  -14.159  81.282 0.6666669846
118381  -35.480  -15.577  81.054 0.2222220004
44595  -35.303  -16.004  80.115 0.2222220004
113409  -37.720  -10.327  77.192 0.5555559993
51875  -38.905  -8.843  77.092 0.5555559993
128941  -40.058  -9.308  77.151 0.7777780294
52955  -40.592  -8.380  77.372 0.5555559993
44603  -34.493  -16.018  78.886 0.1111110002
45551  -34.682  -15.757  79.781 0.2222220004
51897  -37.294  -9.021  76.571 0.3333329856
51874  -38.227  -8.968  77.011 0.5555559993
52954  -39.507  -8.298  77.093 0.5555559993
45568  -33.021  -15.176  77.114 0.1111110002
45569  -33.647  -15.747  77.575 0.1111110002
47658  -13.645  -14.153  91.341 0.2222220004
122786  -14.982  -14.779  91.633 0.3333329856
47662  -12.918  -14.027  90.891 0.1111110002
47668  -12.406  -14.048  90.372 0.1111110002
48778  -13.147  -13.583  90.191 0.1111110002
46578  -35.231  -13.803  82.236 0.3333329856
47751  -35.673  -13.322  81.882 0.7777780294
45517  -34.567  -14.341  82.302 0.2222220004
46593  -35.897  -14.103  81.646 0.2222220004
45525  -34.641  -14.771  81.881 0.2222220004
44580  -35.616  -15.258  81.291 0.2222220004
54025  -44.064  -7.383  76.713 0.8888890147
45535  -34.173  -15.045  81.220 0.2222220004
45536  -34.864  -15.230  81.339 0.2222220004
50833  -37.042  -10.918  78.569 0.5555559993
54023  -42.634  -7.609  76.894 0.6666669846
46631  -33.508  -14.399  80.663 0.2222220004
45544  -34.796  -15.520  80.650 0.2222220004
50847  -36.175  -10.443  77.603 0.4444440007
50848  -36.933  -10.356  77.548 0.4444440007
54021  -41.018  -7.939  77.244 0.5555559993
124858  -41.933  -8.075  77.427 0.5555559993
46648  -33.602  -14.500  79.690 0.2222220004
45543  -34.126  -15.156  80.273 0.2222220004
50867  -35.995  -10.039  76.854 0.3333329856
51873  -36.797  -9.731  76.918 0.4444440007
52986  -37.837  -8.627  76.288 0.3333329856
52987  -38.563  -8.201  75.976 0.3333329856
124700  -39.534  -7.928  76.877 0.4444440007
54043  -40.716  -7.587  76.222 0.5555559993
52990  -40.965  -7.849  75.340 0.5555559993
46676  -32.726  -14.223  77.405 0.1111110002
46661  -33.584  -14.712  78.917 0.1111110002
51895  -35.850  -10.012  76.097 0.2222220004
51896  -36.626  -9.481  76.317 0.2222220004
51916  -37.099  -8.933  75.872 0.2222220004
52989  -40.088  -7.815  75.702 0.3333329856
46675  -32.188  -13.650  77.142 0.1111110002
51915  -36.485  -9.628  75.522 0.2222220004
51933  -37.108  -9.307  74.978 0.1111110002
51934  -38.649  -8.765  74.816 0.1111110002
53002  -39.411  -8.278  75.276 0.1111110002
53003  -40.376  -8.460  74.786 0.1111110002
47653  -16.708  -14.177  91.535 0.3333329856
46502  -17.403  -14.955  91.441 0.3333329856
47655  -17.654  -14.208  91.364 0.3333329856
47659  -14.724  -13.752  91.507 0.2222220004
47652  -15.458  -13.824  91.578 0.3333329856
46501  -16.802  -15.005  91.552 0.3333329856
114165  -17.720  -15.473  91.385 0.3333329856
113082  -14.225  -13.750  91.361 0.2222220004
47651  -14.071  -14.512  91.506 0.2222220004
47663  -13.342  -14.013  91.168 0.2222220004
48772  -13.083  -13.775  90.585 0.2222220004
48779  -13.819  -13.293  90.545 0.1111110002
48782  -13.911  -13.218  89.921 0.1111110002
47741  -35.064  -13.163  82.498 0.5555559993
46576  -34.174  -13.935  82.865 0.2222220004
46591  -34.081  -14.310  82.439 0.2222220004
55155  -43.951  -6.682  76.726 0.8888890147
55168  -44.963  -6.788  76.527 0.8888890147
119786  -32.977  -14.101  81.228 0.1111110002
46613  -33.558  -14.485  81.705 0.2222220004
50832  -36.391  -10.655  78.491 0.4444440007
54024  -43.313  -7.435  76.732 0.7777780294
56287  -45.117  -6.082  76.254 0.8888890147
47780  -31.919  -13.494  80.403 0.1111110002
50846  -35.366  -10.525  77.529 0.3333329856
55153  -42.561  -7.255  76.881 0.5555559993
54046  -42.956  -6.699  75.520 0.5555559993
55176  -46.028  -6.476  75.423 0.8888890147
46647  -33.091  -13.967  79.894 0.2222220004
50866  -35.254  -10.594  76.682 0.1111110002
54034  -42.017  -7.165  76.669 0.5555559993
54045  -42.297  -7.114  75.844 0.5555559993
47813  -32.174  -13.276  78.782 0.1111110002
50884  -35.093  -10.808  75.779 0.1111110002
53004  -41.478  -8.703  74.482 0.1111110002
54053  -41.873  -7.778  75.137 0.2222220004
53005  -42.433  -8.476  74.409 0.1111110002
47825  -30.798  -13.071  77.272 0.1111110002
114693  -37.924  -9.314  74.381 0.1111110002
51955  -38.808  -9.574  73.854 0.1111110002
116922  -40.265  -9.756  73.616 0.1111110002
51936  -40.724  -9.297  74.020 0.1111110002
53016  -42.167  -9.147  73.940 0.1111110002
51914  -35.776  -10.426  75.149 0.1111110002
120629  -36.455  -10.014  74.544 0.1111110002
123975  -37.202  -9.846  73.942 0.1111110002
111172  -38.028  -9.862  73.384 0.1111110002
51956  -39.627  -9.902  73.383 0.1111110002
51957  -40.904  -9.963  73.343 0.1111110002
131505  -40.292  -10.117  73.096 0.1111110002
124970  -25.910  -13.688  72.351 0.1111110002
48769  -15.192  -12.936  91.556 0.2222220004
116824  -16.134  -13.837  91.549 0.3333329856
48768  -14.645  -13.144  91.407 0.2222220004
48766  -17.376  -13.561  91.474 0.3333329856
48773  -13.782  -13.473  90.962 0.2222220004
46504  -17.916  -14.552  91.208 0.3333329856
48780  -14.471  -12.833  90.979 0.1111110002
110537  -14.475  -12.742  90.411 0.1111110002
48790  -14.053  -13.374  89.096 0.1111110002
45488  -18.509  -15.470  87.093 0.3333329856
45495  -19.055  -15.598  86.157 0.3333329856
47729  -33.713  -13.090  83.648 0.4444440007
48845  -34.402  -12.425  83.413 0.6666669846
46559  -34.206  -13.466  83.203 0.3333329856
45503  -19.472  -15.384  85.414 0.2222220004
116809  -32.522  -13.709  83.613 0.1111110002
46558  -33.532  -13.506  83.409 0.3333329856
45509  -19.839  -14.886  84.815 0.2222220004
117640  -20.287  -13.962  85.010 0.2222220004
115936  -32.657  -14.113  83.049 0.1111110002
46575  -33.331  -13.836  83.153 0.2222220004
55167  -44.545  -6.310  76.595 0.8888890147
47736  -20.278  -13.640  83.905 0.1111110002
46590  -32.243  -14.005  82.878 0.1111110002
110004  -33.376  -14.194  82.580 0.2222220004
118899  -44.177  -6.044  76.598 0.7777780294
46567  -19.846  -14.389  83.429 0.1111110002
47765  -31.402  -13.609  81.130 0.1111110002
51853  -35.101  -10.067  79.059 0.4444440007
55166  -43.670  -6.348  76.563 0.6666669846
55165  -42.903  -6.771  76.478 0.5555559993
56308  -45.675  -5.791  75.873 0.8888890147
47779  -30.961  -13.383  80.347 0.1111110002
49817  -21.598  -11.239  80.053 0.1111110002
130251  -30.465  -13.223  78.857 0.1111110002
49816  -21.069  -11.787  79.742 0.1111110002
46660  -29.113  -13.577  78.010 0.1111110002
47811  -29.844  -13.330  78.511 0.1111110002
53017  -42.852  -8.968  73.654 0.1111110002
48896  -21.395  -12.044  79.019 0.1111110002
48908  -21.962  -12.234  78.296 0.1111110002
119466  -30.129  -13.105  76.889 0.1111110002
51958  -42.322  -9.613  73.295 0.1111110002
110769  -20.673  -12.898  77.593 0.1111110002
47808  -21.651  -12.634  77.612 0.1111110002
46690  -27.698  -13.902  76.544 0.1111110002
50910  -35.739  -10.685  74.143 0.1111110002
51954  -36.461  -10.338  73.567 0.1111110002
51974  -38.882  -10.089  72.839 0.1111110002
51978  -42.281  -9.795  72.528 0.1111110002
47821  -21.322  -12.987  76.943 0.1111110002
47822  -22.363  -13.106  77.149 0.1111110002
46703  -28.122  -13.585  75.698 0.1111110002
51973  -37.209  -10.183  72.842 0.1111110002
51976  -40.754  -10.215  72.389 0.1111110002
51977  -41.634  -9.993  72.918 0.1111110002
46685  -21.530  -13.851  75.773 0.1111110002
115644  -25.998  -14.238  75.386 0.1111110002
51975  -39.795  -10.225  72.576 0.1111110002
46686  -22.620  -13.950  75.964 0.1111110002
45608  -24.926  -14.784  74.172 0.1111110002
46711  -25.795  -14.335  74.543 0.1111110002
45586  -21.560  -14.905  74.788 0.1111110002
45628  -21.364  -15.904  73.563 0.1111110002
45629  -23.530  -15.214  73.237 0.1111110002
45630  -24.361  -14.925  73.376 0.1111110002
46720  -25.668  -14.309  73.655 0.1111110002
46736  -25.471  -14.162  72.822 0.1111110002
44680  -20.811  -16.693  73.166 0.1111110002
44681  -21.684  -16.315  72.935 0.1111110002
45654  -23.295  -15.082  72.195 0.1111110002
44691  -21.486  -17.124  72.444 0.1111110002
45675  -22.706  -15.821  71.721 0.1111110002
44700  -22.495  -16.623  71.335 0.1111110002
48765  -16.603  -13.291  91.578 0.3333329856
48774  -14.576  -12.946  91.251 0.2222220004
49710  -15.066  -12.271  91.278 0.1111110002
49715  -14.975  -12.156  90.851 0.2222220004
48783  -14.766  -12.808  89.509 0.2222220004
119142  -14.968  -12.202  90.241 0.2222220004
48784  -15.485  -12.120  89.597 0.1111110002
48792  -15.636  -12.762  88.630 0.1111110002
47727  -32.288  -13.350  84.188 0.3333329856
46574  -31.956  -13.967  83.575 0.1111110002
127435  -19.877  -14.569  85.393 0.2222220004
115588  -31.512  -13.885  83.409 0.1111110002
46609  -28.927  -13.752  81.242 0.2222220004
109150  -30.903  -13.732  81.834 0.2222220004
56285  -44.048  -5.730  76.206 0.6666669846
56286  -44.683  -5.624  76.230 0.8888890147
127285  -45.266  -5.399  76.037 0.8888890147
46628  -29.859  -13.571  80.825 0.1111110002
50830  -34.823  -10.387  78.110 0.3333329856
124001  -43.415  -6.281  75.218 0.4444440007
57292  -46.114  -4.506  75.146 0.8888890147
46627  -28.327  -14.019  80.457 0.1111110002
47778  -30.162  -13.458  80.122 0.1111110002
51852  -34.331  -9.890  78.574 0.2222220004
50845  -34.592  -10.576  77.252 0.2222220004
55212  -43.963  -6.788  73.771 0.3333329856
47775  -24.057  -12.936  79.638 0.1111110002
128110  -28.510  -14.020  79.734 0.1111110002
46646  -29.015  -13.847  79.039 0.1111110002
51872  -34.057  -10.272  77.767 0.1111110002
50865  -34.427  -10.844  76.403 0.1111110002
54061  -43.194  -8.143  74.051 0.1111110002
116724  -23.394  -12.522  79.281 0.1111110002
47810  -23.441  -13.230  78.300 0.1111110002
46658  -27.475  -14.237  78.705 0.1111110002
46659  -28.280  -14.040  78.374 0.1111110002
50844  -33.777  -10.584  76.976 0.1111110002
54062  -43.832  -7.735  73.581 0.1111110002
54063  -44.276  -7.328  73.164 0.1111110002
47792  -22.833  -12.495  78.678 0.1111110002
46653  -23.249  -13.400  77.527 0.1111110002
110796  -26.871  -14.323  78.251 0.1111110002
46674  -28.277  -13.824  77.388 0.1111110002
53030  -43.722  -8.679  72.418 0.1111110002
46669  -22.999  -13.574  76.713 0.1111110002
46670  -23.734  -13.705  77.053 0.1111110002
46688  -25.738  -14.249  76.827 0.1111110002
126179  -27.032  -14.254  77.790 0.1111110002
53029  -43.032  -9.278  72.653 0.1111110002
46668  -22.007  -13.406  76.436 0.1111110002
46687  -23.444  -14.049  76.271 0.1111110002
45565  -23.949  -14.015  76.581 0.1111110002
120097  -26.125  -14.165  76.141 0.1111110002
116813  -41.678  -9.982  72.021 0.1111110002
46700  -22.121  -14.444  75.361 0.1111110002
45575  -23.650  -14.382  75.860 0.1111110002
45589  -23.931  -14.638  75.408 0.1111110002
113888  -25.184  -14.621  75.108 0.1111110002
46702  -26.988  -13.942  75.752 0.1111110002
45587  -22.529  -14.855  74.909 0.1111110002
121507  -23.560  -14.937  74.692 0.1111110002
117850  -35.744  -10.636  73.297 0.1111110002
109536  -38.101  -10.127  72.488 0.1111110002
109663  -39.130  -10.204  71.928 0.1111110002
109869  -40.013  -10.199  71.834 0.1111110002
45605  -21.982  -15.368  74.266 0.1111110002
45606  -22.789  -15.147  74.446 0.1111110002
112030  -23.986  -15.087  74.102 0.1111110002
117032  -22.249  -15.675  73.724 0.1111110002
45653  -22.572  -15.742  72.864 0.1111110002
44692  -21.983  -16.507  71.977 0.1111110002
48764  -15.864  -13.015  91.603 0.2222220004
128822  -16.365  -12.475  91.610 0.3333329856
48770  -15.768  -12.125  91.589 0.2222220004
48775  -15.131  -12.475  91.446 0.2222220004
49707  -15.607  -11.825  91.413 0.2222220004
49704  -16.121  -11.356  91.558 0.4444440007
49711  -15.497  -11.644  91.178 0.2222220004
50674  -15.947  -10.997  91.009 0.3333329856
49716  -15.564  -11.633  90.486 0.2222220004
129324  -15.959  -11.537  89.721 0.2222220004
49727  -16.118  -11.897  88.955 0.1111110002
49717  -16.491  -11.178  89.350 0.1111110002
56305  -43.853  -5.636  75.402 0.4444440007
56306  -44.455  -5.117  75.791 0.7777780294
56307  -45.113  -4.857  75.933 0.8888890147
55192  -43.724  -6.176  74.555 0.3333329856
124696  -44.271  -5.145  74.886 0.7777780294
57290  -44.932  -4.604  75.265 0.7777780294
109824  -27.820  -14.136  79.870 0.2222220004
52909  -33.173  -8.913  79.935 0.1111110002
52922  -33.579  -9.013  79.491 0.2222220004
52923  -34.206  -9.177  79.737 0.2222220004
129064  -43.921  -5.624  74.671 0.4444440007
116434  -46.910  -3.598  74.290 0.8888890147
109681  -27.046  -14.195  79.916 0.2222220004
52921  -32.964  -8.937  79.251 0.1111110002
52935  -33.153  -9.121  78.631 0.1111110002
52936  -33.899  -9.230  78.997 0.1111110002
55213  -44.568  -6.616  73.144 0.1111110002
56343  -44.892  -5.566  73.047 0.3333329856
57343  -45.655  -3.997  72.924 0.4444440007
47794  -24.243  -13.360  79.332 0.1111110002
46642  -24.589  -13.579  79.246 0.1111110002
46643  -25.699  -14.100  79.364 0.2222220004
110950  -26.602  -14.320  79.092 0.1111110002
46644  -27.411  -14.228  79.361 0.1111110002
121833  -32.590  -9.136  78.075 0.1111110002
52951  -32.866  -9.371  77.695 0.1111110002
51851  -33.587  -9.622  78.216 0.1111110002
53018  -43.594  -8.588  73.226 0.1111110002
55233  -45.062  -6.599  72.282 0.1111110002
56360  -45.568  -5.043  72.523 0.3333329856
46641  -24.041  -13.489  78.725 0.1111110002
46655  -24.568  -13.693  78.349 0.1111110002
46656  -25.397  -14.057  78.468 0.1111110002
129193  -25.927  -14.296  78.824 0.1111110002
46657  -26.120  -14.335  78.329 0.1111110002
129389  -32.824  -9.668  77.221 0.1111110002
50864  -33.573  -10.770  76.109 0.1111110002
50883  -34.220  -11.071  75.523 0.1111110002
54073  -44.203  -7.994  72.676 0.1111110002
55234  -45.450  -5.812  72.219 0.2222220004
109699  -24.244  -13.734  77.385 0.1111110002
46671  -24.899  -13.866  77.640 0.1111110002
46672  -25.611  -14.186  77.684 0.1111110002
46673  -26.456  -14.286  77.582 0.1111110002
50896  -33.887  -11.161  74.718 0.1111110002
45566  -24.507  -13.965  76.857 0.1111110002
45567  -25.122  -14.061  77.095 0.1111110002
50882  -33.517  -10.866  75.339 0.1111110002
50909  -34.902  -10.988  73.603 0.1111110002
45576  -24.199  -14.326  76.131 0.1111110002
45577  -24.900  -14.200  76.399 0.1111110002
46701  -25.385  -14.316  75.918 0.1111110002
53040  -42.508  -9.513  71.649 0.1111110002
129047  -38.616  -10.189  72.259 0.1111110002
50669  -15.883  -11.279  91.386 0.3333329856
50670  -16.399  -10.877  91.343 0.2222220004
50676  -17.338  -10.063  90.838 0.3333329856
128164  -16.206  -10.950  90.274 0.2222220004
57308  -46.005  -3.753  74.895 0.7777780294
119664  -46.501  -3.939  74.678 0.8888890147
51803  -32.317  -10.181  81.096 0.1111110002
111940  -33.050  -9.525  81.091 0.2222220004
131394  -45.736  -3.680  74.222 0.7777780294
58322  -46.492  -3.317  74.330 0.7777780294
58332  -47.144  -3.007  73.994 0.7777780294
59250  -47.438  -2.569  73.442 0.8888890147
51817  -31.716  -10.198  80.493 0.1111110002
51818  -32.581  -9.393  80.383 0.1111110002
57325  -45.410  -4.039  73.869 0.6666669846
58331  -45.822  -3.445  73.732 0.7777780294
51834  -32.337  -9.003  79.491 0.1111110002
58351  -46.453  -2.676  72.166 0.4444440007
50684  -16.835  -10.472  89.811 0.1111110002
51719  -17.388  -9.963  89.284 0.1111110002
51720  -18.002  -9.518  88.792 0.1111110002
50696  -16.985  -10.674  88.860 0.1111110002
52832  -18.955  -8.824  87.322 0.1111110002
124612  -26.959  -8.314  86.467 0.5555559993
50743  -31.596  -11.016  84.898 0.4444440007
50756  -32.497  -10.963  83.321 0.4444440007
51754  -30.813  -10.732  85.102 0.4444440007
50755  -31.379  -10.867  83.535 0.4444440007
51786  -29.939  -10.062  83.313 0.3333329856
51773  -30.513  -10.268  84.066 0.3333329856
119672  -31.442  -10.819  81.893 0.2222220004
50790  -32.137  -10.650  81.777 0.2222220004
59241  -46.783  -2.852  73.968 0.7777780294
59249  -47.082  -2.490  73.542 0.7777780294
50771  -31.002  -10.826  82.507 0.2222220004
50789  -31.541  -10.662  81.190 0.1111110002
59248  -46.781  -2.608  73.425 0.7777780294
117450  -47.417  -1.875  73.107 0.8888890147
50788  -30.796  -10.821  81.594 0.1111110002
59247  -46.175  -2.918  73.668 0.7777780294
59254  -46.589  -2.486  72.948 0.7777780294
56138  -21.550  -6.217  87.571 0.5555559993
57154  -22.428  -5.310  86.493 0.5555559993
57156  -23.580  -4.976  86.694 0.5555559993
57162  -22.991  -4.929  86.016 0.5555559993
57163  -23.956  -4.908  85.887 0.5555559993
56150  -24.646  -5.222  86.373 0.5555559993
53954  -28.426  -8.329  85.699 0.5555559993
53964  -28.786  -8.286  84.990 0.3333329856
51752  -29.286  -9.638  85.446 0.4444440007
51741  -29.676  -10.270  85.546 0.4444440007
61140  -47.969  -0.511  71.762 0.8888890147
115603  -29.226  -9.200  83.294 0.3333329856
52858  -29.635  -9.487  85.044 0.4444440007
51753  -30.020  -10.157  85.226 0.4444440007
61139  -47.295  -0.010  72.154 0.8888890147
60152  -46.991  -0.970  72.803 0.7777780294
60159  -48.442  -1.302  71.611 0.8888890147
51801  -28.565  -9.831  81.465 0.1111110002
127187  -29.455  -10.047  82.611 0.1111110002
51802  -29.302  -10.300  81.828 0.1111110002
57164  -24.704  -4.977  85.883 0.6666669846
57157  -25.718  -5.577  86.170 0.5555559993
57173  -24.375  -5.034  85.437 0.6666669846
115160  -25.162  -5.208  86.096 0.6666669846
56152  -26.004  -5.876  86.496 0.6666669846
53935  -27.732  -8.238  86.393 0.5555559993
53953  -28.220  -7.762  85.536 0.4444440007
127942  -47.090  0.557  71.841 0.8888890147
62103  -46.840  0.204  72.114 0.7777780294
61124  -46.624  -0.365  72.163 0.6666669846
62114  -47.156  1.045  71.282 0.7777780294
62113  -46.478  0.835  71.639 0.7777780294
63060  -46.521  1.344  71.083 0.7777780294
61136  -45.050  0.473  71.044 0.5555559993
62122  -44.605  1.173  70.590 0.6666669846
61167  -44.332  -0.363  69.760 0.5555559993
63071  -44.922  1.572  70.614 0.6666669846
63072  -46.212  1.737  70.618 0.7777780294
122625  -46.906  1.554  69.321 0.8888890147
63104  -46.839  1.140  68.489 0.7777780294
126564  -43.659  1.010  69.586 0.6666669846
61166  -43.805  0.542  69.672 0.5555559993
130780  -49.536  2.656  58.470 0.4444440007
64041  -44.663  1.878  70.118 0.6666669846
64056  -45.481  2.139  69.371 0.6666669846
62142  -46.373  1.239  67.913 0.8888890147
63070  -44.321  1.670  70.169 0.6666669846
64055  -44.665  2.228  69.417 0.6666669846
62131  -43.207  0.767  69.098 0.5555559993
111006  -49.579  0.286  56.713 0.4444440007
63265  -49.393  1.311  57.994 0.4444440007
64071  -45.768  2.181  68.757 0.6666669846
64070  -45.229  2.510  68.691 0.6666669846
64054  -43.913  2.153  69.102 0.6666669846
63101  -42.840  1.006  67.810 0.4444440007
62153  -42.646  0.309  67.409 0.3333329856
61190  -42.653  -0.256  66.634 0.3333329856
123048  -42.657  -0.561  65.834 0.1111110002
64204  -49.415  3.078  58.865 0.4444440007
62289  -50.863  0.118  57.082 0.5555559993
62277  -50.325  0.894  57.674 0.4444440007
61297  -50.294  -0.738  55.085 0.4444440007
61280  -50.324  -0.337  56.102 0.6666669846
63118  -46.019  2.084  68.097 0.6666669846
64069  -44.573  2.578  68.522 0.6666669846
64068  -43.817  2.279  68.149 0.6666669846
62165  -42.672  0.186  66.528 0.3333329856
60217  -42.471  -0.763  65.014 0.1111110002
128755  -49.823  3.630  58.743 0.4444440007
65137  -49.756  3.818  59.116 0.4444440007
127888  -50.845  -1.282  54.835 0.4444440007
109766  -51.529  -1.969  54.292 0.3333329856
112719  -52.986  1.376  56.186 0.5555559993
60345  -51.468  -1.973  53.445 0.4444440007
59410  -53.344  -2.384  55.159 0.4444440007
60306  -54.256  -1.725  56.760 0.4444440007
60360  -51.446  -1.807  52.493 0.4444440007
60346  -52.305  -2.152  53.199 0.4444440007
60329  -53.392  -2.384  54.015 0.4444440007
64097  -46.317  2.652  67.274 0.6666669846
64082  -44.569  2.915  67.686 0.6666669846
64081  -43.886  2.387  67.193 0.6666669846
63131  -42.851  0.890  67.073 0.3333329856
61196  -42.694  -0.356  65.822 0.3333329856
63266  -51.219  1.655  57.800 0.6666669846
62290  -51.930  -0.072  57.308 0.6666669846
61298  -51.113  -1.056  55.699 0.6666669846
61281  -51.440  -0.665  56.666 0.6666669846
60304  -51.627  -1.727  55.207 0.5555559993
61300  -53.065  -1.315  57.031 0.4444440007
61283  -53.379  -0.659  57.221 0.6666669846
62291  -53.120  0.154  57.249 0.6666669846
64221  -52.467  2.749  56.571 0.7777780294
61299  -52.222  -1.450  56.390 0.4444440007
60305  -53.327  -1.850  56.743 0.4444440007
60297  -53.731  -1.387  57.084 0.4444440007
63274  -53.287  0.503  56.775 0.7777780294
64226  -52.677  2.452  56.102 0.7777780294
130205  -52.907  -2.291  55.612 0.4444440007
113437  -53.565  -2.207  56.194 0.4444440007
61284  -54.059  -0.956  57.034 0.4444440007
60328  -52.292  -2.304  54.164 0.4444440007
65034  -46.005  3.119  67.333 0.6666669846
119084  -46.877  3.231  66.704 0.6666669846
122615  -44.547  2.920  66.895 0.6666669846
63132  -43.360  1.550  66.627 0.4444440007
63148  -42.948  0.720  66.158 0.3333329856
62178  -42.703  0.025  65.608 0.3333329856
62177  -42.449  -0.440  64.920 0.2222220004
61203  -41.927  -0.762  64.185 0.1111110002
62278  -51.689  0.672  57.555 0.6666669846
125787  -52.296  0.299  57.463 0.6666669846
62279  -52.540  0.548  57.421 0.6666669846
112015  -49.198  5.736  56.625 0.5555559993
61282  -52.450  -0.765  57.124 0.6666669846
125835  -52.746  0.967  57.197 0.6666669846
67124  -48.105  5.553  56.838 0.5555559993
66130  -46.184  4.386  56.880 0.4444440007
125407  -46.792  4.672  56.753 0.4444440007
66132  -47.642  4.585  56.270 0.5555559993
65154  -45.238  3.087  56.214 0.3333329856
66129  -45.998  3.759  56.434 0.3333329856
66131  -46.873  4.047  56.124 0.4444440007
64225  -44.715  2.648  55.609 0.3333329856
130072  -45.144  3.186  55.540 0.3333329856
65162  -45.680  3.499  55.898 0.3333329856
115275  -46.239  3.784  55.983 0.4444440007
66146  -47.528  4.037  55.427 0.5555559993
64234  -44.211  2.619  54.803 0.3333329856
65161  -44.840  3.281  54.861 0.3333329856
66144  -45.838  3.731  55.584 0.3333329856
125415  -46.096  3.937  55.086 0.4444440007
66165  -47.385  3.950  54.542 0.5555559993
64248  -43.628  2.615  54.158 0.2222220004
110084  -44.817  4.076  54.320 0.3333329856
66145  -46.728  3.915  55.277 0.5555559993
65197  -44.215  3.848  53.594 0.3333329856
65214  -43.669  3.732  52.797 0.2222220004
66177  -44.631  4.504  53.788 0.3333329856
64096  -45.333  3.201  67.047 0.6666669846
66015  -47.162  3.605  66.165 0.6666669846
65043  -45.668  3.277  66.155 0.6666669846
63149  -43.493  1.326  65.600 0.6666669846
65045  -47.638  3.465  66.157 0.7777780294
111807  -42.993  0.572  65.186 0.2222220004
62194  -42.484  0.034  64.688 0.2222220004
67112  -46.905  5.971  57.751 0.5555559993
124992  -47.609  6.118  57.456 0.6666669846
68073  -49.856  6.446  57.158 0.6666669846
66117  -45.846  4.139  57.211 0.4444440007
66119  -46.412  5.180  57.463 0.4444440007
67123  -47.179  5.376  57.099 0.5555559993
65145  -45.647  3.497  57.477 0.3333329856
65155  -45.642  3.535  56.721 0.3333329856
66178  -46.966  4.451  53.653 0.3333329856
130253  -46.249  4.243  54.844 0.4444440007
66164  -46.745  4.053  54.380 0.4444440007
131446  -45.038  4.635  54.702 0.3333329856
67153  -45.818  5.000  54.455 0.4444440007
66163  -44.938  4.901  54.311 0.3333329856
67140  -45.114  4.917  54.524 0.3333329856
67165  -44.779  5.163  53.670 0.2222220004
64095  -44.969  2.972  66.131 0.6666669846
65055  -46.116  3.616  65.588 0.6666669846
65056  -46.884  3.899  65.693 0.7777780294
65054  -45.427  3.149  65.346 0.6666669846
66023  -48.339  4.320  65.185 0.7777780294
64111  -44.184  1.774  64.868 0.5555559993
64112  -44.833  2.467  65.105 0.6666669846
65068  -46.477  4.064  64.871 0.6666669846
111851  -47.254  4.391  64.993 0.7777780294
63167  -43.486  1.193  64.567 0.3333329856
113985  -42.801  0.686  64.228 0.3333329856
69014  -49.955  7.289  59.134 0.7777780294
69023  -49.200  6.968  58.667 0.7777780294
68060  -47.688  6.696  58.045 0.6666669846
68049  -48.378  6.969  58.675 0.6666669846
64210  -45.007  1.941  58.173 0.3333329856
64211  -45.390  2.624  57.851 0.3333329856
65146  -45.786  4.268  57.925 0.4444440007
66110  -45.938  4.968  58.328 0.5555559993
64220  -45.264  2.918  57.010 0.3333329856
67166  -46.336  4.808  54.414 0.4444440007
125754  -45.432  6.215  54.027 0.4444440007
68087  -45.255  6.167  54.005 0.3333329856
67152  -45.295  5.566  54.228 0.4444440007
65066  -45.142  3.036  64.358 0.6666669846
65067  -45.759  3.606  64.642 0.6666669846
64127  -44.615  2.311  64.040 0.6666669846
66036  -46.727  4.577  64.160 0.6666669846
67041  -47.520  4.921  64.291 0.7777780294
64126  -44.066  1.699  63.926 0.5555559993
123056  -46.968  5.079  63.594 0.7777780294
67054  -47.716  5.570  63.527 0.7777780294
67997  -48.317  6.504  62.300 0.7777780294
66093  -46.080  4.223  61.300 0.5555559993
68033  -49.149  6.753  60.811 0.7777780294
114724  -49.497  7.150  60.110 0.7777780294
116091  -49.553  7.191  59.514 0.7777780294
65118  -47.241  4.248  59.996 0.5555559993
66095  -47.742  4.974  60.381 0.5555559993
115547  -48.969  6.935  59.309 0.6666669846
68040  -48.019  6.831  59.160 0.6666669846
69013  -49.206  7.053  59.061 0.6666669846
64196  -45.692  2.543  59.570 0.3333329856
64197  -46.127  2.958  59.222 0.4444440007
65136  -46.225  3.885  58.741 0.5555559993
66103  -46.682  4.535  59.152 0.5555559993
67105  -46.963  6.224  58.317 0.5555559993
64203  -45.499  2.286  58.821 0.3333329856
65135  -45.846  3.216  58.301 0.3333329856
66111  -46.621  5.546  58.630 0.5555559993
68088  -45.851  6.223  54.136 0.3333329856
67167  -46.756  5.269  53.962 0.3333329856
68089  -46.713  6.677  54.182 0.3333329856
66035  -45.991  4.178  63.967 0.6666669846
65076  -45.359  3.698  63.724 0.6666669846
66049  -44.966  3.992  62.901 0.6666669846
66050  -45.554  4.288  63.244 0.6666669846
66065  -46.158  5.026  62.465 0.7777780294
67067  -47.569  5.988  62.675 0.7777780294
65075  -44.732  3.192  63.386 0.6666669846
65088  -44.303  3.563  62.502 0.6666669846
66064  -45.497  4.514  62.598 0.6666669846
67066  -46.920  5.500  62.288 0.6666669846
67078  -47.750  6.016  61.960 0.6666669846
68014  -49.026  6.855  61.761 0.7777780294
66077  -46.427  4.924  61.798 0.6666669846
66078  -47.423  5.213  61.402 0.6666669846
67079  -48.527  6.426  61.485 0.6666669846
67093  -48.674  6.296  60.580 0.7777780294
122980  -48.807  6.735  59.880 0.7777780294
66094  -47.085  4.430  60.853 0.5555559993
67092  -48.141  5.922  59.862 0.6666669846
66104  -47.373  5.169  59.535 0.5555559993
67099  -47.274  6.283  58.984 0.5555559993
67172  -47.214  4.792  52.779 0.3333329856
68090  -47.549  6.915  54.332 0.3333329856
68112  -47.356  5.884  53.542 0.3333329856
55072  -20.449  -6.980  87.425 0.1111110002
53921  -19.326  -8.378  87.948 0.1111110002
56157  -21.228  -5.913  86.274 0.2222220004
53934  -27.298  -7.936  86.455 0.6666669846
56144  -25.987  -6.293  86.691 0.5555559993
52837  -28.027  -8.771  86.340 0.5555559993
53933  -26.696  -7.449  86.567 0.5555559993
55076  -26.481  -6.743  86.560 0.6666669846
46535  -19.140  -14.692  86.524 0.3333329856
119505  -17.944  -9.542  89.608 0.1111110002
47728  -33.060  -13.019  84.055 0.3333329856
127971  -20.425  -13.512  85.620 0.2222220004
46614  -37.201  -14.181  80.888 0.5555559993
52824  -19.108  -8.677  88.671 0.1111110002
46545  -31.816  -13.485  84.370 0.4444440007
119925  -31.980  -13.648  84.166 0.2222220004
44590  -37.022  -15.432  80.564 0.3333329856
45538  -36.867  -14.821  81.022 0.4444440007
55055  -20.520  -7.329  88.080 0.2222220004
50731  -31.522  -11.034  85.003 0.4444440007
110367  -29.935  -13.610  81.807 0.2222220004
115291  -30.730  -13.826  83.190 0.2222220004
51740  -28.952  -9.813  85.870 0.4444440007
51742  -30.315  -10.621  85.346 0.4444440007
51804  -32.961  -10.089  81.707 0.2222220004
51819  -33.525  -9.126  80.674 0.3333329856
50817  -36.608  -10.718  79.490 0.5555559993
126250  -34.472  -9.541  79.293 0.3333329856
50816  -35.912  -10.412  79.266 0.5555559993
47831  -41.561  -13.936  76.964 0.5555559993
109682  -26.336  -14.132  79.880 0.2222220004
57155  -22.863  -5.157  86.786 0.5555559993
51730  -28.357  -9.434  86.193 0.5555559993
52836  -27.611  -8.564  86.455 0.5555559993
51728  -27.459  -8.977  86.476 0.4444440007
49841  -37.453  -10.801  77.738 0.4444440007
57149  -24.026  -5.183  86.725 0.5555559993
53932  -26.190  -6.808  86.661 0.5555559993
52835  -26.394  -8.476  86.369 0.5555559993
50850  -39.317  -9.693  76.945 0.7777780294
47776  -24.735  -13.334  79.995 0.1111110002
119226  -24.082  -4.978  86.531 0.5555559993
109466  -40.705  -9.130  77.376 0.6666669846
48885  -23.614  -12.035  79.914 0.1111110002
52938  -42.487  -8.380  77.160 0.8888890147
52957  -43.447  -7.998  76.679 0.7777780294
54016  -42.293  -8.043  77.231 0.6666669846
60154  -47.740  -1.271  72.522 0.8888890147
63087  -46.663  1.792  70.052 0.7777780294
66022  -47.695  4.045  65.600 0.7777780294
67042  -48.249  5.204  64.271 0.7777780294
45552  -38.502  -15.517  79.256 0.4444440007
112747  -31.874  -10.866  84.084 0.4444440007
56148  -21.799  -5.758  86.932 0.5555559993
49827  -21.706  -11.602  79.453 0.1111110002
56309  -46.287  -5.499  75.204 0.8888890147
63073  -47.009  1.497  70.630 0.7777780294
112885  -52.692  1.619  56.656 0.7777780294
67113  -48.570  6.433  57.519 0.6666669846
68061  -48.552  6.904  58.212 0.6666669846
123311  -39.413  -16.395  77.972 0.1111110002
45559  -39.685  -16.053  78.058 0.1111110002
46664  -40.719  -15.422  77.677 0.3333329856
127895  -38.393  -16.949  78.306 0.1111110002
43710  -39.889  -16.624  77.326 0.1111110002
43709  -39.279  -16.872  77.328 0.1111110002
44622  -41.272  -15.846  76.991 0.2222220004
44600  -38.002  -15.691  79.543 0.4444440007
44599  -37.374  -15.818  79.902 0.2222220004
44598  -36.879  -15.915  80.223 0.3333329856
43668  -37.110  -16.356  79.619 0.2222220004
113117  -37.122  -16.954  79.040 0.2222220004
43695  -37.830  -17.001  78.636 0.1111110002
43681  -36.557  -16.943  79.061 0.2222220004
42735  -37.348  -17.268  78.448 0.1111110002
42758  -37.454  -17.369  77.792 0.1111110002
42783  -37.981  -17.181  77.252 0.1111110002
43729  -39.200  -16.901  76.872 0.1111110002
42780  -35.649  -16.966  77.179 0.1111110002
42757  -35.459  -16.947  77.356 0.1111110002
43694  -35.934  -17.063  78.162 0.1111110002
42782  -37.153  -17.185  77.273 0.1111110002
42781  -36.198  -17.077  77.165 0.1111110002
43727  -37.839  -16.977  76.865 0.1111110002
43725  -35.493  -16.817  76.773 0.1111110002
43747  -36.587  -16.466  76.209 0.1111110002
112292  -35.925  -16.748  76.588 0.1111110002
112634  -36.537  -15.736  80.620 0.2222220004
44589  -36.052  -15.775  80.864 0.2222220004
43666  -36.237  -16.560  79.596 0.2222220004
44596  -35.808  -16.070  80.375 0.2222220004
44604  -35.155  -16.333  79.239 0.2222220004
44612  -34.926  -16.600  78.367 0.2222220004
43680  -36.130  -16.891  78.929 0.2222220004
43679  -35.599  -16.771  78.649 0.1111110002
44611  -34.289  -16.238  78.013 0.1111110002
44618  -33.453  -16.081  76.704 0.1111110002
46500  -16.013  -14.731  91.590 0.3333329856
45528  -36.323  -14.691  81.336 0.2222220004
45537  -35.138  -15.123  81.452 0.2222220004
127334  -36.339  -15.296  81.093 0.2222220004
114026  -37.563  -9.407  76.937 0.3333329856
50849  -38.329  -9.723  76.965 0.5555559993
116637  -39.867  -8.836  77.211 0.6666669846
54031  -40.169  -7.974  77.123 0.5555559993
45557  -33.868  -15.480  78.472 0.1111110002
45550  -34.032  -15.325  79.361 0.1111110002
52952  -38.006  -8.772  76.782 0.4444440007
52953  -38.633  -8.507  76.930 0.4444440007
52970  -38.935  -8.107  76.737 0.4444440007
45556  -33.232  -14.668  78.057 0.1111110002
46592  -35.298  -14.314  81.918 0.2222220004
130692  -34.437  -13.789  82.832 0.4444440007
46577  -34.871  -13.924  82.477 0.3333329856
45526  -35.082  -14.675  81.814 0.2222220004
45527  -35.741  -14.768  81.499 0.2222220004
45524  -34.087  -14.817  81.808 0.2222220004
55154  -43.186  -7.003  76.722 0.5555559993
54032  -40.630  -7.705  76.897 0.5555559993
54042  -40.036  -7.748  76.568 0.4444440007
54022  -41.920  -7.747  77.179 0.5555559993
120433  -33.025  -13.880  78.991 0.1111110002
52988  -39.359  -7.887  76.278 0.3333329856
54033  -41.293  -7.547  76.813 0.5555559993
54044  -41.495  -7.407  76.036 0.5555559993
47827  -32.583  -13.616  78.021 0.1111110002
53001  -37.811  -8.755  75.418 0.1111110002
47826  -31.659  -13.156  77.826 0.1111110002
51935  -39.689  -9.141  74.225 0.1111110002
47740  -34.546  -13.048  83.093 0.4444440007
46611  -31.785  -13.947  81.954 0.1111110002
46612  -32.742  -14.080  82.008 0.1111110002
46630  -32.720  -13.829  80.506 0.1111110002
50831  -35.614  -10.477  78.378 0.3333329856
54054  -42.684  -7.513  74.881 0.5555559993
47798  -32.459  -13.508  79.673 0.1111110002
47797  -31.603  -13.265  79.574 0.1111110002
127135  -31.247  -13.125  78.768 0.1111110002
51937  -41.579  -9.563  73.704 0.1111110002
47812  -30.667  -13.074  78.141 0.1111110002
46762  -24.414  -14.169  71.713 0.1111110002
46557  -32.741  -13.456  83.777 0.3333329856
46551  -20.013  -14.430  84.240 0.1111110002
46589  -31.280  -13.893  82.631 0.1111110002
55175  -43.470  -6.157  76.026 0.4444440007
129319  -30.380  -13.480  80.591 0.1111110002
46610  -30.568  -13.536  81.084 0.1111110002
122802  -45.661  -5.016  75.681 0.8888890147
47796  -30.708  -13.269  79.510 0.1111110002
47795  -29.900  -13.472  79.358 0.1111110002
48895  -20.636  -12.407  79.371 0.1111110002
47824  -29.973  -13.149  77.651 0.1111110002
48907  -20.918  -12.513  78.390 0.1111110002
113131  -34.848  -11.060  74.713 0.1111110002
47809  -22.620  -12.801  77.862 0.1111110002
112868  -27.280  -14.100  77.333 0.1111110002
46689  -26.699  -14.126  76.713 0.1111110002
131332  -40.515  -10.127  71.741 0.1111110002
46699  -21.163  -14.379  75.266 0.1111110002
46719  -25.010  -14.560  73.329 0.1111110002
46734  -23.981  -14.630  72.128 0.1111110002
46735  -24.622  -14.468  72.588 0.1111110002
124801  -29.243  -13.728  80.113 0.1111110002
57291  -45.589  -4.436  75.329 0.7777780294
54055  -43.385  -7.077  74.471 0.2222220004
56326  -44.208  -5.767  73.962 0.2222220004
47793  -23.694  -13.140  78.989 0.1111110002
51871  -33.329  -10.021  77.458 0.1111110002
54074  -44.657  -7.296  72.634 0.1111110002
112067  -27.544  -14.164  77.970 0.1111110002
46654  -23.899  -13.551  77.918 0.1111110002
45574  -23.008  -14.440  75.576 0.1111110002
45588  -23.291  -14.708  75.143 0.1111110002
45590  -24.628  -14.529  75.640 0.1111110002
45607  -24.359  -14.820  74.887 0.1111110002
122676  -23.062  -15.310  73.927 0.1111110002
57324  -44.802  -4.737  74.147 0.6666669846
57307  -45.544  -4.016  74.699 0.7777780294
56344  -45.160  -4.625  73.290 0.4444440007
55252  -45.629  -6.208  71.549 0.1111110002
54084  -44.737  -7.541  71.933 0.1111110002
58321  -46.009  -3.318  74.359 0.7777780294
59240  -46.407  -2.991  74.011 0.7777780294
58343  -46.016  -3.060  73.008 0.7777780294
57360  -46.176  -3.546  72.106 0.4444440007
58352  -46.558  -3.232  71.288 0.3333329856
50742  -31.086  -10.738  84.589 0.4444440007
50772  -31.850  -10.886  82.586 0.3333329856
51764  -30.302  -10.091  84.842 0.4444440007
51763  -29.744  -9.448  84.320 0.4444440007
51787  -30.584  -10.608  83.140 0.2222220004
60147  -47.066  -1.781  73.115 0.7777780294
50770  -30.123  -10.591  82.319 0.1111110002
60153  -47.198  -1.055  72.933 0.7777780294
50787  -29.960  -10.743  81.267 0.1111110002
116120  -46.587  -1.783  72.149 0.7777780294
55073  -20.980  -6.287  87.023 0.1111110002
56159  -22.402  -5.329  85.592 0.4444440007
57172  -23.553  -4.989  85.328 0.5555559993
111776  -28.053  -7.853  86.033 0.4444440007
52847  -28.525  -9.020  85.883 0.4444440007
114215  -28.921  -8.977  85.299 0.4444440007
52879  -29.088  -8.694  84.215 0.3333329856
52868  -29.241  -8.963  84.808 0.3333329856
61126  -47.329  -0.625  72.492 0.8888890147
51785  -28.893  -9.484  82.287 0.1111110002
61125  -47.050  -0.438  72.537 0.6666669846
57174  -25.065  -5.177  85.658 0.5555559993
53943  -27.601  -7.712  86.296 0.5555559993
61138  -46.353  0.335  71.804 0.6666669846
62112  -45.763  0.717  71.360 0.7777780294
127049  -45.133  1.130  71.010 0.7777780294
61137  -45.875  0.021  71.584 0.5555559993
130551  -44.840  -0.146  70.494 0.5555559993
61151  -44.395  0.529  70.320 0.5555559993
62121  -43.979  1.150  70.089 0.6666669846
64043  -45.866  1.970  70.041 0.7777780294
64057  -46.200  1.968  69.399 0.7777780294
63085  -43.762  1.524  69.512 0.6666669846
61177  -42.966  0.042  68.499 0.4444440007
63086  -44.125  2.060  69.815 0.6666669846
62141  -42.842  0.618  68.229 0.4444440007
63117  -43.228  1.630  67.603 0.6666669846
63102  -43.219  1.482  68.566 0.5555559993
64084  -45.641  2.633  68.045 0.6666669846
61301  -54.595  -1.011  56.526 0.3333329856
64083  -45.232  3.024  67.979 0.6666669846
110436  -52.645  -2.076  55.923 0.4444440007
65044  -46.359  3.395  66.419 0.6666669846
64094  -44.163  2.236  66.070 0.6666669846
66143  -45.390  3.993  54.966 0.3333329856
67141  -45.469  4.450  54.703 0.4444440007
65175  -44.249  3.248  54.180 0.2222220004
66118  -45.870  4.890  57.697 0.4444440007
67104  -46.274  5.554  58.043 0.5555559993
67154  -46.260  5.789  54.245 0.3333329856
67151  -45.098  5.556  54.208 0.3333329856
66051  -46.144  4.845  63.232 0.6666669846
67053  -46.827  5.399  62.915 0.7777780294
65128  -46.578  3.636  59.633 0.5555559993
111973  -48.221  5.684  60.949 0.5555559993
68102  -46.885  6.191  54.233 0.3333329856
53939  -19.933  -7.564  86.845 0.1111110002
53930  -19.960  -7.723  87.679 0.1111110002
55067  -27.050  -7.364  86.484 0.6666669846
45581  -42.618  -14.638  75.682 0.3333329856
46706  -43.151  -14.281  75.323 0.4444440007
45594  -42.775  -14.983  74.995 0.3333329856
46695  -43.547  -13.679  75.447 0.4444440007
46708  -44.632  -13.389  74.354 0.3333329856
129045  -42.543  -15.133  74.460 0.2222220004
45617  -42.886  -14.806  74.242 0.3333329856
120388  -44.258  -13.795  73.981 0.2222220004
45667  -42.360  -14.762  73.317 0.2222220004
46727  -43.541  -14.239  73.348 0.2222220004
46728  -44.167  -13.798  73.472 0.2222220004
56375  -45.877  -5.435  71.714 0.2222220004
109429  -46.003  -4.525  71.887 0.2222220004
56388  -46.130  -5.585  70.525 0.2222220004
59261  -46.434  -2.429  71.324 0.5555559993
59270  -46.241  -2.184  70.575 0.4444440007
59255  -46.838  -1.718  72.910 0.6666669846
60151  -46.708  -1.089  72.388 0.5555559993
60158  -46.218  -0.901  71.668 0.5555559993
60166  -45.860  -1.341  70.763 0.5555559993
61152  -45.504  -0.439  70.969 0.4444440007
60165  -45.134  -0.956  70.236 0.4444440007
60172  -44.883  -1.346  69.380 0.3333329856
61178  -44.004  -1.008  68.970 0.3333329856
64140  -43.872  2.576  63.009 0.5555559993
65087  -43.689  3.255  62.218 0.4444440007
65086  -43.312  3.109  61.747 0.3333329856
66075  -44.840  4.086  62.159 0.5555559993
65099  -44.055  3.585  61.757 0.3333329856
65114  -43.461  3.072  61.231 0.3333329856
65100  -44.998  3.912  61.453 0.3333329856
65115  -44.227  3.352  61.029 0.3333329856
65116  -45.205  3.214  60.655 0.3333329856
65117  -46.635  3.757  60.414 0.4444440007
64184  -44.589  2.741  60.308 0.3333329856
65127  -46.089  3.025  60.099 0.3333329856
64185  -45.420  2.633  60.054 0.3333329856
69036  -45.592  6.626  53.949 0.3333329856
69065  -45.767  7.748  53.089 0.3333329856
128396  -45.424  7.529  52.444 0.2222220004
69076  -45.420  7.540  51.667 0.1111110002
126416  -46.885  7.238  49.396 0.1111110002
69958  -46.710  8.440  51.257 0.2222220004
69077  -46.005  8.092  51.276 0.2222220004
69088  -47.074  7.890  49.847 0.2222220004
69968  -48.007  8.061  49.685 0.2222220004
69096  -46.271  7.507  49.980 0.1111110002
69097  -47.663  7.311  49.209 0.1111110002
69098  -48.506  7.420  48.925 0.2222220004
69969  -48.941  8.135  49.345 0.2222220004
112334  -49.781  8.316  49.002 0.2222220004
69978  -49.268  7.654  48.565 0.1111110002
69951  -48.007  9.217  51.338 0.1111110002
70853  -49.389  9.421  50.391 0.1111110002
69961  -49.312  8.803  49.689 0.2222220004
69986  -49.762  8.161  47.580 0.1111110002
69979  -49.957  8.061  48.245 0.2222220004
70854  -50.255  10.071  50.431 0.1111110002
70861  -50.028  9.152  49.595 0.2222220004
71723  -51.202  10.512  49.925 0.1111110002
70862  -50.753  9.565  49.470 0.2222220004
115348  -51.278  9.645  48.971 0.2222220004
70873  -51.471  10.052  48.412 0.2222220004
72562  -52.285  12.080  50.300 0.2222220004
71725  -52.140  11.633  49.235 0.2222220004
70882  -51.147  9.881  47.795 0.2222220004
72563  -52.765  12.695  49.893 0.2222220004
72573  -52.603  12.654  48.917 0.2222220004
71742  -51.451  10.742  47.800 0.2222220004
72572  -51.966  11.672  48.313 0.1111110002
72580  -52.242  12.742  47.942 0.1111110002
71741  -50.760  10.312  47.206 0.3333329856
72579  -51.567  11.862  47.419 0.1111110002
72590  -51.135  12.101  46.534 0.1111110002
73443  -52.141  13.631  46.561 0.1111110002
71751  -49.769  10.179  46.075 0.1111110002
72589  -50.632  11.430  46.100 0.2222220004
73442  -51.449  12.914  46.130 0.1111110002
72606  -50.693  11.380  45.312 0.1111110002
72607  -51.223  11.981  44.881 0.1111110002
74330  -52.655  14.269  46.105 0.2222220004
73450  -51.937  13.616  45.686 0.1111110002
74339  -52.665  14.157  45.118 0.2222220004
72614  -51.716  11.699  43.968 0.1111110002
73458  -51.972  13.402  44.966 0.1111110002
74303  -53.261  14.020  47.741 0.2222220004
74316  -52.894  14.220  46.956 0.2222220004
129290  -53.895  14.636  45.222 0.3333329856
75250  -53.601  14.491  44.881 0.2222220004
112279  -43.562  -0.079  69.110 0.3333329856
128303  -45.841  3.623  60.809 0.4444440007
66076  -45.549  4.551  61.980 0.5555559993
120317  -46.280  -1.715  71.311 0.4444440007
46716  -43.354  -14.397  74.681 0.3333329856
46717  -43.947  -13.887  74.509 0.2222220004
115667  -42.380  -15.137  74.079 0.2222220004
45618  -43.601  -14.325  73.951 0.2222220004
45642  -42.824  -14.690  73.608 0.2222220004
69064  -45.820  8.066  52.268 0.2222220004
70863  -51.726  10.522  49.112 0.1111110002
70872  -51.021  9.299  48.203 0.2222220004
71735  -51.788  10.819  48.570 0.1111110002
71753  -50.912  11.216  46.920 0.3333329856
73434  -51.767  12.840  47.009 0.1111110002
73435  -52.558  13.584  47.465 0.2222220004
72598  -50.967  12.169  45.707 0.1111110002
73449  -51.484  12.814  45.317 0.1111110002
75243  -53.484  14.617  45.690 0.3333329856
45571  -41.705  -15.325  76.676 0.1111110002
46693  -42.246  -14.680  76.336 0.1111110002
44648  -41.509  -15.842  75.470 0.1111110002
55077  -27.169  -7.015  86.343 0.4444440007
45487  -18.144  -15.692  87.877 0.3333329856
44535  -18.610  -16.338  86.729 0.2222220004
57165  -25.647  -5.477  85.849 0.5555559993
56161  -26.805  -6.139  85.671 0.3333329856
55078  -27.771  -7.303  85.995 0.3333329856
56166  -21.860  -5.768  85.032 0.1111110002
120191  -46.462  -10.199  69.074 0.3333329856
60272  -47.846  -1.149  60.951 0.1111110002
60271  -46.468  -1.332  60.475 0.1111110002
60325  -42.888  -1.075  53.819 0.1111110002
61340  -44.056  0.066  54.113 0.1111110002
62350  -44.837  0.563  53.046 0.1111110002
62332  -45.730  0.603  53.438 0.1111110002
131086  -43.116  -0.454  53.081 0.1111110002
62349  -43.910  0.220  52.659 0.1111110002
118554  -46.293  0.511  52.870 0.1111110002
60326  -49.401  -1.009  53.031 0.1111110002
61319  -50.190  -1.127  54.059 0.1111110002
60342  -48.988  -1.096  51.911 0.1111110002
61243  -47.113  -0.636  60.734 0.1111110002
61248  -45.591  -1.267  59.348 0.1111110002
61242  -46.484  -0.617  60.307 0.1111110002
60290  -44.476  -1.791  57.847 0.1111110002
61256  -45.217  -1.163  58.488 0.1111110002
61257  -46.030  -0.558  58.880 0.1111110002
62241  -46.699  -0.021  60.026 0.1111110002
61265  -44.277  -1.327  56.949 0.1111110002
61266  -44.924  -0.858  57.581 0.1111110002
110333  -46.720  -0.072  58.433 0.1111110002
60303  -43.655  -1.549  55.567 0.1111110002
125637  -43.972  -0.678  55.446 0.1111110002
61296  -44.770  -0.219  55.833 0.1111110002
128344  -46.189  0.560  54.723 0.1111110002
126341  -49.021  0.030  55.791 0.1111110002
61294  -43.403  -1.271  54.933 0.1111110002
61317  -43.937  -0.336  54.789 0.1111110002
62313  -44.744  0.243  54.578 0.1111110002
62314  -45.576  0.535  54.304 0.1111110002
62315  -46.393  0.579  54.052 0.1111110002
62334  -47.291  0.365  53.798 0.1111110002
62302  -48.224  0.248  55.518 0.1111110002
109358  -44.863  0.483  53.819 0.1111110002
62316  -48.856  0.017  54.803 0.1111110002
62317  -49.635  -0.483  54.617 0.1111110002
61362  -47.542  -0.245  52.116 0.1111110002
61341  -47.891  -0.132  53.058 0.1111110002
61318  -49.208  -0.490  53.902 0.1111110002
61381  -47.639  -0.586  51.379 0.1111110002
61363  -48.480  -0.646  52.500 0.1111110002
62250  -47.183  0.436  59.679 0.1111110002
62262  -47.296  0.322  58.827 0.1111110002
62274  -47.406  0.243  57.923 0.1111110002
62299  -45.864  0.148  56.232 0.1111110002
62275  -48.295  0.554  57.745 0.1111110002
63264  -48.626  1.083  58.267 0.1111110002
120352  -45.481  0.322  55.186 0.1111110002
109819  -46.998  0.442  56.221 0.1111110002
110962  -47.777  0.365  56.094 0.1111110002
62288  -48.521  0.279  56.351 0.1111110002
62301  -47.375  0.486  55.434 0.1111110002
63263  -44.414  1.537  57.855 0.1111110002
113429  -44.871  2.147  57.380 0.2222220004
64219  -44.789  2.395  56.529 0.2222220004
64152  -43.165  2.816  62.181 0.3333329856
64195  -44.076  2.276  59.740 0.1111110002
112942  -45.075  2.182  59.622 0.1111110002
63256  -44.555  1.732  58.849 0.1111110002
130522  -48.056  6.056  52.916 0.2222220004
68114  -48.771  6.553  52.853 0.2222220004
68101  -45.192  6.676  53.649 0.2222220004
69066  -49.070  7.243  53.750 0.2222220004
69063  -44.945  7.076  52.105 0.2222220004
69927  -47.122  8.401  53.732 0.2222220004
70821  -47.945  8.643  54.196 0.2222220004
69943  -47.017  8.893  52.762 0.1111110002
70837  -47.737  9.079  53.462 0.1111110002
68113  -48.213  6.704  53.745 0.2222220004
69050  -46.345  7.819  53.733 0.2222220004
69038  -47.249  7.456  54.271 0.2222220004
69051  -48.413  7.442  54.382 0.2222220004
69942  -46.369  8.312  52.992 0.2222220004
69918  -48.268  8.260  54.564 0.2222220004
69040  -48.544  7.968  54.604 0.2222220004
69970  -50.553  8.859  48.719 0.1111110002
70881  -50.650  9.418  47.475 0.1111110002
69916  -46.986  7.768  54.074 0.2222220004
69049  -45.727  7.214  53.642 0.2222220004
46680  -41.815  -14.822  76.913 0.2222220004
60260  -48.553  -0.815  61.025 0.1111110002
128157  -46.948  -0.112  60.460 0.1111110002
63245  -47.748  0.930  59.395 0.1111110002
62263  -47.932  0.696  58.531 0.1111110002
56158  -21.794  -5.645  85.962 0.2222220004
56153  -26.650  -6.356  86.279 0.5555559993
63258  -48.980  2.117  58.559 0.3333329856
130135  -49.591  -0.083  56.011 0.1111110002
62276  -49.164  0.779  57.579 0.1111110002
62303  -49.599  -0.224  55.398 0.1111110002
69037  -46.348  7.150  54.040 0.2222220004
55086  -27.286  -6.760  85.864 0.3333329856
45593  -42.111  -15.464  74.786 0.2222220004
45580  -42.138  -15.335  75.780 0.1111110002
68111  -45.229  7.168  53.015 0.2222220004
69959  -47.406  8.552  50.628 0.1111110002
69950  -46.475  8.505  52.057 0.1111110002
44670  -41.343  -15.713  74.845 0.2222220004
61316  -43.395  -0.688  54.302 0.1111110002
61339  -43.533  -0.215  53.583 0.1111110002
62331  -44.235  0.300  53.436 0.1111110002
61295  -44.570  -0.066  55.179 0.1111110002
62333  -46.557  0.498  53.404 0.1111110002
61361  -46.467  0.246  52.102 0.1111110002
61382  -48.192  -0.728  51.774 0.1111110002
61249  -46.169  -0.602  59.714 0.1111110002
126417  -45.958  -0.341  57.963 0.1111110002
62261  -46.690  -0.089  59.245 0.1111110002
61278  -44.077  -0.945  56.178 0.1111110002
61279  -44.848  -0.491  56.691 0.1111110002
62285  -45.621  -0.198  57.148 0.1111110002
62286  -46.664  0.167  57.183 0.1111110002
62300  -46.493  0.486  55.409 0.1111110002
109631  -46.940  0.578  54.680 0.1111110002
110119  -47.834  0.329  54.682 0.1111110002
62352  -47.023  0.241  52.881 0.1111110002
62335  -48.306  -0.009  53.899 0.1111110002
61342  -48.674  -0.465  53.251 0.1111110002
61380  -46.837  -0.248  51.295 0.1111110002
62287  -47.797  0.379  56.954 0.1111110002
121999  -48.715  0.483  57.069 0.1111110002
69039  -47.942  7.720  54.621 0.2222220004
49912  -45.353  -10.778  68.510 0.1111110002
50965  -45.355  -10.422  67.689 0.1111110002
60184  -43.873  -1.141  68.084 0.2222220004
60186  -45.326  -2.064  69.052 0.1111110002
60185  -44.745  -1.751  68.422 0.2222220004
60198  -44.440  -1.811  67.496 0.1111110002
60210  -44.251  -1.968  66.655 0.1111110002
122095  -43.487  -0.530  68.487 0.2222220004
60197  -43.680  -1.205  67.238 0.1111110002
123110  -42.668  -0.175  67.380 0.2222220004
61191  -42.958  -0.666  66.956 0.2222220004
64151  -42.578  2.339  61.956 0.2222220004
60343  -49.948  -1.414  52.469 0.1111110002
60359  -50.595  -1.565  52.048 0.2222220004
60361  -52.265  -1.908  52.357 0.3333329856
61320  -50.992  -1.588  54.379 0.3333329856
59411  -54.629  -2.374  54.979 0.3333329856
60330  -54.542  -2.233  53.859 0.2222220004
63286  -53.037  1.067  55.373 0.2222220004
62319  -54.360  -0.299  56.012 0.2222220004
128208  -52.355  0.332  53.397 0.2222220004
63321  -50.947  1.259  51.376 0.2222220004
60307  -54.925  -1.564  56.005 0.2222220004
127757  -55.545  -0.931  55.197 0.2222220004
127114  -54.868  -0.292  53.757 0.2222220004
62372  -53.290  0.344  51.751 0.2222220004
63334  -54.481  1.699  50.845 0.2222220004
60315  -55.419  -1.958  55.461 0.2222220004
61344  -55.254  -0.568  54.756 0.2222220004
61365  -56.317  -0.612  53.583 0.2222220004
62357  -56.097  0.027  52.960 0.2222220004
62375  -56.122  0.298  52.064 0.2222220004
60348  -55.496  -1.884  53.490 0.2222220004
60350  -56.767  -0.971  52.935 0.2222220004
49913  -45.965  -10.646  69.210 0.2222220004
64236  -52.599  2.068  55.429 0.3333329856
62353  -51.390  0.619  52.155 0.2222220004
62354  -51.704  0.518  52.836 0.2222220004
62355  -53.848  -0.152  52.851 0.2222220004
65240  -53.893  3.361  50.388 0.2222220004
62374  -55.540  0.451  52.085 0.2222220004
63324  -54.953  1.047  51.332 0.2222220004
62356  -55.252  -0.016  52.933 0.2222220004
50966  -45.858  -9.858  67.350 0.1111110002
62337  -53.251  0.043  54.201 0.2222220004
62318  -53.603  0.287  55.269 0.2222220004
63335  -55.036  1.623  50.705 0.2222220004
61183  -42.659  0.041  67.908 0.2222220004
60344  -50.745  -1.668  52.907 0.2222220004
60327  -50.840  -1.666  53.700 0.2222220004
63279  -53.672  0.477  56.163 0.3333329856
60314  -54.545  -2.159  55.972 0.3333329856
117715  -51.814  -1.740  51.806 0.3333329856
61184  -43.053  -0.498  67.820 0.2222220004
50970  -45.234  -10.162  66.937 0.1111110002
60347  -53.452  -2.059  52.806 0.2222220004
59412  -55.583  -2.068  54.601 0.2222220004
131466  -54.527  -2.072  53.181 0.2222220004
61322  -55.094  -0.891  55.695 0.2222220004
119179  -52.429  0.169  52.476 0.2222220004
61323  -55.538  -1.332  55.328 0.2222220004
61343  -54.061  -0.265  53.995 0.2222220004
61345  -55.899  -0.927  54.614 0.2222220004
63325  -55.532  0.906  51.267 0.2222220004
60316  -55.979  -1.550  54.834 0.2222220004
62358  -56.538  -0.216  52.762 0.2222220004
56160  -26.195  -5.802  86.115 0.4444440007
52090  -46.381  -9.307  66.870 0.1111110002
55374  -47.773  -6.770  63.920 0.1111110002
55386  -47.449  -6.590  63.105 0.1111110002
109643  -49.207  -6.387  61.766 0.1111110002
109640  -49.415  -6.236  60.830 0.1111110002
55421  -48.011  -6.545  60.103 0.1111110002
55436  -47.055  -6.492  59.252 0.1111110002
55420  -47.182  -6.455  59.925 0.1111110002
55409  -48.548  -6.440  60.846 0.1111110002
55422  -48.789  -6.307  60.094 0.1111110002
110120  -48.221  -6.332  59.477 0.1111110002
55448  -47.085  -6.381  58.789 0.1111110002
126054  -47.627  -6.468  59.543 0.1111110002
55437  -47.660  -6.371  59.021 0.1111110002
55438  -48.244  -6.018  58.863 0.1111110002
127318  -46.707  -6.076  58.385 0.1111110002
56501  -46.607  -5.265  57.654 0.1111110002
59383  -47.064  -3.175  59.886 0.1111110002
60273  -48.825  -1.702  60.882 0.1111110002
56500  -45.767  -5.396  57.705 0.1111110002
55439  -48.865  -5.924  59.431 0.1111110002
56481  -50.188  -5.411  60.157 0.1111110002
55449  -47.561  -6.020  58.510 0.1111110002
56487  -48.718  -5.431  58.930 0.1111110002
125052  -49.107  -5.005  59.034 0.1111110002
56493  -48.081  -5.459  58.393 0.1111110002
56494  -48.487  -4.962  58.641 0.1111110002
56492  -47.373  -5.417  58.005 0.1111110002
57472  -47.748  -4.837  58.085 0.1111110002
58477  -48.225  -4.497  58.766 0.1111110002
58476  -47.428  -4.288  58.434 0.1111110002
59371  -47.829  -2.994  60.255 0.1111110002
56502  -47.114  -4.886  57.634 0.1111110002
57479  -46.935  -4.522  57.765 0.1111110002
58468  -46.763  -3.657  59.138 0.1111110002
56489  -50.262  -4.841  59.824 0.1111110002
57470  -49.657  -4.669  59.446 0.1111110002
57469  -48.949  -4.626  59.145 0.1111110002
58470  -49.537  -4.063  59.621 0.1111110002
58461  -48.754  -3.568  59.920 0.1111110002
58469  -48.698  -4.172  59.343 0.1111110002
58460  -47.869  -3.799  59.359 0.1111110002
109644  -48.231  -6.458  61.581 0.1111110002
56167  -22.498  -5.557  84.740 0.1111110002
60173  -45.728  -1.881  69.848 0.2222220004
56488  -49.527  -5.320  59.459 0.1111110002
55087  -27.887  -7.118  85.385 0.2222220004
53962  -27.774  -7.200  84.544 0.2222220004
53963  -28.259  -7.708  84.781 0.2222220004
53971  -28.685  -8.095  84.302 0.2222220004
114060  -26.153  -5.771  85.395 0.2222220004
131469  -27.199  -6.850  84.304 0.2222220004
53969  -27.425  -7.399  83.572 0.2222220004
53970  -28.165  -7.775  83.946 0.2222220004
52889  -28.500  -8.723  82.742 0.1111110002
56170  -25.521  -5.539  85.258 0.2222220004
55104  -25.988  -6.378  83.750 0.1111110002
110152  -24.902  -5.513  84.719 0.1111110002
56169  -23.979  -5.402  84.605 0.2222220004
46751  -44.786  -13.238  73.031 0.1111110002
45616  -41.742  -15.414  74.144 0.1111110002
45641  -42.202  -15.032  73.671 0.1111110002
46750  -44.039  -13.794  72.936 0.1111110002
64150  -41.937  1.941  61.673 0.1111110002
64139  -43.030  1.888  62.664 0.1111110002
64167  -42.324  2.523  61.389 0.1111110002
65113  -42.810  2.768  61.315 0.1111110002
68100  -44.923  5.964  53.629 0.1111110002
69052  -49.130  7.899  54.329 0.1111110002
66176  -44.288  4.490  53.129 0.1111110002
66187  -43.907  4.413  52.334 0.1111110002
67164  -44.455  5.320  52.724 0.1111110002
63273  -44.288  1.626  56.912 0.1111110002
65196  -43.646  3.152  53.514 0.1111110002
68110  -44.786  6.381  52.703 0.1111110002
70812  -48.558  8.763  54.386 0.1111110002
69928  -49.655  8.403  54.243 0.1111110002
70036  -54.820  9.016  41.939 0.1111110002
70046  -55.551  8.862  41.403 0.1111110002
69919  -49.012  8.470  54.446 0.1111110002
69929  -50.331  8.753  54.011 0.1111110002
70055  -56.038  8.318  40.587 0.1111110002
69178  -55.669  8.143  40.849 0.1111110002
69187  -55.910  7.639  40.361 0.1111110002
70814  -49.755  8.969  54.245 0.1111110002
70822  -48.475  9.157  53.957 0.1111110002
70823  -49.128  9.587  53.745 0.1111110002
69930  -51.112  9.224  53.721 0.1111110002
69945  -51.717  8.905  53.115 0.1111110002
70938  -55.507  10.095  42.429 0.1111110002
121011  -56.292  8.732  40.251 0.1111110002
70824  -50.482  9.423  53.945 0.1111110002
71683  -50.531  10.079  53.727 0.1111110002
69931  -51.824  9.639  53.330 0.1111110002
71698  -49.962  10.277  53.127 0.1111110002
71682  -49.713  9.986  53.655 0.1111110002
119094  -56.345  9.914  40.828 0.1111110002
70957  -56.432  9.492  40.180 0.1111110002
70825  -51.244  9.863  53.637 0.1111110002
71699  -50.863  10.574  53.067 0.1111110002
70826  -51.863  10.233  53.309 0.1111110002
72537  -52.605  11.618  52.493 0.1111110002
71809  -56.487  10.326  40.146 0.1111110002
118737  -56.615  10.148  39.469 0.1111110002
121680  -56.751  9.931  38.815 0.1111110002
109741  -56.652  9.097  38.562 0.1111110002
70970  -56.913  10.250  38.010 0.1111110002
120201  -56.496  11.121  39.617 0.1111110002
72649  -56.297  11.903  39.092 0.1111110002
71815  -56.686  10.997  38.623 0.1111110002
124074  -56.850  9.646  36.747 0.1111110002
68298  -57.205  5.697  31.681 0.1111110002
72655  -56.241  11.781  38.238 0.1111110002
71821  -56.708  11.271  37.485 0.1111110002
71824  -56.746  11.161  36.506 0.1111110002
70976  -56.911  10.390  36.227 0.1111110002
70984  -56.743  10.240  35.425 0.1111110002
110622  -56.489  8.303  34.130 0.1111110002
69209  -57.277  6.541  32.691 0.1111110002
69214  -56.977  7.395  32.058 0.1111110002
68297  -56.826  5.603  31.523 0.1111110002
68320  -57.221  6.210  31.464 0.1111110002
68275  -57.327  6.213  31.776 0.1111110002
68318  -56.335  6.531  30.857 0.1111110002
68319  -56.893  6.429  31.151 0.1111110002
73420  -53.240  13.162  49.493 0.1111110002
73507  -55.984  12.365  38.861 0.1111110002
72654  -55.699  12.131  38.114 0.1111110002
72662  -56.270  11.647  36.787 0.1111110002
72676  -55.854  11.501  35.477 0.1111110002
72669  -56.262  11.449  35.976 0.1111110002
72677  -56.236  11.204  35.203 0.1111110002
71829  -56.660  10.986  35.710 0.1111110002
115583  -56.540  10.804  35.066 0.1111110002
70999  -56.542  10.217  34.637 0.1111110002
71840  -56.267  10.907  34.398 0.1111110002
112800  -56.493  9.365  33.993 0.1111110002
122990  -56.319  10.203  33.965 0.1111110002
128143  -56.657  8.164  33.156 0.1111110002
71012  -56.376  9.594  33.199 0.1111110002
70157  -56.546  8.842  32.160 0.1111110002
70168  -56.725  7.957  31.406 0.1111110002
112857  -56.696  7.473  30.634 0.1111110002
68332  -56.346  7.140  30.425 0.1111110002
73428  -53.040  13.561  48.506 0.1111110002
115060  -53.906  12.939  49.542 0.2222220004
75220  -53.596  14.301  47.070 0.1111110002
75230  -53.919  14.435  46.332 0.2222220004
73480  -54.724  12.949  40.962 0.1111110002
74375  -55.524  13.000  40.724 0.1111110002
73498  -55.371  12.642  39.489 0.1111110002
72667  -55.296  11.508  36.711 0.1111110002
71823  -54.795  10.869  36.391 0.1111110002
72675  -55.369  11.401  35.854 0.1111110002
72688  -55.394  11.306  35.029 0.1111110002
71838  -55.439  11.130  34.224 0.1111110002
71839  -55.895  11.012  33.895 0.1111110002
71849  -56.118  10.440  33.549 0.1111110002
71857  -56.087  9.820  32.611 0.1111110002
71025  -56.195  9.321  31.479 0.1111110002
127164  -56.504  8.526  30.877 0.1111110002
68331  -55.806  7.039  30.170 0.1111110002
69229  -56.358  7.696  29.987 0.1111110002
72653  -55.069  12.158  38.740 0.1111110002
72660  -55.045  11.655  37.698 0.1111110002
111642  -54.793  10.814  34.669 0.1111110002
127742  -55.501  10.900  33.566 0.1111110002
71040  -55.689  9.543  30.907 0.1111110002
118484  -56.193  9.058  30.431 0.1111110002
70176  -56.427  8.285  30.058 0.1111110002
71070  -56.070  8.805  29.583 0.1111110002
68349  -55.541  7.240  29.369 0.1111110002
130099  -55.933  7.721  29.041 0.1111110002
69240  -56.202  8.117  29.306 0.1111110002
73472  -53.856  13.159  42.221 0.1111110002
70998  -54.811  10.625  33.754 0.1111110002
122773  -54.208  9.877  34.503 0.1111110002
71010  -53.529  9.345  33.175 0.1111110002
71024  -55.552  9.974  32.112 0.1111110002
71053  -55.766  9.306  29.964 0.1111110002
68361  -54.101  6.782  28.253 0.1111110002
71080  -55.060  8.975  28.051 0.1111110002
70184  -55.778  8.622  28.877 0.1111110002
68348  -54.750  6.831  28.919 0.1111110002
69239  -55.750  8.128  28.610 0.1111110002
71011  -54.402  10.107  33.017 0.1111110002
71023  -54.764  10.193  32.215 0.1111110002
71022  -54.167  9.788  31.785 0.1111110002
112278  -55.339  9.674  30.314 0.1111110002
71052  -55.342  9.505  29.543 0.1111110002
71069  -55.681  9.129  29.186 0.1111110002
71081  -55.449  8.911  28.613 0.1111110002
71068  -55.258  9.234  28.798 0.1111110002
123748  -55.075  8.308  27.657 0.1111110002
70191  -55.331  8.515  28.162 0.1111110002
71038  -53.682  9.454  31.135 0.1111110002
70045  -55.212  8.760  41.512 0.1111110002
70943  -56.006  9.458  41.460 0.1111110002
70037  -55.318  9.391  41.930 0.1111110002
73489  -54.921  12.778  40.211 0.1111110002
72648  -54.738  12.206  39.592 0.1111110002
71685  -52.291  10.775  53.151 0.1111110002
121737  -52.928  12.575  50.559 0.1111110002
71797  -56.225  10.452  41.488 0.1111110002
73416  -53.655  12.654  50.207 0.2222220004
73500  -56.106  12.470  39.514 0.1111110002
73430  -54.054  13.113  48.898 0.2222220004
73499  -55.806  12.690  39.508 0.1111110002
73471  -53.072  12.581  42.727 0.1111110002
74293  -53.541  13.710  48.311 0.1111110002
52878  -28.641  -8.387  83.575 0.2222220004
55096  -27.323  -6.670  85.106 0.2222220004
55095  -26.596  -6.312  84.648 0.2222220004
111596  -25.760  -5.848  84.557 0.2222220004
111444  -26.709  -6.834  83.695 0.2222220004
127363  -55.987  8.767  40.992 0.1111110002
70950  -56.203  9.039  40.779 0.1111110002
120620  -55.621  9.575  41.919 0.1111110002
71700  -51.857  11.072  52.877 0.1111110002
120464  -56.169  11.825  37.519 0.1111110002
110656  -56.747  9.351  37.574 0.1111110002
115758  -56.949  10.431  37.070 0.1111110002
124291  -56.503  8.750  31.475 0.1111110002
69221  -57.140  6.814  31.263 0.1111110002
73421  -53.565  13.008  49.700 0.2222220004
72661  -55.687  11.848  37.148 0.1111110002
72668  -55.796  11.728  36.281 0.1111110002
72689  -55.902  11.274  34.676 0.1111110002
69228  -56.094  7.512  29.670 0.1111110002
73429  -53.622  13.343  49.013 0.2222220004
73490  -55.511  12.913  40.129 0.1111110002
73506  -55.646  12.480  38.917 0.1111110002
71828  -54.793  10.859  35.528 0.1111110002
71848  -55.747  10.500  33.160 0.1111110002
71814  -54.491  11.051  38.572 0.1111110002
71847  -55.215  10.587  32.932 0.1111110002
69238  -55.429  7.584  28.600 0.1111110002
69259  -55.306  8.050  27.941 0.1111110002
71039  -54.931  9.947  31.191 0.1111110002
68362  -54.766  7.450  27.966 0.1111110002
115146  -12.972  -14.542  91.449 0.1111110002
110700  -16.012  -16.366  91.880 0.2222220004
42664  -19.658  -19.152  89.244 0.2222220004
116959  -12.269  -14.325  90.983 0.1111110002
124716  -13.348  -14.717  91.552 0.2222220004
45461  -16.707  -16.363  91.796 0.2222220004
44510  -17.525  -16.971  91.756 0.2222220004
43568  -18.171  -17.422  91.580 0.2222220004
43585  -19.311  -18.326  90.674 0.2222220004
43600  -18.728  -17.813  87.811 0.2222220004
42669  -18.977  -18.543  87.456 0.2222220004
131301  -19.023  -17.904  86.205 0.2222220004
41699  -19.126  -18.913  85.380 0.2222220004
41711  -19.098  -19.587  84.765 0.2222220004
42687  -18.952  -18.892  84.251 0.2222220004
41725  -19.045  -19.826  83.974 0.2222220004
40658  -18.827  -20.107  83.071 0.1111110002
114375  -16.393  -15.687  91.689 0.2222220004
45466  -18.113  -15.948  91.299 0.2222220004
45462  -18.072  -16.637  91.515 0.2222220004
109791  -18.785  -17.433  91.164 0.2222220004
43580  -19.132  -18.239  91.031 0.2222220004
42672  -19.077  -18.555  86.398 0.2222220004
42686  -18.625  -18.487  83.316 0.2222220004
128545  -18.456  -19.326  82.483 0.1111110002
42693  -18.353  -18.356  82.434 0.1111110002
41749  -18.241  -19.727  81.321 0.1111110002
44534  -18.281  -16.343  87.563 0.2222220004
43599  -18.531  -17.085  87.237 0.2222220004
43606  -18.730  -17.021  86.539 0.2222220004
110306  -18.961  -17.298  85.992 0.2222220004
122054  -19.033  -18.069  84.807 0.2222220004
109774  -19.046  -17.154  85.153 0.2222220004
125544  -18.891  -18.090  84.042 0.2222220004
44549  -18.994  -16.635  85.602 0.2222220004
53980  -28.072  -7.982  83.056 0.1111110002
115949  -51.182  -1.609  51.553 0.1111110002
60412  -50.346  -1.611  49.169 0.1111110002
59457  -50.376  -1.823  48.149 0.1111110002
58560  -50.720  -3.539  46.375 0.1111110002
55532  -49.187  -6.655  44.014 0.1111110002
60413  -51.047  -1.627  49.624 0.1111110002
115618  -50.973  -1.757  48.784 0.1111110002
57553  -50.377  -4.276  45.828 0.1111110002
113760  -50.392  -5.384  45.197 0.1111110002
59474  -50.738  -2.411  47.372 0.1111110002
55543  -48.913  -6.859  42.883 0.1111110002
111535  -48.623  -7.885  40.879 0.1111110002
54404  -48.577  -7.513  41.615 0.1111110002
60377  -51.753  -1.605  51.031 0.1111110002
58543  -51.000  -2.970  46.875 0.1111110002
57568  -50.857  -4.813  45.525 0.1111110002
56582  -50.566  -5.586  44.725 0.1111110002
55533  -49.897  -6.176  43.604 0.1111110002
120749  -52.239  -1.630  50.531 0.1111110002
120053  -52.069  -2.415  48.074 0.1111110002
57554  -51.256  -4.158  46.010 0.1111110002
56585  -50.755  -5.651  44.021 0.1111110002
55545  -49.965  -6.052  42.760 0.1111110002
120487  -18.447  -16.345  91.214 0.2222220004
116739  -17.087  -15.816  91.655 0.2222220004
111139  -17.553  -16.294  91.605 0.2222220004
42647  -19.718  -19.060  90.424 0.2222220004
111703  -18.852  -17.761  86.781 0.2222220004
43612  -19.067  -17.984  85.671 0.2222220004
41724  -18.761  -19.312  83.426 0.1111110002
42699  -18.166  -18.784  81.661 0.1111110002
60376  -51.088  -1.566  50.606 0.1111110002
60393  -50.377  -1.555  50.131 0.1111110002
60392  -49.632  -1.498  49.640 0.1111110002
59491  -50.240  -2.854  46.721 0.1111110002
53342  -48.408  -7.441  42.408 0.1111110002
55530  -50.003  -6.040  44.314 0.1111110002
60394  -51.688  -1.614  50.076 0.1111110002
59458  -51.717  -1.861  48.990 0.1111110002
109289  -51.257  -2.103  48.093 0.1111110002
119034  -50.163  -4.914  45.479 0.1111110002
56581  -49.885  -5.884  44.922 0.1111110002
130615  -48.846  -7.041  42.050 0.1111110002
55544  -49.472  -6.449  43.102 0.1111110002
59475  -51.531  -2.724  47.396 0.1111110002
59440  -52.358  -1.743  49.679 0.1111110002
58561  -51.689  -3.454  46.706 0.1111110002
38495  -16.496  -22.043  91.688 0.1111110002
38499  -17.318  -22.374  91.166 0.1111110002
44512  -11.845  -16.401  91.421 0.1111110002
44505  -12.825  -16.527  91.655 0.1111110002
43561  -13.255  -17.067  91.845 0.1111110002
39561  -17.662  -21.657  91.353 0.1111110002
38500  -18.253  -21.967  90.858 0.1111110002
38494  -15.387  -22.054  92.168 0.1111110002
44504  -12.258  -16.155  91.599 0.1111110002
45458  -12.719  -15.957  91.707 0.1111110002
44506  -13.390  -16.623  91.868 0.1111110002
39556  -16.221  -21.323  92.145 0.1111110002
43562  -13.803  -17.430  92.330 0.1111110002
39562  -18.538  -21.288  91.117 0.1111110002
39555  -15.250  -21.309  92.528 0.1111110002
38493  -14.927  -21.986  92.301 0.1111110002
39558  -17.943  -20.997  91.526 0.1111110002
39563  -19.197  -20.918  90.964 0.1111110002
45464  -12.070  -15.458  91.593 0.1111110002
45459  -13.206  -15.845  91.769 0.1111110002
39557  -17.109  -21.304  91.719 0.1111110002
43563  -14.244  -17.687  92.765 0.1111110002
111696  -14.732  -17.844  92.839 0.1111110002
42620  -14.470  -18.231  92.983 0.1111110002
42621  -15.116  -18.310  92.865 0.1111110002
119847  -17.165  -20.590  91.925 0.1111110002
40587  -18.092  -20.387  91.590 0.1111110002
39559  -18.719  -20.666  91.333 0.1111110002
121981  -15.291  -19.613  92.822 0.1111110002
39552  -15.334  -20.380  92.709 0.1111110002
41645  -17.704  -19.718  91.818 0.1111110002
40589  -19.362  -19.816  91.148 0.1111110002
41651  -19.763  -19.558  90.632 0.1111110002
41694  -19.141  -19.465  86.245 0.1111110002
131139  -19.144  -20.159  86.185 0.1111110002
112151  -19.139  -19.874  85.496 0.1111110002
45460  -13.941  -16.098  91.841 0.1111110002
44507  -14.078  -16.970  92.391 0.1111110002
109873  -14.850  -17.196  92.543 0.1111110002
43564  -15.465  -17.654  92.564 0.1111110002
43566  -16.767  -17.668  92.106 0.1111110002
42623  -16.883  -18.405  92.206 0.1111110002
41642  -17.039  -19.168  92.199 0.1111110002
41643  -17.670  -18.981  91.878 0.1111110002
41646  -18.329  -19.192  91.645 0.1111110002
42629  -19.222  -18.879  91.199 0.1111110002
42637  -19.501  -19.002  90.879 0.1111110002
41660  -20.051  -19.618  90.186 0.1111110002
41676  -19.328  -19.242  88.220 0.1111110002
41685  -19.068  -19.313  87.176 0.1111110002
43622  -19.039  -17.370  84.269 0.1111110002
43630  -18.504  -17.851  82.910 0.1111110002
43639  -18.348  -17.639  82.306 0.1111110002
114280  -18.181  -18.087  81.832 0.1111110002
46496  -12.806  -15.195  91.700 0.1111110002
127511  -15.312  -16.169  91.937 0.1111110002
124017  -15.350  -16.633  92.191 0.1111110002
44508  -16.603  -16.940  91.986 0.1111110002
43567  -17.561  -17.570  91.793 0.1111110002
42627  -17.973  -18.336  91.736 0.1111110002
43572  -18.701  -18.193  91.352 0.1111110002
44564  -19.042  -16.708  83.591 0.1111110002
43640  -18.639  -17.181  82.872 0.1111110002
44572  -18.451  -16.912  82.119 0.1111110002
46497  -13.534  -15.286  91.678 0.1111110002
46498  -14.240  -15.300  91.671 0.1111110002
112263  -17.132  -17.269  91.882 0.1111110002
44542  -18.886  -16.490  86.067 0.1111110002
115927  -19.165  -16.219  85.176 0.1111110002
44555  -19.169  -16.519  84.487 0.1111110002
44573  -18.847  -16.387  82.705 0.1111110002
123840  -19.083  -16.045  85.658 0.1111110002
45508  -19.440  -15.693  84.663 0.1111110002
45516  -19.601  -15.179  83.931 0.1111110002
45515  -19.212  -15.812  83.286 0.1111110002
45523  -19.103  -15.597  82.451 0.1111110002
57374  -46.385  -5.023  70.993 0.1111110002
57375  -46.751  -4.353  70.419 0.1111110002
57361  -46.562  -4.084  71.229 0.1111110002
58359  -46.730  -3.697  70.665 0.1111110002
58367  -46.607  -3.334  69.429 0.1111110002
59262  -46.632  -3.038  70.434 0.1111110002
59278  -46.325  -2.613  69.876 0.1111110002
59287  -45.559  -2.476  68.369 0.1111110002
63166  -42.110  0.279  63.869 0.1111110002
63185  -43.387  1.409  63.557 0.1111110002
63184  -42.500  1.079  63.344 0.1111110002
68161  -52.914  6.066  47.535 0.1111110002
130543  -53.241  5.325  47.704 0.1111110002
68176  -52.423  6.957  47.125 0.1111110002
64308  -54.283  2.761  47.741 0.1111110002
66220  -53.759  4.053  47.743 0.1111110002
65277  -52.737  3.798  48.142 0.1111110002
63359  -53.858  1.898  47.984 0.1111110002
62396  -53.339  0.924  48.151 0.1111110002
61414  -55.251  0.201  47.628 0.1111110002
122207  -54.431  -0.680  47.424 0.1111110002
123022  -55.754  -0.792  47.310 0.1111110002
60421  -57.292  -1.794  46.912 0.1111110002
125518  -57.032  -2.634  47.550 0.1111110002
131513  -53.973  -2.046  49.344 0.1111110002
59442  -54.682  -2.238  48.858 0.1111110002
59461  -55.538  -2.509  48.272 0.1111110002
69129  -52.601  7.911  46.771 0.1111110002
128725  -53.576  6.649  47.570 0.1111110002
116844  -54.102  4.802  47.612 0.1111110002
63366  -54.832  2.337  47.622 0.1111110002
63367  -55.259  2.288  47.695 0.1111110002
64318  -55.371  3.499  47.405 0.1111110002
116169  -56.119  -0.057  47.663 0.1111110002
113971  -55.346  2.406  47.794 0.1111110002
65280  -55.773  3.922  47.183 0.1111110002
60362  -53.781  -1.717  51.873 0.1111110002
119878  -54.831  -1.578  51.531 0.1111110002
123201  -54.518  -1.626  50.609 0.1111110002
61416  -56.672  -0.510  47.762 0.1111110002
125704  -55.809  1.335  48.184 0.1111110002
60378  -52.675  -1.716  51.479 0.1111110002
60379  -53.682  -1.641  50.993 0.1111110002
60397  -54.933  -1.781  49.745 0.1111110002
59444  -56.657  -1.827  48.800 0.1111110002
60414  -57.279  -1.738  47.870 0.1111110002
60395  -52.924  -1.685  50.365 0.1111110002
60398  -56.184  -1.549  49.820 0.1111110002
59462  -56.658  -2.356  48.224 0.1111110002
66221  -55.591  4.072  47.181 0.1111110002
67218  -52.206  5.319  47.565 0.1111110002
125096  -55.441  2.219  48.241 0.1111110002
64319  -55.312  3.269  47.563 0.1111110002
65276  -51.671  3.829  47.941 0.1111110002
66232  -51.573  4.668  47.615 0.1111110002
110713  -54.634  -1.796  52.559 0.1111110002
60380  -55.545  -1.489  50.711 0.1111110002
63360  -56.295  0.467  48.269 0.1111110002
63346  -56.215  0.735  48.913 0.1111110002
63356  -50.895  2.178  48.166 0.1111110002
60364  -56.434  -1.157  51.831 0.1111110002
60381  -56.319  -1.219  50.855 0.1111110002
60399  -56.520  -1.271  49.717 0.1111110002
118618  -56.889  -1.161  48.795 0.1111110002
62390  -56.655  -0.233  48.808 0.1111110002
61419  -50.849  -0.124  46.178 0.1111110002
60382  -56.575  -0.968  51.132 0.1111110002
61403  -56.664  -0.648  50.127 0.1111110002
61439  -50.807  -0.477  44.374 0.1111110002
61453  -50.761  -0.586  43.115 0.1111110002
115685  -50.493  -1.057  42.287 0.1111110002
60467  -50.097  -1.685  41.953 0.1111110002
60455  -49.362  -1.306  42.908 0.1111110002
59519  -49.343  -1.962  42.399 0.1111110002
126007  -48.820  -1.780  42.907 0.1111110002
66212  -55.421  4.346  47.987 0.1111110002
67229  -51.677  6.015  47.144 0.1111110002
128643  -55.786  1.453  48.871 0.1111110002
64309  -55.272  3.035  48.344 0.1111110002
119726  -56.564  -1.179  52.576 0.1111110002
61397  -56.679  -0.528  51.550 0.1111110002
62384  -56.475  0.139  50.804 0.1111110002
65275  -50.509  3.478  47.698 0.1111110002
62401  -49.870  1.018  47.116 0.1111110002
61428  -50.113  0.092  45.699 0.1111110002
61438  -50.013  -0.233  44.645 0.1111110002
62412  -49.363  0.674  46.293 0.1111110002
61446  -49.594  -0.523  43.824 0.1111110002
131613  -48.823  0.701  45.892 0.1111110002
61437  -49.018  -0.215  44.522 0.1111110002
62411  -48.585  1.183  46.190 0.1111110002
61445  -48.717  -0.753  43.909 0.1111110002
62420  -48.346  0.783  45.590 0.1111110002
61436  -48.170  -0.284  44.489 0.1111110002
62422  -48.314  0.279  44.964 0.1111110002
60438  -47.821  -0.890  44.175 0.1111110002
60331  -56.582  -1.063  53.597 0.1111110002
63345  -55.411  2.017  49.314 0.1111110002
64293  -55.044  2.950  49.260 0.1111110002
60365  -56.748  -0.924  52.170 0.1111110002
62376  -56.576  0.046  51.911 0.1111110002
63336  -55.523  1.442  50.434 0.1111110002
67217  -51.391  5.251  47.345 0.1111110002
69128  -51.606  7.483  46.355 0.1111110002
66231  -50.810  4.817  47.297 0.1111110002
68175  -51.404  6.696  46.641 0.1111110002
64315  -49.736  2.724  47.530 0.1111110002
66230  -50.274  4.221  47.246 0.1111110002
63363  -49.672  1.826  47.424 0.1111110002
115790  -49.664  3.570  47.231 0.1111110002
66246  -50.286  4.847  46.715 0.1111110002
64324  -49.011  2.317  47.074 0.1111110002
117786  -49.112  3.014  47.140 0.1111110002
66245  -49.747  4.223  46.565 0.1111110002
65292  -48.535  2.849  46.679 0.1111110002
66259  -50.037  4.723  45.819 0.1111110002
65304  -48.407  3.502  45.913 0.1111110002
66258  -49.349  4.215  45.697 0.1111110002
63378  -47.944  1.455  45.786 0.1111110002
116310  -49.906  4.644  45.097 0.1111110002
63377  -47.527  0.975  45.156 0.1111110002
65303  -47.621  3.064  45.531 0.1111110002
64284  -55.102  2.246  50.061 0.1111110002
62383  -56.082  0.689  51.125 0.1111110002
68174  -50.918  6.049  46.386 0.1111110002
69139  -51.902  8.358  45.946 0.1111110002
67238  -50.452  5.381  46.093 0.1111110002
68183  -50.939  6.696  45.681 0.1111110002
67239  -50.646  5.843  45.559 0.1111110002
68190  -51.119  6.790  44.500 0.1111110002
64329  -47.604  2.175  45.695 0.1111110002
64292  -54.732  3.012  49.913 0.1111110002
42656  -19.871  -19.083  89.934 0.1111110002
122741  -54.788  3.773  49.346 0.1111110002
66235  -55.658  4.091  47.105 0.1111110002
65279  -55.712  3.986  47.162 0.1111110002
66234  -54.907  4.084  47.308 0.1111110002
117752  -54.380  2.998  50.276 0.1111110002
65263  -55.471  4.009  47.705 0.1111110002
65249  -55.184  3.759  48.504 0.1111110002
69138  -51.332  7.657  45.305 0.1111110002
61346  -56.270  -1.152  54.189 0.1111110002
61383  -56.749  -0.534  52.511 0.1111110002
64283  -54.630  2.330  50.405 0.1111110002
43631  -18.776  -17.616  83.518 0.1111110002
44513  -12.569  -16.689  91.543 0.1111110002
42619  -14.007  -18.076  92.748 0.1111110002
39553  -16.152  -20.557  92.417 0.1111110002
42622  -16.087  -18.190  92.463 0.1111110002
123844  -16.874  -19.934  92.219 0.1111110002
118281  -18.742  -19.932  91.473 0.1111110002
40588  -19.299  -20.305  91.118 0.1111110002
40583  -16.144  -19.700  92.572 0.1111110002
124644  -15.853  -19.288  92.723 0.1111110002
41647  -19.085  -19.361  91.362 0.1111110002
41648  -19.508  -19.473  90.991 0.1111110002
117160  -19.140  -20.060  86.939 0.1111110002
110701  -14.689  -16.497  92.135 0.1111110002
109685  -15.786  -17.017  92.248 0.1111110002
109270  -17.292  -17.957  91.923 0.1111110002
41641  -16.320  -18.947  92.532 0.1111110002
42624  -17.381  -18.568  91.968 0.1111110002
42628  -18.710  -18.808  91.482 0.1111110002
41686  -19.426  -19.973  87.901 0.1111110002
111284  -19.303  -15.985  84.000 0.1111110002
111398  -46.806  -3.726  70.080 0.1111110002
66233  -52.711  4.574  47.889 0.1111110002
65262  -54.732  3.536  47.440 0.1111110002
65261  -53.450  3.295  48.030 0.1111110002
64307  -53.057  2.499  48.281 0.1111110002
62405  -53.944  0.153  47.865 0.1111110002
62397  -54.744  1.320  47.703 0.1111110002
61415  -56.676  -1.042  47.334 0.1111110002
60420  -56.472  -1.451  46.757 0.1111110002
61410  -57.178  -1.454  47.416 0.1111110002
60428  -57.541  -2.562  46.616 0.1111110002
59463  -57.111  -2.238  48.038 0.1111110002
60396  -53.802  -1.748  50.073 0.1111110002
59441  -53.158  -1.908  49.450 0.1111110002
59443  -55.868  -2.027  48.948 0.1111110002
64317  -55.037  2.963  47.435 0.1111110002
65278  -55.507  3.822  47.150 0.1111110002
62406  -55.562  1.034  47.776 0.1111110002
63368  -55.525  1.576  47.946 0.1111110002
60363  -55.919  -1.392  51.504 0.1111110002
62407  -56.081  0.528  47.918 0.1111110002
62398  -56.604  -0.111  48.082 0.1111110002
61409  -57.103  -0.847  48.065 0.1111110002
65259  -51.212  2.952  48.184 0.1111110002
114672  -55.861  -1.534  52.424 0.1111110002
63365  -51.225  0.890  47.828 0.1111110002
63364  -50.546  1.443  47.724 0.1111110002
122935  -50.218  2.170  47.793 0.1111110002
114987  -56.898  -1.753  48.571 0.1111110002
119677  -56.438  0.193  49.727 0.1111110002
62414  -50.964  0.134  46.837 0.1111110002
125311  -51.026  -0.413  45.316 0.1111110002
62413  -50.284  0.378  46.587 0.1111110002
62402  -50.710  0.661  47.282 0.1111110002
61448  -51.283  -0.579  43.721 0.1111110002
60447  -50.063  -0.788  43.009 0.1111110002
60457  -50.756  -0.705  42.602 0.1111110002
61447  -50.403  -0.507  43.738 0.1111110002
60456  -49.864  -1.317  42.501 0.1111110002
59531  -50.355  -2.154  41.274 0.1111110002
60446  -48.763  -1.323  43.352 0.1111110002
113510  -49.326  -0.917  43.402 0.1111110002
114626  -48.184  -1.295  43.712 0.1111110002
59530  -49.639  -2.460  41.697 0.1111110002
59529  -48.977  -2.718  42.062 0.1111110002
119973  -50.917  4.219  47.576 0.1111110002
63337  -56.024  0.997  49.925 0.1111110002
63373  -49.080  1.502  46.819 0.1111110002
61427  -49.138  0.269  45.362 0.1111110002
63372  -48.289  2.012  46.449 0.1111110002
64330  -47.981  2.713  46.153 0.1111110002
65293  -49.078  3.602  46.595 0.1111110002
67247  -50.373  5.192  45.060 0.1111110002
42736  -38.032  -17.259  78.139 0.1111110002
43565  -16.202  -17.460  92.249 0.1111110002
44509  -17.069  -16.648  91.796 0.2222220004
44514  -18.504  -16.859  91.304 0.2222220004
44588  -35.310  -15.709  80.790 0.2222220004
44607  -38.489  -16.044  79.023 0.4444440007
45546  -38.204  -15.215  79.656 0.4444440007
45655  -23.990  -14.954  72.708 0.1111110002
46499  -14.792  -15.754  91.799 0.1111110002
46571  -29.407  -13.599  83.573 0.3333329856
46588  -30.528  -13.767  82.469 0.2222220004
46629  -32.258  -13.836  81.198 0.1111110002
46645  -28.096  -14.116  79.181 0.1111110002
46763  -25.197  -13.863  72.047 0.1111110002
47654  -17.210  -14.420  91.489 0.3333329856
47657  -12.615  -14.416  91.217 0.1111110002
47730  -34.227  -12.940  83.489 0.4444440007
47837  -20.909  -13.466  76.365 0.1111110002
48767  -14.073  -13.542  91.213 0.2222220004
48826  -26.946  -11.898  85.052 0.4444440007
48954  -46.174  -12.067  73.301 0.6666669846
48958  -46.608  -11.605  72.255 0.5555559993
48960  -44.708  -12.737  71.406 0.1111110002
49859  -44.792  -11.087  75.166 0.7777780294
50717  -26.644  -9.924  86.025 0.4444440007
50719  -28.348  -10.616  86.308 0.7777780294
50957  -46.018  -10.141  68.328 0.3333329856
51701  -19.315  -9.821  90.083 0.4444440007
51729  -27.962  -9.275  86.469 0.6666669846
51980  -48.336  -8.672  71.835 0.8888890147
52846  -28.058  -8.282  86.181 0.4444440007
52956  -41.500  -8.176  77.451 0.5555559993
52969  -38.400  -8.427  76.604 0.4444440007
53126  -47.511  -8.344  66.675 0.5555559993
54017  -42.908  -7.999  76.838 0.8888890147
54085  -48.792  -7.437  71.165 0.8888890147
54182  -49.551  -7.120  66.742 0.6666669846
54202  -48.244  -7.155  65.095 0.2222220004
55356  -50.795  -6.384  66.423 0.5555559993
55389  -52.383  -5.783  63.657 0.5555559993
55400  -51.545  -6.221  62.645 0.3333329856
55423  -49.514  -5.869  60.096 0.1111110002
55557  -49.400  -6.521  42.141 0.1111110002
56151  -25.266  -5.593  86.321 0.5555559993
56401  -50.561  -5.542  69.564 0.8888890147
56451  -51.948  -5.451  65.430 0.6666669846
56456  -52.422  -5.301  64.618 0.5555559993
56477  -52.302  -4.398  61.797 0.3333329856
56482  -50.750  -5.418  60.809 0.2222220004
57148  -23.440  -5.176  86.949 0.5555559993
57408  -51.466  -4.743  66.782 0.6666669846
57442  -52.619  -4.614  63.297 0.5555559993
58377  -51.134  -3.774  68.044 0.8888890147
58394  -51.219  -3.749  66.356 0.7777780294
58401  -51.944  -4.196  65.061 0.8888890147
58414  -52.321  -4.121  64.266 0.6666669846
58429  -52.561  -3.281  63.045 0.5555559993
58451  -52.574  -3.166  61.757 0.3333329856
58464  -51.818  -3.570  60.596 0.3333329856
58471  -50.357  -4.118  59.893 0.2222220004
59277  -45.959  -2.627  69.157 0.1111110002
59320  -48.825  -2.346  64.876 0.8888890147
59343  -50.215  -2.574  64.139 0.7777780294
59372  -48.749  -2.696  60.495 0.1111110002
60243  -52.288  -1.166  62.838 0.7777780294
60275  -51.004  -1.824  60.543 0.4444440007
60313  -52.310  -2.203  55.054 0.4444440007
60349  -56.374  -1.375  53.254 0.1111110002
61204  -47.642  -0.576  64.912 1.0000000000
61267  -52.720  -0.041  57.404 0.6666669846
61321  -54.365  -0.258  55.099 0.2222220004
61364  -55.791  -0.362  53.846 0.2222220004
61366  -56.669  -0.677  53.117 0.2222220004
62229  -48.161  0.429  60.893 0.2222220004
62243  -47.801  0.760  60.485 0.2222220004
62292  -53.639  -0.297  57.048 0.7777780294
62304  -54.022  -0.306  56.662 0.4444440007
63059  -45.746  1.375  71.034 0.7777780294
63103  -46.342  1.773  68.703 0.6666669846
63170  -51.334  1.871  63.949 1.0000000000
63267  -52.166  1.329  57.500 0.6666669846
63298  -51.661  1.023  53.473 0.3333329856
63310  -50.699  1.321  52.207 0.3333329856
64042  -45.389  1.805  70.471 0.7777780294
64142  -51.815  1.694  62.858 0.8888890147
64154  -51.721  2.060  62.504 0.6666669846
64183  -43.640  2.862  60.508 0.3333329856
64218  -44.313  2.007  56.143 0.2222220004
64263  -49.751  2.380  51.629 0.3333329856
64279  -50.353  2.369  50.677 0.4444440007
64282  -53.800  2.371  50.600 0.3333329856
64316  -50.473  2.697  47.901 0.1111110002
65069  -50.490  3.438  64.381 1.0000000000
65163  -52.458  3.972  55.838 0.8888890147
66037  -47.981  4.643  64.924 0.7777780294
66149  -52.069  5.014  55.469 0.6666669846
66199  -47.913  4.095  50.865 0.5555559993
66201  -49.419  4.317  50.204 0.5555559993
67056  -50.300  5.577  63.330 1.0000000000
67155  -51.511  5.230  55.199 0.6666669846
67248  -50.768  5.957  44.737 0.1111110002
67983  -49.038  6.025  63.537 0.8888890147
68039  -47.614  6.689  58.617 0.5555559993
68042  -51.778  6.682  59.361 0.8888890147
68050  -51.299  6.961  58.241 0.8888890147
68051  -51.752  6.725  58.419 0.8888890147
68120  -48.336  5.888  52.045 0.2222220004
68134  -53.417  6.635  49.805 0.2222220004
68986  -49.610  7.098  61.054 0.8888890147
68988  -50.544  7.490  60.249 1.0000000000
69087  -46.565  8.081  50.571 0.1111110002
69113  -53.460  7.436  47.416 0.1111110002
69917  -47.592  8.058  54.421 0.2222220004
70813  -49.141  9.115  54.269 0.1111110002
70848  -53.740  10.488  51.669 0.3333329856
70880  -49.942  9.008  47.132 0.1111110002
71670  -49.808  9.575  54.047 0.1111110002
71684  -51.495  10.453  53.406 0.1111110002
71701  -52.995  11.009  52.899 0.2222220004
73465  -52.206  12.556  43.878 0.2222220004
74341  -54.436  13.873  45.069 0.4444440007
74376  -55.659  12.931  41.051 0.2222220004
75229  -53.338  14.508  46.482 0.1111110002
75231  -54.055  14.409  45.515 0.3333329856
75262  -53.887  14.384  44.039 0.3333329856
75275  -54.401  14.218  43.409 0.2222220004
109540  -50.329  -6.643  63.290 0.3333329856
110802  -51.525  -6.214  65.116 0.5555559993
111300  -51.568  -4.301  66.391 0.8888890147
111355  -50.918  -6.251  62.158 0.3333329856
113339  -25.287  -11.855  83.138 0.3333329856
115056  -45.963  -5.738  71.080 0.2222220004
116009  -50.702  -5.022  60.341 0.2222220004
116318  -49.872  -2.211  47.306 0.1111110002
116905  -45.211  -13.027  73.971 0.3333329856
118162  -56.191  -1.564  54.094 0.1111110002
118347  -49.599  -6.275  70.826 1.0000000000
118369  -54.146  6.836  49.469 0.2222220004
119190  -52.054  0.254  61.910 0.5555559993
119295  -48.781  -8.137  70.058 0.7777780294
119779  -51.927  -4.567  65.565 0.6666669846
120045  -45.366  -12.718  72.869 0.4444440007
120231  -49.173  6.482  63.054 0.8888890147
120939  -34.654  -13.602  82.727 0.4444440007
121432  -51.762  3.421  57.532 0.7777780294
121530  -51.972  6.502  58.780 0.8888890147
122543  -50.711  -3.337  60.183 0.2222220004
123142  -45.173  2.038  69.945 0.6666669846
123997  -51.946  -6.198  63.680 0.3333329856
124045  -32.198  -13.549  84.167 0.1111110002
124570  -34.142  -10.479  82.618 0.6666669846
124872  -35.339  -11.979  82.265 0.7777780294
125110  -50.854  5.452  46.987 0.1111110002
126567  -49.734  1.457  64.897 1.0000000000
126636  -50.959  -5.123  68.052 0.7777780294
127393  -31.623  -13.803  83.958 0.1111110002
127450  -22.920  -5.107  85.266 0.5555559993
127475  -43.653  -13.943  75.048 0.4444440007
127686  -52.648  11.238  52.913 0.1111110002
127814  -50.783  -5.837  61.468 0.2222220004
128118  -36.321  -17.276  78.040 0.1111110002
128119  -50.393  7.229  58.751 0.7777780294
128942  -46.731  -0.009  57.872 0.1111110002
129050  -35.691  -17.018  77.695 0.1111110002
129737  -42.821  2.779  61.712 0.1111110002
129784  -27.102  -13.688  82.255 0.3333329856
129971  -27.172  -11.674  85.455 0.4444440007
130057  -51.473  3.837  62.855 1.0000000000
130080  -47.514  1.593  45.466 0.1111110002
130180  -53.073  -0.046  53.326 0.2222220004
130643  -21.769  -9.618  84.117 0.2222220004
131172  -52.431  -1.923  62.978 0.6666669846
131202  -20.278  -11.606  88.097 0.6666669846
131551  -45.695  -11.357  74.479 0.7777780294
