global_signal	global_signal_derivative1	global_signal_power2	global_signal_derivative1_power2	csf	csf_derivative1	csf_power2	csf_derivative1_power2	white_matter	white_matter_derivative1	white_matter_derivative1_power2	white_matter_power2	csf_wm	tcompcor	std_dvars	dvars	framewise_displacement	rmsd	t_comp_cor_00	t_comp_cor_01	t_comp_cor_02	c_comp_cor_00	c_comp_cor_01	c_comp_cor_02	c_comp_cor_03	c_comp_cor_04	w_comp_cor_00	w_comp_cor_01	w_comp_cor_02	w_comp_cor_03	w_comp_cor_04	w_comp_cor_05	w_comp_cor_06	w_comp_cor_07	w_comp_cor_08	w_comp_cor_09	w_comp_cor_10	w_comp_cor_11	w_comp_cor_12	w_comp_cor_13	w_comp_cor_14	w_comp_cor_15	w_comp_cor_16	w_comp_cor_17	w_comp_cor_18	w_comp_cor_19	w_comp_cor_20	w_comp_cor_21	w_comp_cor_22	w_comp_cor_23	a_comp_cor_00	a_comp_cor_01	a_comp_cor_02	a_comp_cor_03	a_comp_cor_04	a_comp_cor_05	a_comp_cor_06	a_comp_cor_07	a_comp_cor_08	a_comp_cor_09	a_comp_cor_10	a_comp_cor_11	a_comp_cor_12	a_comp_cor_13	a_comp_cor_14	a_comp_cor_15	a_comp_cor_16	a_comp_cor_17	a_comp_cor_18	a_comp_cor_19	a_comp_cor_20	a_comp_cor_21	edge_comp_00	edge_comp_01	edge_comp_02	edge_comp_03	edge_comp_04	edge_comp_05	edge_comp_06	edge_comp_07	edge_comp_08	edge_comp_09	edge_comp_10	edge_comp_11	edge_comp_12	edge_comp_13	edge_comp_14	edge_comp_15	edge_comp_16	edge_comp_17	edge_comp_18	edge_comp_19	edge_comp_20	edge_comp_21	edge_comp_22	edge_comp_23	cosine00	cosine01	trans_x	trans_x_derivative1	trans_x_derivative1_power2	trans_x_power2	trans_y	trans_y_derivative1	trans_y_power2	trans_y_derivative1_power2	trans_z	trans_z_derivative1	trans_z_derivative1_power2	trans_z_power2	rot_x	rot_x_derivative1	rot_x_power2	rot_x_derivative1_power2	rot_y	rot_y_derivative1	rot_y_derivative1_power2	rot_y_power2	rot_z	rot_z_derivative1	rot_z_derivative1_power2	rot_z_power2
1309.546061083182	n/a	1714910.8860984768	n/a	1707.572634422173	n/a	2915804.30182748	n/a	1306.415219033731	n/a	n/a	1706720.7245229515	1392.3464486960595	1108.904700730779	n/a	n/a	n/a	n/a	-0.0305986785	-0.1260701859	0.1227705572	-0.0256598172	-0.1076692274	0.1999851626	0.0606429372	-0.0733999324	-0.1211392208	0.0394214864	-0.097120374	0.2484916853	-0.015457236	0.0465793049	-0.030455259	0.0485083835	-0.1380742479	0.0433987336	-0.167853165	0.0398173385	-0.0367145176	0.0397772056	-0.0262468251	0.0257494735	-0.0258744711	0.0049454761	0.0450165238	-0.0622662279	-0.1468471161	0.0739457986	0.0933163065	-0.0916955831	-0.0188648497	0.1059135841	-0.151475029	0.0875187474	-0.0305948204	0.055787614	-0.1190108977	-0.154737693	0.0229969682	-0.0853252532	0.0814722248	-0.1280636589	0.1713584954	-0.0595100304	0.1442889089	-0.0294381945	0.1629155827	-0.031845148	0.1014596318	-0.0893770862	-0.0767134916	-0.0172679948	-0.0075395408	0.0822708701	-0.0958947365	0.0304144391	-0.037481679	0.2404424781	-0.0968399622	0.0842923954	-0.1067620469	0.0186058869	0.0487478023	-0.0282682907	0.0778804809	-0.0573717115	0.00750852	-0.0764215812	0.1043197184	-0.0714357628	0.0004133881	0.046476178	-0.0073801693	0.1013018145	-0.0693185114	-0.0864446638	0.153366806	0.1532882396	0.0001302797465712	n/a	n/a	1.69728123666561e-08	0.0498007244276834	n/a	0.002480112153522	n/a	-0.0297248917549595	n/a	n/a	0.000883569189844	0.0006069347174419	n/a	3.68369751236279e-07	n/a	-0.0002461603205596	n/a	n/a	6.059490341800504e-08	-0.0005299250299914	n/a	n/a	2.8082053741138615e-07
1311.3764393521697	1.8303782689877155	1719708.1656879748	3.350284607582465	1703.4308982030147	-4.141736219158247	2901676.824952729	17.15397890908725	1308.0786183950063	1.6633993612751965	2.766897435090732	1711069.6719021886	1394.1395229672426	1128.7241937453714	1.199497	25.223629	0.1519303279535555	0.0885394014428219	-0.0724074612	0.0651954364	-0.1556609998	-0.0804612926	0.1442917416	-0.0703584997	-0.0622530221	-0.1274576943	-0.0969042464	0.0228475591	0.1771018745	-0.0677709205	-0.102450913	-0.1402453193	-0.1335978841	-0.0486620362	0.0797481575	0.1195257822	0.0073747647	-0.0676063814	0.0192488891	-0.0035911117	0.1037264647	-0.1854923272	0.0195120033	0.1480924633	0.0632552938	-0.1629969302	-0.1950612158	0.0672729296	0.001118895	-0.016132373	-0.0636983053	-0.1521490279	0.0268912005	-0.0102646456	0.1385123221	-0.1770540724	0.1000895355	-0.1063518625	0.0981773399	-0.0384941156	0.0067145394	0.135245286	-0.0025306157	-0.0812590433	0.0125382704	0.221501472	0.0864430174	0.0941987089	-0.0402781296	-0.0727850394	-0.0332418712	0.0197247755	-0.1023567279	-0.054964546	0.1443237123	0.2048552656	-0.0504261043	-0.0287559041	0.0583392873	0.0588324979	-0.078031856	-0.0648285459	0.0652044888	-0.1048668147	0.0824688977	0.0044567388	0.0413492338	0.0544666585	0.1225579322	0.08993867	-0.0021735978	0.0509408269	-0.023145623	0.0630083056	-0.0355200528	0.1205306256	0.1531573254	0.1524510324	-8.521958208973501e-05	-0.0002154993286609	4.643996065331369e-08	7.262377171549085e-09	0.0771330647153689	0.0273323402876855	0.0059495096723852	0.0007470568256018	-0.105898369490653	-0.0761734777356935	0.0058023987103501	0.0112144646607788	0.0006989995941249	9.206487668299996e-05	4.886004325867748e-07	8.475941518655987e-09	5.031803580690664e-06	0.0002511921241402	6.30974832301112e-08	2.5319047274651385e-11	9.099818121562044e-05	0.000620923211207	3.855456342156381e-07	8.280668984550897e-09
1310.6575285850824	-0.718910767087209	1717823.1572367563	0.5168326910339193	1714.7633429058528	11.332444702838076	2940413.3221736555	128.42430294288275	1304.5191782358531	-3.559440159153155	12.669614246592236	1701770.2863851455	1391.2637067756398	1128.180897530966	1.229164	25.847471	0.3188900072661302	0.2002463332644266	0.027260575	-0.0752146366	0.1259424511	0.0206549694	-0.0874519195	0.1196474933	0.0691214403	-0.0922049391	-0.0691096334	-0.1475215612	-0.0629318881	0.157635857	-0.1212366662	0.1282210348	-0.0276420953	0.0210392811	-0.1624724258	-0.0755848856	-0.0089972245	0.0704510027	0.053868776	-0.0048365835	0.1625432807	0.097547716	-0.0548555684	-0.0427325076	-0.0683973791	-0.0330529578	-0.1091797061	0.0136490562	0.0317592984	0.0586375536	0.0296685392	0.1225423261	-0.0858880263	0.1656499514	0.0654983447	0.0089403801	-0.141044578	-0.0240141482	-0.0078245518	-0.0562970629	0.082987411	-0.0705181184	0.1300748845	0.1659683214	0.1262840767	0.0301674655	0.1743929358	0.042894137	-0.0885230702	-0.0024669947	0.2019683913	-0.0239968895	0.0519270904	0.0901109679	-0.1612345056	-0.0194174874	-0.0925282834	0.165202975	-0.0380397402	0.0256904162	-0.1902547055	0.1209927215	0.2751800215	0.0353634353	0.1481785862	-0.0071473743	-0.1618484568	-0.1213255388	0.151422574	-0.1325151894	-0.2197247591	-0.0725889622	0.1353092543	0.122395015	-0.1910024466	-0.0260144966	0.1527386503	0.1507811905	-0.00629327590255	-0.0062080563204602	3.853996327800665e-05	3.960532158561652e-05	0.0362373198010743	-0.0408957449142946	0.0013131433463653	0.001672461952095	0.0556799904152569	0.1615783599059099	0.0261075663898837	0.0031002613326431	-0.000652978843063	-0.0013519784371878	4.263813694878939e-07	1.827845694621036e-06	5.823114299507992e-05	5.319933941438926e-05	2.8301697141273902e-09	3.390866014513445e-09	-0.0007079809646914	-0.000798979145907	6.383676755943118e-07	5.012370463653653e-07
1312.5888325223518	1.9313039372693763	1722889.4432623906	3.729934898112196	1689.80196850448	-24.961374401372723	2855430.692761616	623.0702120055055	1308.3387550147804	3.819576778927285	14.589166770120531	1711750.2978736255	1391.6395647906618	1123.4594415166289	1.279116	26.89789	0.2797297324059239	0.1967271288240747	-0.0287903763	0.0339562281	-0.1997311901	-0.1679420738	0.1449639593	0.0068595763	-0.0404329081	0.0705655642	-0.0735371234	-0.0266282919	0.0755444508	-0.27488324	-0.1191556409	0.036272997	-0.0280623677	0.0320437776	-0.1647162755	-0.0513621433	-0.1930794076	0.0287726318	0.0052673735	-0.0121905097	-0.1092697546	0.0666373958	0.0635885163	0.0273420188	-0.0053716089	-0.0962241067	-0.1244990274	-0.1942881299	-0.0417517592	-0.0188352081	-0.1352966449	-0.1936309454	0.0255930586	0.0405346792	-0.0409521102	-0.0826428209	0.0782291291	0.1703404425	0.1784378702	-0.1340843078	-0.035037901	-0.0110018429	0.0932776784	0.0192153371	-0.0296427792	-0.0263075069	0.0237161525	-0.125096832	-0.050157289	0.131749394	0.0063062306	0.1405404866	-0.059638219	-0.0471973137	0.1473156051	0.176715389	0.0146988457	-0.0324411573	0.103247127	0.0645332334	-0.0278855941	-0.0311761734	0.0730398494	-0.2343855953	0.0170466593	-0.0186058524	-0.0917328468	-0.1046760916	0.0693557404	0.0407909328	-0.0813752503	-0.1828465033	-0.0563751523	0.0135670937	0.2124162672	0.1892754745	0.1521113526	0.148287834	0.0005341385392938	0.0068274144418438	4.661358796069728e-05	2.853039791589144e-07	0.0492336405566646	0.0129963207555902	0.0024239513624628	0.0001689043531821	-0.1191634278738789	-0.1748434182891358	0.0305702209190297	0.0141999225426531	0.0003609653646171	0.0010139442076801	1.3029599445315598e-07	1.0280828562880255e-06	-0.0002250547031774	-0.0002832858461724	8.025087064165796e-08	5.064961942226762e-08	-0.0003039594401569	0.0004040215245345	1.632333922871816e-07	9.239134126049609e-08
1314.324535817629	1.7357032952772895	1727448.985452226	3.0126659292364426	1719.688247680664	29.88627917618396	2957327.6692109928	893.189682996807	1307.4137579840583	-0.9249970307221248	0.8556195068447473	1709330.7345659975	1393.6829334643064	1137.3701011942503	1.262398	26.546333	0.0830493507273206	0.0505027683516434	0.0532240783	-0.056999527	0.141387013	0.0470660623	-0.1155853882	0.165074598	-0.0027358698	0.0764505399	0.031375128	-0.0918846596	-0.0203465416	0.236122372	-0.0092966	0.0111326591	0.0741532687	0.0042208751	-0.183848865	-0.0811483842	-0.1099677934	0.0717189873	-0.0062140191	-0.0335834722	-0.0113368072	0.0318861536	0.0720825704	-0.0835290111	-0.0721040096	0.114989058	-0.1474058712	-0.0606299141	-0.0609988129	0.1259105684	0.0351915325	0.1046407717	-0.116315457	0.0527446035	-0.1580723773	-0.0147710815	-0.2694461196	-0.0580365605	0.0197128115	-0.1156816355	-0.0030953742	-0.1734790047	0.0798600407	0.0332775124	0.0206625444	-0.0958637783	-0.0055615282	0.1142918841	0.0074971486	0.2088220184	-0.115170463	0.0564803304	0.0649194054	0.0481358904	-0.062793323	0.0368473457	0.0459281103	0.2781877241	-0.0304210678	0.1459515374	-0.097865242	-0.0426685082	-0.0304904527	0.0179572735	-0.0185593043	-0.0144960958	0.0701499189	-0.0520827329	-0.1138350356	-0.0190958865	-0.0328117298	0.1092130724	-0.0465018852	-0.015253714	0.0451973051	-0.0105128398	0.151276289	0.1449845808	-0.0020025564050172	-0.002536694944311	6.434821240492987e-06	4.010232155275411e-06	0.0322779313781893	-0.0169557091784752	0.001041864854055	0.000287496073745	-0.0730067826538345	0.0461566452200443	0.002130435897969	0.0053299903134642	0.0004119252205028	5.0959855885699984e-05	1.696823872862804e-07	2.596906911891311e-09	-0.0002651152538197	-4.006055064230003e-05	1.6048477177642854e-09	7.028609780788396e-08	-0.0005609450613187	-0.0002569856211618	6.604160948391618e-08	3.146593618178401e-07
1315.4987767004757	1.1742408828465614	1730537.031500448	1.378841650948272	1705.307129337289	-14.381118343374965	2908072.4053685856	206.8165648061559	1309.9320903056378	2.5183323215794644	6.341997681911815	1715922.0812124975	1396.1033201896105	1141.2366094083354	1.238822	26.050573	0.1017260762882882	0.0418887153718181	0.0035795245	0.0897497962	-0.1543033028	-0.0729920363	0.0995219053	-0.0537431089	-0.1047595447	-0.1712917532	0.0124142345	0.0330011178	0.2191084584	-0.1826213191	-0.0527201348	0.1349221699	0.0199544661	0.1384353974	0.1223979764	-0.0249676396	0.1132131871	-0.1988299632	0.0348314965	-0.3213536272	-0.2053627892	-0.0501821871	0.066438728	-0.1279808229	-0.089691567	0.044138128	-0.0024446064	0.1097144236	0.0574141708	-0.0606179302	-0.0497680046	-0.1576151836	0.0118316075	-0.1373441109	0.2104144948	0.0226969393	0.1752339541	0.0684837745	0.1127740224	-0.0508963482	-0.0567152936	-0.0455855371	0.01613637	0.0124761154	0.0396885998	-0.1350223048	-0.1303342924	0.1525701829	0.0755930909	0.1220437272	0.1494317489	-0.0413716494	0.0025597969	-0.0677515839	0.0812025748	0.1729768724	-0.1523549429	-0.0895904485	0.1448505442	0.0701550777	-0.007875155	-0.1025017949	0.0223107794	-0.1116874354	0.0247040913	0.1080236569	0.1719885047	-0.0102064111	0.1605810763	0.1716190198	-0.1003757321	-0.0248900713	0.024189462	0.0819162972	-0.1441482351	-0.1971820202	0.1502346003	0.1408894722	-0.0096138874861111	-0.0076113310810939	5.793236082602606e-05	9.242683259560364e-05	0.0528920024488428	0.0206140710706534	0.0027975639230483	0.0004249399261059	-0.1026094491399476	-0.029602666486113	0.000876317863088	0.0105286990528034	0.0001670037677707	-0.0002449214527321	2.7890258449609896e-08	5.998651800840232e-08	3.3981024051055186e-05	0.0002990962778707	8.945858343614002e-08	1.154709995558391e-09	-0.000227002638913	0.0003339424224057	1.1151754148218697e-07	5.153019807346586e-08
1316.9105276842	1.4117509837242324	1734253.337925478	1.9930408400463375	1728.390330427784	23.083201090494867	2987333.134316264	532.8341725842234	1310.9293494972023	0.9972591915645808	0.9945258951600412	1718535.759373158	1397.3065038898646	1148.959990585717	1.205774	25.355618	0.0349361923535156	0.0171712149424451	0.0940462142	-0.0264854279	0.1257667532	0.0720700616	-0.1128258253	0.073914751	0.0020454484	0.1424763751	0.0484633818	-0.0300299065	0.0612378354	0.2005475698	0.1149271081	-0.1785557004	-0.0485514425	-0.175938713	-0.1742978598	-0.1739513095	-0.0657912623	0.0777569019	-0.0085710855	0.1102957366	-0.0565918419	0.0352434628	0.218977619	0.0466064151	-0.0573149833	0.0833492869	-0.0044297903	-0.1092400206	0.0912826151	0.0621108822	0.0634324706	0.1175167146	-0.0665197483	-0.0075496235	-0.1471492573	-0.2352452128	-0.0925405299	-0.008036373	-0.0216592981	-0.1208085332	0.013780061	-0.1788786946	-0.0050973298	0.1343331112	-0.0304639182	0.0056295952	-0.0286078347	-0.0939893121	0.0697100379	0.1170492734	-0.1782068552	-0.0221483662	0.069369763	0.0328682567	-0.0365808056	0.0900482739	0.1794372964	0.1792234293	0.0639234594	0.0680109134	-0.04859616	-0.0254487351	-0.042197223	0.0448729765	-0.0286401085	-0.0092295868	-0.026792095	-0.1178095041	-0.0846468621	0.0292067632	-0.0220584273	0.1214983952	-0.0943107807	0.0093125851	-0.0332619514	0.0667666902	0.1489877092	0.136024874	-0.0015595233691101	0.008054364117001	6.487278132923331e-05	2.4321131388005173e-06	0.0465732844669872	-0.0063187179818555	0.0021690708260429	3.9926196934225285e-05	-0.1025483603396963	6.10888002512966e-05	3.731841516142815e-09	0.0105161662083601	0.0001669619707789	-4.1796991799998016e-08	2.7876299686374263e-08	1.7469885235291009e-15	-0.0001800354236829	-0.0002140164477339	4.580303990066077e-08	3.2412753780681314e-08	-0.0004229848232754	-0.0001959821843624	3.8409016587457744e-08	1.7891616072132138e-07
1317.2815517920303	0.3710241078304079	1735230.6866916197	0.1376588885913502	1714.8794106521177	-13.510919775666252	2940811.3930785544	182.54495318448943	1310.807986780115	-0.1213627170873223	0.0147289090988174	1718217.5782065382	1395.3628949670983	1153.0689418620352	1.140214	23.977001	0.0515013581990656	0.0313834470486737	0.0524279493	0.0799395624	-0.1417098406	-0.0543823519	0.0481445607	-0.0843002605	-0.1223912875	-0.0486919818	0.0795059091	0.0299773801	0.1027456954	-0.0904350601	-0.0440734854	0.0278359174	0.0307720358	0.0741192607	0.2036122942	-0.1057775135	-0.0320610332	-0.1606944452	0.0433237333	-0.0664879767	-0.0876025208	-0.040208998	-0.0505916421	0.0641407857	0.1231823701	0.0685269462	-0.0121294598	-0.2806862024	0.0134190065	-0.0338801856	-0.0579603223	-0.1212879344	0.0154801785	-0.1581428943	0.0899785186	0.0507596013	-0.0397297965	-0.0227898492	0.0999180373	0.0193708296	-0.085263396	-0.0638368082	-0.0145022956	-0.0063161859	-0.0862023772	0.0116759611	-0.0268406915	0.0811750128	0.0532164916	-0.0440395653	-0.28262939	0.162303893	0.0237013495	-0.0938819856	0.1384382174	-0.0082713449	-0.1454267096	0.0583663742	0.0930658045	0.1077661058	-0.042287911	-0.1147722578	0.0286848139	0.0079756318	-0.0406877497	0.0272725798	0.100780068	0.0655382016	0.0523343191	-0.0238617986	0.0672247267	-0.2431146568	-0.0742558229	-0.000448869	-0.0375687533	0.0446293053	0.1475373187	0.1304173552	-0.0010439395215513	0.0005155838475588	2.65826703863536e-07	1.0898097246567572e-06	0.0259267627150592	-0.020646521751928	0.0006721970248829	0.0004262788604528	-0.0799100733391213	0.022638287000575	0.0005124920383204	0.0063856198210637	0.0001669870289372	2.505815829999453e-08	2.7884667833273272e-08	6.27911297387585e-16	-6.803177284542272e-05	0.0001120036508374	1.2544817800923526e-08	4.6283221164911966e-09	-0.0003809942202911	4.199060298430002e-05	1.7632107389851056e-09	1.4515659589522321e-07
1317.789199932184	0.5076481401536057	1736568.3754579057	0.2577066342014149	1734.8679582843672	19.98854763224949	3009766.832681769	399.5420364467068	1310.837274004962	0.0292872248469393	0.0008577415392351	1718294.3589207598	1397.358204067153	1144.8575931391688	1.154658	24.280725	0.0292555069073063	0.0177548790217645	0.051634459	0.0235505905	0.1486799409	0.115360196	-0.1549211692	0.0215401618	-0.0047447491	0.0544790441	0.1000821546	-0.0643837077	0.1111898376	0.0265462729	-0.0023592046	-0.2341700275	0.0219772226	0.0776599261	0.0175711738	0.19098114	-0.0114150723	-0.2816921635	-0.0671820669	-0.0215514894	0.1131507376	-0.0577627639	-0.0024507608	0.0231362485	0.0745384415	0.0850598605	0.0209557567	-0.088171347	0.1420143817	0.0831648492	0.1185846656	0.1272956655	-0.0622989741	-0.0287834375	0.0387088488	-0.1222489933	0.074376013	0.0782418418	0.1450226876	-0.0766236774	-0.0608359169	0.1321851463	-0.0851041709	-0.2790313682	0.0864247507	0.1434291854	-0.1087174695	0.0572956887	0.1208842809	0.0160340605	0.0866481293	0.0114757667	0.0711788075	0.0305496303	-0.1165576486	0.1501262019	-0.0120533966	0.0081542773	0.1969332034	0.0225731845	0.0088301219	-0.062458502	-0.1901193099	0.0817375978	-0.1065297541	0.0265662349	0.0057197791	-0.1725268442	-0.1094364474	0.0428446373	0.0611622551	0.0890466463	0.0714749787	-0.0339864554	-0.0469038797	-0.1376249366	0.1458854101	0.124097542	-0.0062710151231328	-0.0052270756015815	2.73223193446486e-05	3.932563067456029e-05	0.0413728904536156	0.0154461277385564	0.0017117160644868	0.0002385828621158	-0.086292356637621	-0.0063822832984997	4.0733540102308205e-05	0.0074463708140743	0.0001669888315095	1.802572300002277e-09	2.7885269848908183e-08	3.249266896735499e-18	-5.60344366582477e-05	1.1997336187175025e-05	1.4393607558809932e-10	3.1398580916071742e-09	-0.000412995486905	-3.200126661389999e-05	1.0240810648939103e-09	1.70565272203898e-07
1315.0715441648208	-2.7176557673631123	1729413.1662720465	7.385652869881987	1726.0058585991294	-8.862099685237808	2979096.223918518	78.53681083109207	1308.919672208219	-1.9176017967429289	3.677196650871709	1713270.7082936715	1396.319394187159	1144.3164634479756	1.231506	25.896727	0.0676846333921201	0.0369734754402186	-0.0125878836	0.022140345	-0.1933404705	-0.023880353	0.0323826165	-0.1832289222	-0.0040398658	-0.027942756	-0.05606468	0.0490463805	0.1928643792	-0.1237966362	-0.0194610052	-0.0356844906	0.0396643602	-0.034895404	-0.2104024682	-0.0146676213	0.0919562297	-0.0799110946	0.0125380228	-0.0414412983	0.0515332648	-0.1580709107	0.0454462721	-0.1486414767	-0.0808453491	-0.0634054266	0.0246441282	0.2020133261	-0.1785065441	-0.2130608662	-0.0539653511	-0.087310967	0.1403001641	-0.0197011426	0.0219409875	-0.1857014607	-0.0930552702	0.0797319801	0.0207828863	-0.0526879349	-0.0670988438	-0.0631225438	-0.0303297221	-0.1316388052	0.1430397903	0.0458211987	-0.0197335443	-0.0291423104	0.0230521161	-0.0858136606	0.0854830979	-0.0222076236	-0.0573851471	-0.0188531937	0.2242779753	0.0568121588	0.0272093259	0.044043402	0.0544818227	-0.0542765929	-0.0455879798	-0.0379169378	-0.0659409596	0.1575218089	-0.0541344766	0.1127679496	0.1100486572	0.0346677697	0.0215334693	0.107291148	0.011113146	-0.0099657404	-0.0750264266	-0.1479666412	-0.084919531	0.0771170589	0.1440342395	0.1170999511	0.0014704909990825	0.0077415061222153	5.993091704029698e-05	2.162343778382649e-06	0.0379432932279968	-0.0034295972256188	0.0014396935009857	1.1762137129972176e-05	-0.1025509650997094	-0.0162586084620884	0.0002643423491234	0.0105167004428818	0.0004998942276297	0.0003329053961202	2.498942388174943e-07	1.1082600276594729e-07	-0.0005216014908653	-0.000465567054207	2.167526819630324e-07	2.720681152729037e-07	-0.0004063695055883	6.625981316699949e-06	4.390362840925679e-11	1.651361750720794e-07
1312.42088103099	-2.6506631338309035	1722448.5689661598	7.026015049050266	1730.5463144765736	4.540455877444174	2994790.546548452	20.615739575017344	1306.2628958212365	-2.6567763869825285	7.058460770427938	1706322.7529992824	1394.736247304622	1129.4326273050665	1.222834	25.714376	0.1019051021150272	0.0618344619605634	-0.0362682884	-0.0137683611	0.1433132373	0.110959159	-0.0717942262	0.0744209186	0.0796067907	-0.0741225239	0.002195066	-0.1074993108	-0.0868213395	0.1936235127	0.0569588402	0.0040842372	0.0134905821	0.1547256754	0.0088974583	-0.060054664	0.0243216309	0.053620476	-0.0948582715	0.0855174653	-0.0375243595	-0.0884390709	0.0220745249	0.0318844625	0.0101344582	0.0482619207	0.0297720963	-0.00947986	-0.1427138837	-0.0304562907	0.1344443947	0.0976204534	-0.1065738463	0.0813119094	0.0899734316	0.0400379123	-0.1671187089	-0.0133525782	-0.0362216381	-0.0504428769	-0.0724106924	-0.0247948639	-0.0687812502	-0.1146718809	-0.154548407	-0.0350828338	-0.148237605	-0.099203114	0.0993277807	-0.0502593907	-0.0100342654	0.0226765919	0.0493832499	-0.0191242146	-0.1285063921	0.0597605772	-0.0897876657	0.0818706884	-0.0351987385	0.0085741479	-0.0413539902	0.1308438146	-0.0573955444	0.1448827623	-0.0477999781	-0.0664105079	0.0533115377	0.013558772	-0.1774564216	0.0973484422	0.0815751507	0.0532300355	0.0375103794	-0.0482456611	0.0947315309	-0.0462347471	0.1419863355	0.1094628008	-0.0059870514193818	-0.0074575424184643	5.561493892319437e-05	3.584478469832163e-05	0.0190955278280284	-0.0188477653999683	0.000364639183031	0.0003552382605722	-0.0500065396517399	0.0525444254479695	0.0027609166456572	0.002500654007941	0.0002419239385805	-0.0002579702890492	5.8527192058301536e-08	6.654867003212779e-08	-0.0003480525230206	0.0001735489678447	3.0119244239960726e-08	1.211405587810053e-07	-0.0004359576256669	-2.9588120078599992e-05	8.75456849785652e-10	1.9005905137712093e-07
1313.8326878885014	1.4118068575114648	1726156.3317643243	1.9931986029163973	1701.1679168528756	-29.378397623697992	2893972.281329552	863.0902469361039	1307.8669240590689	1.604028237832381	2.572906587763653	1710515.8910477303	1392.9368460226378	1123.818863432159	1.197488	25.181374	0.1381857744248397	0.0815097894588952	0.0234453836	-0.1394429185	-0.1321919827	-0.1875029164	0.0373322016	-0.0431342626	0.062916995	0.1604742255	-0.1310781903	0.1293977292	0.072953465	-0.105355232	-0.0308517852	-0.1396518084	0.0767977863	0.1907631532	-0.0873974473	0.0097208451	0.1235966907	-0.0469282275	0.1829661065	0.0903158515	0.1019660599	0.1228082352	-0.0021825939	0.1992545805	-0.0358442656	0.1703858102	0.1419636504	0.044183222	0.0729339814	0.0400754453	-0.2292184492	-0.0730867786	0.0100132929	0.0227364242	-0.0265726294	-0.0100735134	-0.0140425323	0.0506782941	0.1212224413	0.0436615774	-0.1290415282	0.1026150592	-0.1802403583	0.054718964	0.0180450577	0.1597819356	0.0867936118	0.056866013	0.0037072616	-0.0149893786	0.1560242193	-0.2204484333	-0.0211727499	0.103044117	0.16052738	0.1211754625	0.0042894892	0.0049651571	0.0120097081	-0.0415191431	0.0862263166	0.1156117141	-0.1226110989	-0.0166367616	-0.0440254869	-0.0834995855	-0.0615634316	0.0599044352	-0.1485939909	0.0132341834	-0.012758034	0.0714552629	-0.1864942373	0.1595314932	0.1070778968	0.1665699711	0.1397444952	0.1012278027	-4.97411306810136e-05	0.0059373102887007	3.525165346431222e-05	2.474180081425672e-09	0.0493955348976413	0.0303000070696129	0.002439918867824	0.0009180904284185	-0.120626637119301	-0.0706200974675611	0.0049871981663278	0.0145507855827115	0.0003609734132689	0.0001190494746884	1.3030180508700008e-07	1.4172777423583992e-08	-0.0005210185673345	-0.0001729660443138	2.991725248559801e-08	2.714603475072949e-07	-0.0001014059526899	0.000334551672977	1.1192482189170957e-07	1.0283167240946237e-08
1315.2606463271418	1.4279584386404167	1729910.5677768907	2.039065302484377	1717.3853614074362	16.217444554560643	2949412.4795765504	263.0055078802487	1311.99893963788	4.132015578811206	17.073552743538507	1721341.2176109217	1396.5122947948892	1139.3457952623048	1.297838	27.291588	0.1385919353050171	0.0657550467631314	-0.0503445358	0.1481570128	0.0445869077	0.1172992348	0.0854356029	0.1052493888	-0.0171373473	0.0878261334	0.0797114396	-0.1428848154	-0.0110729648	0.0036366217	-0.0201869298	0.0467855503	-0.1597725498	-0.2127082263	0.209723787	-0.0063789978	0.2190839229	0.043282628	0.1080509012	0.0242318282	-0.0542835045	0.0044580224	-0.1136810503	0.0202052028	0.2487757047	0.0164130409	0.1011783663	-0.1549965334	-0.3902412974	-0.0342550996	0.1470737678	-0.1144564461	-0.0378493325	-0.036013931	0.0272803429	0.0037091227	-0.0813959473	-0.0694595028	-0.0342591642	0.0455235033	0.0106823808	0.1585923345	-0.1798479251	0.2127755157	-0.0626103083	-0.118100257	-0.1156699929	0.1896812999	-0.1481375731	-0.1067002796	-0.2141657372	0.0503069544	0.0332659959	-0.1697025822	-0.005849967	0.002561647	-0.0380785678	0.0501604764	-0.0674587582	-0.005085661	0.0649420919	0.1065555588	-0.1354178946	0.0730521271	-0.0149175221	-0.174482227	0.1158315512	-0.0395836828	-0.1007367574	-0.2283227755	0.02316224	0.0156190194	-0.0133200806	-0.0254981051	0.2421856564	-0.0757911168	0.1373117808	0.0924399334	-0.0163359325002829	-0.0162861913696018	0.0002652400293272	0.0002668626906537	0.0191627308702635	-0.0302328040273778	0.0003672102544061	0.0009140224393578	-0.0798331725141636	0.0407934646051374	0.0016641067544905	0.0063733354336762	0.0001049619634029	-0.000256011449866	1.101701376139172e-08	6.554186246249146e-08	-0.0001520266043375	0.0003689919629969	1.361550687563794e-07	2.311208842639077e-08	-0.0005019920458849	-0.000400586093195	1.604692180612332e-07	2.519960141317075e-07
1311.9844685297353	-3.27617779740649	1721303.245663252	10.73334096021924	1717.3017417778403	-0.083619629595887	2949125.272313204	0.0069922424537533	1307.400591298696	-4.5983483391839854	21.14480744847612	1709296.30612818	1394.8348333781198	1128.1467560503947	1.267731	26.658493	0.0623243310904493	0.0332355682791975	-0.0097537628	-0.1500067657	-0.0176421184	-0.0493545971	-0.016523101	-0.0762913601	0.1405369522	0.0243073793	-0.1390739994	0.0595679819	0.0110745543	0.0785732132	-0.0486430231	-0.0306386439	0.1047695452	-0.1809484941	0.0189664713	0.2382181831	-0.0114767418	-0.0028732515	0.0018937831	-0.1163809762	0.169152531	0.0159414635	-0.2230235685	-0.0326414721	-0.004076468	-0.0095159017	0.0327131919	0.1795606212	-0.0457960986	-0.0996748598	-0.1034059977	0.1178977543	0.0395216036	0.1078371803	0.0814920772	-0.0841162861	0.0320787884	0.0870368578	-0.0387206522	0.1481801886	0.0925162109	0.119040698	0.0564590198	-0.0911367384	0.0932321815	0.0779487404	0.0144929957	0.1636084773	-0.1005548959	-0.0619676656	0.0190903089	-0.0254744501	0.0314254854	0.1506015869	0.0602518796	0.0664148202	-0.013691123	-0.0909292222	-0.050641611	-0.2226866557	0.1215898802	0.1672136569	0.0253138424	0.1716073605	0.0016919045	-0.1620770373	-0.004263948	-0.0413240668	0.2244577396	-0.0437410385	0.1571997591	-0.0965638998	-0.0641850021	-0.0072693825	0.0379490098	0.0113596019	0.1346915149	0.0831471893	-0.0056594170846153	0.0106765154156675	0.0001139879814209	3.202900173763554e-05	0.0386624415042291	0.0194997106339656	0.0014947843830679	0.0003802387148083	-0.0798377852208247	-4.612706661105692e-06	2.1277062741408824e-11	0.0063740719489665	-0.0003440261565918	-0.0004489881199947	1.183539964193257e-07	2.0159033189637521e-07	-0.0001649447127225	-1.2918108385000005e-05	1.6687752424660742e-10	2.7206758255108052e-08	-0.0003210284275815	0.0001809636183033	3.2747831149458645e-08	1.030592513154504e-07
1312.755191264051	0.7707227343157683	1723326.192190715	0.5940135331911744	1708.132682153734	-9.16905962410624	2917717.2598417094	84.07165439041525	1307.5789266225454	0.1783353238492964	0.0318034877324334	1709762.649347368	1392.3221594074428	1122.1596311782807	1.189721	25.018044	0.0852821541072084	0.0469133246399906	-0.0549355783	0.0843006776	-0.0039385373	0.005843664	0.1825981074	0.1529739316	-0.0261019531	0.0467777727	0.0301873738	-0.1699884361	-0.0566357148	-0.0150466552	-0.1174049775	0.1414698746	-0.0722998941	-0.0146231679	0.1272417981	0.0775145241	0.0179037513	0.1000997437	0.1942713747	0.1491557237	0.0003707788	0.0371458461	0.2612233784	0.0483419904	-0.2239082955	-0.1278348869	-0.0280725964	-0.0524235622	-0.0380833628	-0.0097870028	0.0418523824	-0.161169615	-0.1282974862	0.0607154	0.0322820305	0.0137242895	-0.0956367171	0.0038494823	-0.0242441102	0.2326092297	0.1922182397	0.0504467696	-0.0877112062	0.1671538025	-0.118073668	0.1031252084	-0.0141834369	-0.0709643101	-0.1767449082	0.1179386976	0.0301926268	-0.1413728171	0.0730496743	-0.1613938371	-0.0186215143	-0.0380275423	0.0226041531	0.0168943489	-0.2248767039	-0.0615118693	0.0777352894	0.3069118063	0.0020343271	-0.0663146766	-0.0128494887	-0.1906054565	-0.0257420949	0.1485232046	-0.0434062296	-0.0561239914	0.1095056103	-0.0691900123	0.0741449048	0.006491341	0.0758098954	-0.0340383967	0.1318872767	0.0734003241	-0.0145744856735916	-0.0089150685889763	7.947844794615188e-05	0.0002124156326497	0.0145140581212075	-0.0241483833830216	0.0002106578831457	0.0005831444200133	-0.0796527705218892	0.0001850146989355	3.4230438822195165e-08	0.0063445638518127	-0.0009850958908315	-0.0006410697342397	9.704139141331065e-07	4.109704041581597e-07	-0.0005208206471534	-0.0003558759344308	1.2664768070706617e-07	2.712541465012864e-07	-0.0003647565076364	-4.372808005490003e-05	1.912144985287746e-09	1.3304730986310314e-07
1321.0421711689542	8.286979904903092	1745152.4180067845	68.67403594426766	1712.794074451856	4.661392298121882	2933663.54147739	21.72857815699	1309.1209425642685	1.5420159417230934	2.377813164528159	1713797.642260359	1396.5010217039378	1152.6723624043943	1.356616	28.527597	0.1139271291257321	0.0539506107011595	0.2152634458	-0.0480929987	0.0976190462	-0.1482109856	-0.2075753726	0.020241343	-0.1542257688	0.0064648932	-0.0211451951	-0.0076197504	0.0830116263	0.081285845	0.1843867911	0.0861822893	0.2256488338	-0.1958922721	-0.0147003014	-0.002347813	-0.067766447	-0.0430333621	-0.0890229161	-0.1024881717	-0.2746776893	-0.0470636126	0.0426177332	0.2069744333	0.0758872546	-0.1557981799	0.2682047053	0.0004499794	0.0639772851	0.1294961881	-0.1051721611	0.132745634	-0.1812187269	-0.1407770458	-0.0391566601	0.000784598	0.237954369	0.2410571299	0.023737404	0.1419843871	-0.0040938017	-0.074123688	-0.1225300923	0.0415891287	-0.168634044	-0.1969719373	0.1375233714	-0.1092293036	0.1883519574	-0.1778904021	-0.1823685219	0.1153073877	0.2505724536	0.0922096293	-0.0564004355	0.0399919462	0.0393871726	-0.1504909755	-0.0122732044	-0.0665688393	0.1068658534	0.123321827	-0.0383859427	-0.1821851865	-0.1559551998	0.156659041	0.0974652486	0.1264220636	-0.0163530636	-0.1916712889	-0.178176919	0.2211241182	0.2099990813	-0.1843692364	0.0110920439	-0.074594864	0.1289028963	0.0632525717	-0.013821999924005	0.0007524857495866	5.662348033309073e-07	0.0001910476818991	0.0282422421291386	0.0137281840079311	0.0007976242404808	0.0001884630361556	-0.1188597995928972	-0.039207029071008	0.0015371911285748	0.0141276519592636	-0.0016369999059117	-0.0006519040150801	2.6797686919549142e-06	4.249788448776855e-07	2.128957081892757e-05	0.0005421102179723	2.938834884300045e-07	4.532458256541323e-10	-0.0003539821347448	1.0774372891600046e-05	1.1608711120724593e-10	1.2530335171848574e-07
1319.4143320236528	-1.6278391453013228	1740854.179549422	2.6498602829753413	1716.758337592001	3.9642631401450217	2947259.1896916507	15.715382244312469	1311.5696852400497	2.4487426757812045	5.996340692192093	1720215.039240683	1398.2918104747798	1173.3568199622373	1.355975	28.514122	0.1050189131782925	0.0469408140830107	0.1293843278	0.1268842553	-0.1813798288	-0.0401145928	0.1053619549	-0.1218294435	-0.1714304796	0.0204339764	0.0533161002	-0.004187332	0.1920922723	-0.1412197915	0.2703531354	0.0622670008	-0.0166350444	0.0832754457	0.1063067902	0.0324581553	-0.0061563232	0.2375843088	0.1655150881	-0.0105565611	0.2066017647	0.1344418828	-0.0758754012	0.0715899977	-0.0172640823	0.1722200542	0.0437574936	0.0418194534	0.0351765309	0.009948018	-0.02478064	-0.1260160141	0.0342671734	-0.1907640101	-0.0604568941	-0.100729455	-0.0894516399	-9.78417e-05	-0.1902996519	0.1180693826	-0.1904098534	0.1292737561	0.1250513773	-0.0769433302	-0.0824030979	-0.0940986975	0.1902762608	0.0279132988	-0.163543149	0.0571401234	-0.056321893	-0.2139055734	0.121250016	-0.1042078918	0.222104848	-0.1908746098	0.0379948878	-0.0308252927	-0.0020538521	-0.1333577478	-0.0012609312	-0.0047884091	0.0747154709	0.0466875492	-0.1773506493	0.2025650732	-0.0809547671	0.0365926539	0.0350115023	-0.107154979	0.3298880116	-0.1016951197	-0.0642643944	-0.2395119168	-0.1491432984	-0.0049920764	0.1257424501	0.0527593557	-0.0048632760183124	0.0089587239056926	8.025873401842809e-05	2.365145363029251e-05	0.0061367204274631	-0.0221055217016755	3.765933760484289e-05	0.0004886540897032	-0.0896222945091764	0.0292375050837208	0.0008548317035205	0.0080321556730895	-0.000955960164355	0.0006810397415566	9.138598358336386e-07	4.6381512957961654e-07	0.000215677980722	0.000194388409903	3.7786853904644915e-08	4.6516991368319406e-08	-0.0003728972330291	-1.891509828430001e-05	3.577809431047293e-10	1.390523464007589e-07
1318.4422610778972	-0.972070945755604	1738289.995796198	0.9449219235821944	1727.3184152376857	10.560077645684714	2983628.90761923	111.51523988289	1311.799876197609	0.2301909575592162	0.0529878769420289	1720818.915192062	1398.3165552331295	1155.3702656609137	1.211168	25.469053	0.10563995357767	0.0569178118610461	0.1040863225	0.1009391708	0.1174918334	0.1342226088	-0.0841953179	0.1026111396	-0.0843176106	0.0101734414	0.214210186	-0.077840983	0.0834790601	0.0208408776	0.0626358401	0.0452173225	0.191278816	0.043059431	0.0033922049	0.0693625529	0.0626896802	0.0839634227	0.0412831691	0.1324865388	0.1501550714	-0.0274917717	-0.2204741933	-0.0309634324	-0.0605581594	-0.1099551286	0.1375591927	-0.1121588342	0.159500977	-0.0990528033	0.1661576383	0.0636583906	-0.0800912277	-0.1022830591	-0.0194793397	0.0289332853	-0.0724134183	0.1026241418	0.0522720575	0.153667336	-0.1088363449	0.121492202	0.0203410373	0.0828149012	0.0048953	-0.0033244514	-0.0500824579	-0.1345484969	-0.1473515505	-0.0786210829	0.3023129267	-0.0032306914	0.1535254378	-0.1107295195	-0.1092050999	-0.1694957859	-0.0379122595	-0.0030148593	0.031786191	-0.1480881221	-0.0191725145	0.0639076365	-0.0072566573	0.0156153337	-0.0994215029	-0.0255168618	-0.2754884092	0.221593602	-0.0021217198	0.0935543572	-0.0835229031	-0.0871707032	0.0661008865	-0.1442563922	-0.017483344	0.1172858362	0.1224102548	0.0419779864	-0.0007077528051979	0.0041555232131144	1.7268373174733453e-05	5.009140332654966e-07	-0.0112755263584602	-0.0174122467859232	0.0001271374946603	0.0003031863381338	-0.0439193614082142	0.0457029331009622	0.002088758094031	0.0019289103065053	-0.0010550307062009	-9.90705418459e-05	1.11308979102677e-06	9.814972261640224e-09	-0.0002868905460053	-0.0005025685267273	2.525751240568489e-07	8.230618538721916e-08	-0.0002071512920489	0.0001657459409802	2.7471716951411945e-08	4.2911657797528656e-08
1319.3105672200286	0.8683061421313596	1740580.3727784336	0.7539555564630448	1725.973694709735	-1.3447205279508123	2978985.1948299734	1.808273298292312	1312.0478309425148	0.2479547449058827	0.0614815555213413	1721469.510680958	1399.4621022474046	1157.5967375075186	1.098318	23.095985	0.0591047748637616	0.0319226771749959	0.1440514293	-0.0806515676	0.0252387564	-0.0370094356	-0.1602917201	-0.1154996293	0.0220783437	0.0798105162	-0.02537425	0.1305131882	-0.0354792576	0.110410569	0.1655470691	-0.0242768366	0.2074513095	-0.0426584887	0.0803142033	-0.0979923002	-0.0376401011	-0.0192785418	-0.0703979633	0.0848932636	0.1495580167	0.1615692255	-0.106899368	-0.1113943813	0.1338227077	-0.1323975667	0.076096552	-0.0480007987	-0.0894343462	0.0239810174	-0.0864758728	0.1580020826	0.056957577	-0.0802248394	0.0001178772	0.0599812091	0.0715295878	0.1162104554	-0.1488171783	0.1532376137	-0.1532048001	0.0214412131	0.1358190572	0.0102580453	0.1247640963	0.0645289511	-0.1513043272	-0.1107360046	0.1473091358	-0.1146253011	-0.0101389368	-0.0349309921	0.132057089	0.1325532089	-0.0262731025	-0.1361676618	0.0120464138	-0.1244723405	0.0685871611	-0.2242234615	0.0158061887	-0.1105483246	0.0546407613	-0.1177227799	0.0460446053	-0.0096725261	-0.1480273047	0.1945527842	0.066156903	0.0043268347	-0.1383286925	0.1569301313	0.0481794128	-0.0198175467	0.22444011	-0.0584051514	0.1189108618	0.0309673479	0.0006782977447841	0.0013860505499819	1.9211361271054043e-06	4.60087830579196e-07	0.0139456955129873	0.0252212218714475	0.0001944824233409	0.0006361100326887	-0.0569698271749459	-0.0130504657667316	0.0001703146567286	0.0032455612083432	-0.0010580154131548	-2.984706953899864e-06	1.119396614473122e-06	8.908475600658203e-12	-0.0005209709003117	-0.0002340803543064	5.4793612272209783e-08	2.714106789715833e-07	-5.527561979719103e-05	0.0001518756722517	2.306621982190852e-08	3.055394143963617e-09
1317.3779686606306	-1.9325985593980024	1735484.7123124094	3.734937191787233	1727.183732544635	1.2100378349000491	2983163.645966817	1.464191561889599	1312.4323023615657	0.3844714190508966	0.1478182720670101	1722478.54828208	1399.5860022628067	1153.7510175124132	1.23	25.865057	0.0959488089065271	0.0675375128974039	-0.0181097539	0.1645765669	-0.109029954	0.0517500237	0.119131459	-0.1858695142	-0.0978934593	0.0233856394	0.0493081965	0.1004681659	0.0711373944	-0.22486291	0.1376539504	0.0470439359	0.0062727898	0.0367698527	-0.0917381923	-0.0480523696	-0.0628352188	0.0925110493	-0.1638197518	0.061321757	0.161219085	-0.1026510322	0.0472709252	-0.1424608695	0.0886203435	-0.1502376634	-0.1056396652	0.0987884251	0.0234667321	0.1447134739	0.0264159034	-0.1353735541	0.1664109537	-0.0859305162	-0.0620515365	-0.00452809	0.0118474549	0.0078097156	-0.1534778352	0.0727367969	-0.0995322506	-0.0920202841	0.0803157378	-0.0966717622	0.0563177939	0.1046185338	0.170963602	-0.1243132367	-0.0562686177	-0.0175052227	-0.0893656515	0.0502718069	-0.0396363404	-0.1246868213	0.093927561	-0.1401045538	0.0896036046	-0.1152956705	0.0707946238	-0.1869218894	-0.0535789884	-0.2210734982	0.0699267055	-0.0536742743	0.0444766155	-0.0772432267	-0.0532752961	-0.0330339601	-0.0038344786	0.0927978019	0.1269464724	0.1890311829	-0.0226255772	-0.0690099392	0.045952749	0.0369613463	0.1152490509	0.0197875765	0.0043471103165302	0.0036688125717461	1.3460185686602231e-05	1.8897368104083296e-05	0.0029087870605479	-0.0110369084524394	8.461042163610893e-06	0.0001218133481875	-0.0791016235714892	-0.0221317963965433	0.000489816411738	0.0062570668516455	7.047160781165743e-05	0.0011284870209664	4.966247507560057e-09	1.2734829564897495e-06	-0.0005210036307223	-3.273041060002004e-08	1.0712797780459045e-15	2.714447832258188e-07	-0.0001089816981361	-5.370607833890897e-05	2.8843428505450273e-09	1.1877010528628022e-08
1313.3482635025427	-4.029705158087836	1724883.6612451444	16.23852366111971	1724.782333632647	-2.401398911988053	2974874.0984112797	5.766716734497407	1310.1376738677154	-2.294628493850269	5.265319924789552	1716460.7244875082	1398.5163393980704	1129.2134345528652	1.212222	25.491211	0.1681276287640569	0.1032756593169249	-0.0056215223	-0.074739047	0.1300831774	0.0772051652	-0.0909735904	0.0319731708	0.1703198027	-0.0033791486	0.0171005948	-0.0114312043	-0.1280702319	0.1092287723	0.1138729518	0.0662300487	-0.1744431569	0.0498192004	0.01316489	0.1778813011	-0.0375609397	0.119367934	-0.1294584751	0.1210872893	-0.1760396958	0.0815844847	-0.0696744347	-0.0714278374	0.0049902253	0.0847234627	-0.0425526074	-0.025444281	-0.0838920698	-0.2277997741	0.0532896229	0.1445349536	0.0178809756	0.0703864759	-0.0828738413	0.0848579909	-0.0238260485	-0.0669516558	-0.1676026921	-0.0468930639	0.0191955336	0.0812712441	-0.0367763585	-0.0196039556	0.088315177	-0.1830567154	0.0817064347	-0.1355678617	-0.128992343	0.0436254075	0.0734729529	0.0695005618	0.0088684214	0.0686458412	-0.129350901	-0.2418278678	0.0128530643	-0.0158265835	-0.1136976468	-0.1143000195	-0.1795587908	-0.1275348554	0.1478037069	0.1530709995	0.1022831367	0.0498319383	0.0590967564	0.1347048548	-0.0464477982	0.0883063182	0.0882126014	-0.0821045033	0.2127853201	0.1911006156	0.0582988442	0.0056869168	0.1114298236	0.0084997322	0.0015258973552931	-0.0028212129612371	7.959242572652206e-06	2.328362738890477e-06	-0.0197537879206777	-0.0226625749812256	0.0003902121372151	0.0005135923047796	0.0031654269240277	0.0822670504955169	0.0067678675972319	1.0019927611359466e-05	-0.000587000348994	-0.0006574719568056	3.445694097190778e-07	4.322693739858603e-07	-2.9586495076117103e-06	0.0005180449812146	2.683706025617268e-07	8.753606908891016e-12	-0.0001410005666373	-3.20188685012e-05	1.0252079400971372e-09	1.9881159792039683e-08
1310.765587807716	-2.582675694826776	1718106.426180907	6.670213744648969	1711.4025220278293	-13.379811604817633	2928898.5924032144	179.0193585804126	1308.5288450498838	-1.608828817831636	2.58833016508554	1712247.7383275828	1395.417328351936	1107.263015964411	1.180756	24.829538	0.1377236103320254	0.0754909831555508	-0.1703405654	0.07738417	-0.0455042222	-0.0001220772	0.167855739	0.0034213291	0.0719832209	-0.1351941445	-0.1551764941	0.0047624806	-0.1622298143	-0.1663302084	0.1559400079	0.0990853038	0.0339742182	-0.0351193091	-0.0029387214	0.0399292569	0.1723973199	0.0807962023	-0.1726783333	-0.1312357348	-0.1306085153	0.009758836	-0.0704744921	-0.0886118802	-0.0687088934	-0.0458769682	0.0743931945	0.0479604946	0.0943511421	0.0528344811	0.0111058766	-0.1340271425	0.0570471132	0.0951507499	0.0412170589	0.2754799555	0.1688588256	0.0885922251	-0.2178001795	-0.0261117001	-0.0539475813	-0.0779617461	-0.0082188031	-0.0045065544	0.1773027015	-0.1711606817	-0.0887600158	0.0032404021	0.030686596	-0.075096508	0.151245988	0.132851934	-0.1188142425	-0.0739080817	-0.0728060477	-0.0825704831	-0.0387829864	-0.2790709667	0.000422519	-0.1291687223	-0.1027289456	-0.0076730868	-0.0093234103	-0.115402254	0.0828294267	0.0670726495	-0.0041745337	0.0412841545	-0.0912207537	-0.0524253145	-0.0061456659	0.0712621223	0.0512353847	0.1805951094	-0.1028763937	-0.0954550868	0.1074583966	-0.0028345346	-0.0076784091853028	-0.0092043065405959	8.471925889325647e-05	5.895796761694241e-05	0.0029289793280184	0.022682767248696	8.578919903959118e-06	0.0005145079300585	-0.0556186318171683	-0.058784058741196	0.0034555655620883	0.0030934322052137	-9.598864566414062e-05	0.0004910117033298	9.21382009643594e-09	2.410924928068898e-07	-0.0001950055473198	-0.0001920468978121	3.688201095928509e-08	3.802716348549475e-08	0.0001169903882514	0.0002579909548887	6.655933280438324e-08	1.3686750943213312e-08
1314.1387064086891	3.3731186009731573	1726960.5396815029	11.37792909623111	1719.1706841247903	7.768162096961078	2955547.8411540994	60.34434236466273	1312.721060263144	4.1922152132601695	17.574668394290008	1723236.582058393	1399.8431822296757	1114.6166659806706	1.191018	25.045321	0.0311526449666017	0.015563157036872	-0.0084401571	-0.1403296331	0.0742830704	-0.0144239987	-0.0955175268	0.0053204457	0.079282528	0.1797557134	-0.0034958827	0.1442479283	-0.2201173712	-0.0944577573	0.012550002	-0.1875016369	0.0435232516	-0.0166407826	0.0822033754	-0.0216975457	-0.030129063	-0.1186851119	-0.2036597942	0.0354462486	-0.0397469989	0.1165955995	-0.0036937484	-0.0269622151	-0.0639638305	-0.1015706989	0.0190739065	-0.0610843783	-0.0260502398	-0.0899968645	-0.046348704	0.1285803707	0.0700694885	0.0759661588	-0.2036772426	0.052892853	0.1727321295	-0.1026835091	-0.0351668853	-0.0733586602	-0.0506358069	0.0162552603	-0.0255400834	-0.0500081208	0.0641330681	-0.0342432069	-0.029385933	-0.0227556967	-0.1778777887	-0.0519371979	0.0250191928	0.0108942763	-0.0635045446	0.1422772159	-0.073065652	-0.1408160566	0.2025536383	-0.0723349587	-0.0665869797	-0.0558568175	-0.0786152943	-0.1312170672	0.0663633222	-0.0576913603	0.011492621	0.1090958749	0.0793208425	0.0424423431	-0.072878475	0.1477132938	0.0054219332	0.0683710865	-0.0394605598	0.0804834455	0.0006712917	-0.0457369519	0.1033401944	-0.0141533203	0.0058852729907812	0.0135636821760839	0.0001839734741738	3.463643817601869e-05	0.0093840380391441	0.0064550587111257	8.806016992010345e-05	4.166778296407978e-05	-0.0604520305819562	-0.0048333987647879	2.336174361945322e-05	0.0036544480014817	-9.7997231743264e-05	-2.008586079123382e-06	9.60345742934299e-09	4.034418037248241e-12	-0.0001510018392367	4.40037080831e-05	1.93632632506268e-09	2.2801555452866193e-08	3.699257612154013e-05	-7.999781212985986e-05	6.399649945564353e-09	1.3684506881079411e-09
1314.8357778402549	0.697071431565746	1728793.122688788	0.4859085807051185	1727.5834436793784	8.412759554588092	2984544.5548751	70.77452332331323	1312.3138539907095	-0.4072062724344505	0.1658169483099599	1722167.6513759491	1399.9090428089935	1130.96821938985	1.212818	25.50374	0.043556504340059	0.0253362238860163	-0.1025415409	0.1462846029	-0.0023738713	0.1332044919	0.1283247787	-0.0697243621	-0.0892283539	-0.0385923121	0.0838896594	0.0690099232	-0.2550630496	-0.112750132	0.018526049	0.0132342656	-0.1301671257	0.2614410849	0.0711561696	-0.1137237788	0.2268118161	0.1147193885	-0.014018685	0.0544150618	-0.0542176189	-0.244666074	0.0122550671	-0.1094110831	-0.1750120472	0.0126228514	0.0647714156	-0.0668001435	0.001443106	0.0441279499	0.1141061462	-0.0923815689	0.1198869248	-0.0585933866	-0.0697335143	0.216794878	-0.0108815313	-0.2198134815	-0.1233643392	-0.0442868762	-0.0201385	-0.0179845534	-0.1696619741	-0.0820283373	-0.1365158469	-0.0358558857	-0.210431851	-0.1238232429	-0.0500644027	-0.0474532262	0.2159985493	-0.0017416188	-0.1204458126	-0.1395263835	-0.044451285	-0.1721463113	0.0072037322	-0.0885042725	-0.0772088216	0.0431594205	-0.0328765762	-0.0975028282	-0.0827704101	-0.086550804	0.002989688	-0.0710963516	0.108262425	0.0880878347	-0.1596316708	-0.1441926308	0.0879533523	0.0037684117	-0.1290960492	0.1980161196	-0.062085676	-0.0017344459	0.0990808418	-0.0253948054	0.004270928180631	-0.0016143448101501	2.6061091660588844e-06	1.8240827524108023e-05	0.0029074699632047	-0.0064765680759394	8.453381586937538e-06	4.1945934042277394e-05	-0.060387407709193	6.462287276320228e-05	4.17611568416903e-09	0.0036466390098363	0.0003090289826348	0.000407026214378	9.549891210829953e-08	1.6567033919093773e-07	-0.0002049556376848	-5.395379844810001e-05	2.911012366978199e-09	4.200681341878301e-08	0.0002840319349195	0.0002470393587979	6.102844479530715e-08	8.06741400541151e-08
1313.539914892852	-1.2958629474028385	1725387.108016721	1.6792607784515716	1722.863210473357	-4.720233206021476	2968257.6420025625	22.28060151922778	1309.1224634118985	-3.191390578811024	10.184973826523764	1713801.6242096375	1398.915451336547	1115.99833712175	1.241578	26.108524	0.0589284352239244	0.0305821484925309	-0.030052338	-0.1668472986	0.0023179897	-0.0336457141	-0.0715402771	-0.1244773505	0.1303452488	-0.1222804328	-0.0385488042	0.1716116071	-0.1313375999	0.0284505507	-0.0649105928	-0.0319866965	0.0359690022	-0.0720131532	0.0012289135	-0.181023262	0.1170221613	-0.0812435725	0.0347306032	-0.1044656796	0.0308967875	0.0570087466	-0.1860003199	-0.0265089249	-0.1679287612	0.0529145431	0.1296309164	0.0152443366	-0.055865584	0.1311592444	-0.0624295759	0.157411904	0.1462296368	0.0208061621	0.0329153379	0.08611549	0.1578353807	-0.0669581504	-0.0391354266	-0.0395257946	0.0064748789	-0.0765610004	-0.0273630353	0.1110846567	-0.042804291	-0.020570649	-0.1628625842	0.1376651237	-0.0574697269	-0.0520001866	0.1598169348	0.0095826022	-0.0924894787	0.1944502601	-0.0355496223	-0.087886337	-0.0427683191	-0.1884546839	-0.0196830076	-0.0292361795	0.065372534	-0.0827159304	-0.0991447034	0.0166920984	-0.0412986918	-0.1039076235	-0.0526627526	-0.1268811684	0.0470366304	0.0555755432	0.1120790505	-0.0804316633	0.0432633755	-0.0185088454	-0.0600456968	-0.1100417308	0.0946861568	-0.0364975928	-0.0008070221130509	-0.0050779502936819	2.5785579185104097e-05	6.512846909531397e-07	0.0253437252650172	0.0224362553018125	0.0006423044103086	0.0005033855519681	-0.0531276720237983	0.0072597356853947	5.270376222179329e-05	0.0028225495346682	0.0001459989831313	-0.0001630299995035	2.1315703075373626e-08	2.6578780738111216e-08	-0.0002350007422116	-3.0045104526800004e-05	9.02708306026338e-10	5.522534884000288e-08	-5.982839910906299e-06	-0.0002900147748304	8.410856961993129e-08	3.579437339953329e-11
1313.2627914610166	-0.2771234318354345	1724659.1594359817	0.0767973964722487	1728.8342651539604	5.971054680603402	2988867.916370434	35.65349399875579	1313.0978592331346	3.975395821236134	15.803771935501716	1724225.987922641	1400.7809054790728	1116.267149904622	1.140564	23.98435	0.0791804924943531	0.0386833769829228	-0.1172668401	0.0742671329	0.0655898507	0.1403667251	0.0787969451	-0.0545876371	0.0219748124	0.1202697523	0.1010538798	-0.1147516265	-0.1966347012	-0.1600981603	-0.0091586119	-0.1428976805	-0.063244795	-0.1944034022	-0.0107085173	0.0314563322	-0.0195142917	0.0706789533	-0.0489720377	-0.0508095461	-0.0712797833	-0.0910667621	-0.2036807624	0.0762244353	0.1421606585	0.1042207409	-0.0777549549	0.1292011615	0.106056695	0.055663853	0.157689009	-0.0631788498	0.1174339046	0.093383271	-0.1436773182	0.0478373114	0.1209723477	0.0255516014	-0.0324450296	0.0603770841	0.0199789484	0.0370250582	-0.0029654464	0.0596251749	-0.0678174417	0.0568896782	0.1335409865	0.0854998938	0.0867533611	-0.0998893779	-0.0796676968	0.1987808105	-0.1709745044	-0.0691676425	-0.1111064302	-0.0705713413	0.1945582977	-0.0800862656	-0.0030843764	0.0276076764	0.0022431029	-0.0797609691	-0.108772612	-0.0483747891	-0.0055886116	-0.0150659995	-0.013869358	-0.0139202779	0.0100705004	0.057874625	-0.0574826089	-0.1533397589	-0.1013722327	-0.0670511383	-0.1820524816	-0.1890105902	0.0901621419	-0.0474010431	0.0114434057744432	0.0122504278874941	0.0001500729834266	0.0001309515357185	0.0028524848753193	-0.0224912403896979	8.136669963925362e-06	0.0005058558942671	-0.0739640345196264	-0.020836362495828	0.0004341540020575	0.0054706784024204	0.0004440073976716	0.0002980084145403	1.9714256918710638e-07	8.880901513682328e-08	-0.0001629788982409	7.202184397070001e-05	5.187146008939858e-09	2.656212127181764e-08	9.603613600475496e-05	0.0001020189759156	1.0407871446880273e-08	9.222939418723792e-09
1314.115599700503	0.8528082394864214	1726899.8093762128	0.7272818933359294	1721.7763646874723	-7.057900466488036	2964513.8499964075	49.81395899485204	1310.620711620434	-2.477147612700719	6.136260295108872	1717726.6497284526	1399.4021222415386	1127.7851716324485	1.131417	23.792015	0.0351711726934463	0.0164750859270447	-0.0112261162	-0.1340359235	-0.0718583683	-0.0668039824	-0.0795457662	-0.1085306399	0.0633847606	-0.0919104108	-0.010745257	0.1132722469	-0.1999025308	0.0807434893	-0.0023940585	-0.1443044359	-0.1757928166	-0.0038695951	-0.0116888865	0.030357388	0.0215863946	-0.0424754634	0.1186197707	-0.0212985523	0.0579723881	-0.0280113264	0.1018626888	-0.0962334065	0.1411729126	-0.1692499444	0.1606448357	0.046688456	-0.197135377	0.1466352183	-0.0733824496	0.0930518389	0.0989836236	-0.0187255366	0.0328034353	0.1476967017	-0.0469430084	-0.1270423207	-0.0916018961	-0.0681552965	0.0129462125	0.2006114936	-0.0664756408	0.0636541986	0.0331182796	0.1311661881	-0.1370461814	0.0443031477	0.2066366432	0.0262955102	-0.1574333205	0.0704271967	-0.1299780147	0.1196623124	0.0281744886	-0.1503702707	-0.099800574	-0.1042079883	-0.0786391392	0.1756817135	0.0391118963	-0.0226251686	-0.1223770846	0.0403070233	-0.1257930303	-0.146127555	0.0001035419	-0.0649520108	-0.1291181151	0.0248387152	-0.1798247418	-0.1738627478	-0.0039981575	-0.0534937014	-0.0822187148	-0.0577634037	0.0855149763	-0.0580456054	0.0054655581783009	-0.0059778475961423	3.5734661882704285e-05	2.987232620039185e-05	0.0092131033850222	0.0063606185097029	8.488127398310753e-05	4.045746782597514e-05	-0.0716824544000545	0.0022815801195718	5.205607842025723e-06	0.0051383742688158	0.000339000383398	-0.0001050070142736	1.14921259943991e-07	1.1026473046656031e-08	2.499626630614316e-05	0.000187975164547	3.533466248648795e-08	6.248133292476276e-10	-2.200421453518741e-05	-0.0001180403505399	1.3933524355592473e-08	4.841854573105528e-10
1312.4947509082888	-1.6208487922142467	1722642.471161811	2.627150807222382	1729.272980943238	7.49661625576573	2990385.0426203124	56.19925528621099	1311.844467080606	1.2237554601720149	1.49757742630082	1720935.905809999	1399.6327951725698	1111.5438526805583	1.149576	24.173853	0.0373039382887391	0.0174647259874392	-0.142001679	0.0491053333	0.0952983174	0.1469351726	0.0546544397	-0.0243153686	0.0562844842	0.0003804236	0.0847914021	-0.0835686733	-0.1687939642	-0.056063264	0.0048400178	-0.000944338	0.0982519718	-0.009661907	0.1852096063	0.0619567642	-0.0257840758	0.0949795389	0.0161691913	-0.1564194749	0.0222725546	-0.0192820638	0.1753572919	-0.0126277306	-0.1804860616	-0.0098409288	-0.0397082399	0.1059022475	0.116258759	0.0237891435	0.1346646857	0.0145946419	0.0768753137	0.070542193	-0.0334290787	0.1085236058	0.1514486245	0.1017462922	-0.0054329259	-0.0168381751	0.0259264232	0.0231193447	0.0260450129	0.0184930043	-0.1939784757	-0.0541696152	-0.1218501146	0.0390281619	-0.0632355103	0.2661193991	-0.0421645508	-0.0705440496	-0.1511614204	-0.0351449253	-0.1667485785	0.0035139104	0.0655714245	-0.1920841814	0.0527053122	0.053785958	0.07403588	0.0206116198	-0.0562031754	0.0383069513	-0.041540259	0.0050320402	-0.0794918229	-0.1323395701	-0.0537222062	-0.1045102838	-0.12019439	-0.2867396817	-0.0600506273	-0.0982158186	-0.0584754871	-0.0318204727	0.0807510076	-0.0683731426	0.0077862755030082	0.0023207173247073	5.385728901196608e-06	6.062608620874559e-05	0.0191131641996236	0.0099000608146014	0.0003653130457217	9.801120413280617e-05	-0.0813666974447926	-0.009684243044738	9.37845633495582e-05	0.0066205394530724	0.0002570002212403	-8.200016215769996e-05	6.604911371756315e-08	6.724026593889089e-09	-3.9774926681168665e-06	-2.8973758974260026e-05	8.394787090985134e-10	1.582044792492343e-11	0.0001750002064267	0.0001970044209618	3.881074187852855e-08	3.062507224938761e-08
1313.958176025288	1.463425116999133	1726486.0883437016	2.141613073063926	1724.3323397878871	-4.940641155350932	2973322.018038369	24.409935025947387	1311.9774474272856	0.1329803466796875	0.0176837726030498	1721284.822557816	1399.5722051223652	1119.960064406245	1.105575	23.248592	0.0520159918824069	0.0224580802898333	-0.0313563707	-0.1433104688	-0.0289317525	-0.0341318208	-0.0273088732	-0.1090334852	0.097924755	0.0910883618	0.0232412044	0.1222289644	-0.1800496232	-0.0572486458	-0.0719631727	-0.0552770959	-0.0568494862	-0.104916761	0.1515653564	0.0629988153	0.0144516718	0.1566632732	0.0566604609	0.1066371516	0.0175543154	-0.1274959706	-0.0025530316	0.1447821914	-0.0911157817	-0.027251797	-0.1084077798	-0.0620119566	-0.0151574486	0.0605202185	-0.0790676461	0.066731207	0.1625874851	0.0546604397	-0.104674729	0.0284264141	-0.0330627164	-0.0933177152	-0.0558042844	0.0142034648	0.1791172722	0.2094482644	-0.0071228414	-0.0978017782	-0.1645480795	-0.0027616382	-0.1354998984	-0.110424834	-0.1678120774	-0.1214086202	-0.0491257097	0.0289655091	-0.1395733376	0.1501021235	0.0108577807	-0.118614878	0.137896303	-0.0428823134	-0.0866540709	0.1421162254	0.067246847	-0.0420031749	-0.0764255998	0.0461240852	0.0477293234	0.0046959246	-0.0567063922	-0.0934681065	-0.0906517782	0.1940983335	-0.1080085258	-0.048193076	0.1262374221	-0.0954188973	0.1017809593	0.0273840315	0.0758767427	-0.0783272495	0.0154962717488729	0.0077099962458647	5.944404211124777e-05	0.0002401344381149	0.0020150614702316	-0.017098102729392	4.0604727288119375e-06	0.0002923451169448	-0.0710584657673862	0.0103082316774063	0.000106259640315	0.0050493055572147	0.0004559993318707	0.0001989991106303	2.0793539066652483e-07	3.9600646031690174e-08	1.601276181650846e-05	1.9990254484625325e-05	3.9961027436008286e-10	2.564085409922313e-10	5.599634694684918e-05	-0.0001190038594798	1.416191857110008e-08	3.135590871391905e-09
1314.947211351334	0.989035326046178	1729086.16864065	0.9781908761672696	1720.5342855507372	-3.798054237149927	2960238.2277555857	14.425215988332512	1312.7507176579657	0.7732702306800547	0.5979468496559851	1723314.446711504	1399.6410510376795	1126.529906806871	1.15411	24.269209	0.0370993184592289	0.0158372929809607	-0.1000700279	0.1211876203	-0.0159909824	0.0714984901	0.1206566757	-0.0378448982	-0.0343201902	-0.1184070696	0.0344338561	0.0789467604	-0.1594829715	-0.1188562764	0.1021340769	0.0259754311	-0.1129225363	0.1287171712	0.0464630112	0.0806602815	-0.1669080003	-0.0979360564	0.1027295651	-0.0784822599	-0.0889309644	0.1435082395	0.2431937852	-0.0707962856	0.1610494873	0.1162752432	0.0688287861	0.2028374053	-0.0300441718	-0.0886153458	0.072426935	-0.087727	0.0558120512	-0.0437217223	0.0302036241	0.1815203999	0.1276217821	-0.1302057334	-0.0418449754	-0.1665281863	0.0083262594	0.0635648547	-0.0145127624	-0.0572241269	-0.0552722378	0.1045591606	0.0873308335	-0.0042433804	0.1517845544	0.2256886207	-0.1482145222	-0.1928874748	-0.1423863615	-0.0979074021	-0.0719054683	-0.1004004533	-0.0704065857	-0.139113889	-0.0722319493	0.2388047102	0.022641446	-0.0648928651	0.0117986043	0.0102807372	-0.0102913614	0.029180678	0.0175462821	0.0508015988	-0.0358207447	-0.1046642621	-0.013501786	0.0738816771	0.03623257	0.0780058812	0.0012715418	0.0864078914	0.0708988393	-0.0878535601	0.0090014951184116	-0.0064947766304613	4.218212347958624e-05	8.102691436678786e-05	0.0007167681791599	-0.0012982932910717	5.137566226561986e-07	1.685565469641786e-06	-0.0764152410816692	-0.0053567753142829	2.8695041767711698e-05	0.0058392890695696	0.0003580217639305	-9.797756794019998e-05	1.2817958344790668e-07	9.599603819476505e-09	-0.0001979600635908	-0.0002139728254073	4.578437001278651e-08	3.918818677687359e-08	0.0002230354180676	0.0001670390711207	2.7902051280883253e-08	4.9744797712589116e-08
1313.628091682612	-1.3191196687221236	1725618.7632577007	1.7400767004095652	1730.8048818986967	10.270596347959554	2995685.5392043614	105.48514934272012	1313.289600929054	0.5388832710882525	0.290395179858775	1724729.5759083936	1401.6586236326486	1115.211960813151	1.125658	23.670893	0.0916763893703696	0.0433456983039723	-0.0592502996	-0.0867567041	0.1336440356	0.042515735	-0.1204239916	0.0048748091	0.0778798227	0.032186604	0.0253280768	-0.0060379117	-0.1124838357	-0.0076768073	-0.0091726729	-0.0624475496	-0.2064968818	-0.1004375887	-0.0957053995	-0.0095900258	-0.0930209324	-0.0477752688	-0.0203078915	-0.0038407147	-0.0761567976	0.1989941654	0.0460870126	-0.0386674845	0.0304669243	0.1144354329	0.2703944998	-0.0020141003	0.1689929393	-0.038662469	0.019760634	0.1145000605	0.0643893595	0.1173016831	-0.09807917	-0.1066530346	0.1489933706	-0.0562625792	-0.0481723052	-0.2813603087	0.1441293586	0.0379717303	0.0006543341	0.1928751031	0.0231433	-0.1103429204	0.1402962599	-0.112603415	0.0677185685	-0.0151711466	-0.0269751645	-0.1003575399	-0.0995881165	0.1206966398	-0.1286969631	0.0443350323	0.1787338351	-0.0552730716	-0.0409730541	0.1659403968	-0.0080734278	-0.0522196269	0.1278381824	0.198482684	0.0291868776	0.0683046854	0.0748585098	0.0117379999	0.1103451856	-0.0565731236	0.0032448214	0.0299632003	0.1052640291	-0.1278147719	0.1124058685	0.1478775669	0.0658240966	-0.096900045	0.0219402493468265	0.0129387542284149	0.0001674113609833	0.0004813745414009	0.026624338275667	0.0259075700965071	0.0007088553886171	0.0006712021883054	-0.1044468014792983	-0.0280315603976291	0.0007857683783259	0.0109091343392559	0.0004750000976485	0.000116978333718	2.2562509276608455e-07	1.368393055943978e-08	-2.899687015833763e-05	0.0001689631934324	2.8548560734895696e-08	8.408184789794912e-10	1.3006852261691643e-05	-0.0002100285658059	4.4111998454486775e-08	1.69178205757473e-10
1310.716201807012	-2.9118898755998543	1717976.9616794002	8.479102647620936	1713.2481398932678	-17.556742005428987	2935219.188847742	308.23918984519463	1308.8626289161475	-4.42697201290639	19.59808120305645	1713121.3813732888	1396.9169609325843	1114.2338877736	1.170561	24.615152	0.095633045887971	0.0415445088485669	-0.1619050315	0.0862009015	-0.0709792106	0.0015864324	0.1819363384	-0.0125489593	0.04702509	-0.1442504231	-0.1156145289	0.0685196218	-0.1019416814	-0.0164769671	-0.0683577004	0.1189992857	-0.2322950056	-0.0823285721	-0.1403231649	-0.059778783	0.0489534149	-0.0576657341	0.0593930197	0.0087176255	0.0450352454	-0.2134403446	-0.0835473687	-0.0550382213	0.0986841711	0.2085534271	0.0390234767	-0.0250439115	0.2325125093	-0.173151544	0.0016499224	-0.090561958	0.0775200271	0.0569899071	0.1262716948	0.0452045381	-0.0034588085	-0.1089813935	-0.0871971022	-0.1791422719	0.2151566723	-0.0892021192	-0.0728097279	0.0644929334	-0.0208724667	0.0177594745	0.0268014802	0.0079360318	0.1379543052	-0.1400696406	-0.0395418605	-0.0444313113	-0.169288427	-0.099003615	0.041319011	0.0159556759	-0.048462601	-0.0647270915	-0.1541183332	0.2234080224	0.0250819437	0.0504730731	0.1157883225	0.0848416566	0.1380337228	-0.0268107571	-0.04150812	-0.0581282261	-0.1282425646	-0.1010055178	-0.0045452412	0.1940838678	-0.0770142243	-0.317621761	-0.0545591403	0.2129118355	0.0606594461	-0.1054172954	-0.0003218753869447	-0.0222621247337712	0.0004956021976619	1.0360376472080037e-07	0.0146418993745527	-0.0119824389011143	0.0002143852172945	0.0001435788420189	-0.0733636328886575	0.0310831685906407	0.0009661633696341	0.0053822226306217	0.0007210108525128	0.0002460107548642	5.198566494412346e-07	6.052129150890269e-08	-0.0003389769743062	-0.0003099801041478	9.60876649675196e-08	1.149053891097862e-07	6.31222664984245e-05	5.011541423673285e-05	2.5115547441193252e-09	3.984420527898123e-09
1311.1455203230798	0.429318516067724	1719102.5754632798	0.1843143882385925	1706.3349650754767	-6.91317481779106	2911579.0130391284	47.791986061340445	1308.69221562566	-0.1704132904874313	0.0290406895747536	1712675.3152391992	1395.377782547714	1097.1567894892514	1.21145	25.474979	0.0721846097584708	0.0313087631634573	-0.0463500941	-0.1813753916	0.046536485	-0.10988781	-0.0534314734	0.1222915067	0.1047745028	-0.0772954935	-0.1792752375	0.0464759253	-0.0372538494	0.114236158	-0.0407749829	0.1762827125	0.0707116984	-0.0382748607	0.1893826875	-0.1194502123	-0.075914933	-0.0218819031	-0.1810583158	-0.0130908288	0.0366522217	0.2029999742	0.0261955529	0.0217954747	0.0678988779	0.0468368101	-0.0993144972	-0.1302558644	0.0738721545	-0.0585089916	-0.1012674697	0.1038950561	-0.095395914	0.1083444285	0.1004885612	0.1022680949	0.1005845243	-0.0485708711	0.0015843828	0.0542286687	0.0618040628	-0.1771988522	0.1936737638	0.019316587	-0.0454369412	-0.1514362268	0.0284341981	0.0653429095	-0.1190314825	0.1701479575	-0.1214320246	-0.1703393829	-0.0374589273	0.1806750281	-0.0695129274	0.0705694801	-0.0183823731	-0.0779608268	-0.0658996831	0.1187932863	0.1542425987	0.0933533336	0.1599395756	-0.0316262289	0.0623481267	0.1240388904	0.0197676101	-0.1506632256	0.1908186315	-0.0531022385	0.2000844	0.0616251228	-0.0884640057	-0.0685799596	0.068982391	-0.0719231193	0.0554119421	-0.1133587932	0.0028984443759441	0.0032203197628888	1.0370459375252177e-05	8.400979800441984e-06	0.0244036423199389	0.0097617429453862	0.0005955377584795	9.529162533179728e-05	-0.0873361334086695	-0.0139725005200119	0.0001952307707817	0.0076276001987769	0.0002569991930088	-0.0004640116595039	6.604858520717444e-08	2.1530682015565598e-07	-1.900749943817281e-05	0.000319969474868	1.023804648473211e-07	3.6128503489213964e-10	-5.749752973322622e-05	-0.0001206197962316	1.454913524296494e-08	3.305965925423233e-09
1315.120374915018	3.974854591938083	1729541.6005166173	15.799469027051265	1701.8536207985744	-4.481344276902291	2896305.746625218	20.08244652812492	1311.36584835568	2.6736327300200173	7.148311975034291	1719680.3882336123	1396.372926402252	1115.9949890241642	1.217576	25.603807	0.0719070923406548	0.040762181164447	-0.0620508634	0.0993892459	-0.0220244698	-0.0102091375	0.1903420306	0.2107781578	-0.0635311017	0.1288598878	-0.0029312586	-0.0868935912	0.0165633722	-0.0978509807	-0.1618455691	0.0092492221	0.010989068	0.0725584951	0.0489322751	-0.1427925616	-0.1718296393	-0.0834537952	-0.1125230374	0.1781020082	-0.111953274	0.0575772234	-0.129210635	-0.029382992	-0.0489352814	0.0763169513	-0.112868327	0.02635609	0.0426343966	0.204434822	0.0357314921	-0.2015527913	-0.098665604	0.054311472	-0.1641993345	0.0142969338	0.0788553608	-0.0949200186	0.0725725428	0.1245874837	0.1976521262	-0.1561467211	0.2335286194	-0.0982733335	-0.0272885605	0.1139874716	-0.1053938185	-0.0032563924	0.1633276921	0.1103198743	0.1144980982	0.0696506193	-0.0641565377	-0.1441982859	0.0221031582	0.0191260263	0.1862077474	0.0638117651	-0.0676216641	0.105507008	0.2183428762	0.1151098294	0.0744353373	-0.1052143614	-0.0002980673	0.0211465825	-0.0897062011	-0.0402459634	0.122976702	0.0094455068	0.0393401607	0.1326345695	-0.0458575204	-0.0139141835	-0.0006663645	-0.12431872	0.0500887521	-0.1206811645	0.0066856032914586	0.0037871589155145	1.4342572651360966e-05	4.469729137076207e-05	0.0149016288162187	-0.0095020135037202	0.0002220585413763	9.028826062488104e-05	-0.1149750286655972	-0.0276388952569276	0.0007639085310234	0.0132192572166548	0.000358988954802	0.0001019897617932	1.2887306966983241e-07	1.040191151063368e-08	-0.0005210071516257	-0.0005019996521875	2.520036507963983e-07	2.714484520451252e-07	-4.1906450424104375e-05	1.5591079309121845e-05	2.430817540233273e-10	1.7561505871479176e-09
1320.4265030736044	5.306128158586489	1743526.1500191877	28.15499603534445	1716.7682308046158	14.914610006041356	2947293.1583000105	222.44559163230895	1315.2235580031936	3.857709647513502	14.88192372451875	1729813.00752658	1400.8527173752752	1149.660878453133	1.274141	26.79327	0.0764124010380833	0.0414905494162086	0.1488022866	-0.0847240329	0.0237022822	-0.1102516781	-0.1724628553	0.0049317579	-0.134237324	-0.1700625125	0.1358961244	0.1415943022	0.0510203581	0.0806587521	-0.0674321915	0.0500133259	-0.1572166647	-0.0263097159	0.0807559175	-0.0133591007	-0.0147620817	-0.13186616	-0.0553886857	0.1295436053	-0.0443412546	-0.0847001368	0.027118996	0.3238308628	-0.1435082042	-0.2028030552	-0.0143643281	0.1282432046	0.1204638221	-0.0197497973	-0.0546664323	0.1396487458	-0.0418831238	-0.1667516068	0.0839754367	0.0037223424	0.0770293068	-0.2196653436	0.0948791566	0.0724406286	0.1954644547	-0.0280732229	-0.0239919243	-0.0132058649	-0.1175116253	0.0883253812	0.1699451707	-0.0842609046	-0.0397129159	-0.2340561092	0.0403531238	-0.0019306005	0.0938443078	0.1139629665	0.0034133672	-0.05608882	-0.0544261504	0.0742918406	-0.0552331217	0.1627718876	0.2595960159	-0.1355294327	0.0197017667	-0.0095101082	0.0981541217	0.098945981	0.2051595746	0.2832163631	0.1967119336	0.0762080845	-0.057313027	0.0904877513	0.065598718	0.0963884626	0.1195286047	0.1235422274	0.0446971468	-0.1273444172	0.0055595061240296	-0.001126097167429	1.2680948304916188e-06	3.090810834312262e-05	0.0171836933326972	0.0022820645164784	0.0002952793165521	5.2078184573702464e-06	-0.0947670934317912	0.020207935233806	0.0004083606464136	0.0089808019975098	0.0001759917881298	-0.0001829971666722	3.097310948912441e-08	3.3487963010052964e-08	6.902117365559235e-05	0.0005900283252812	3.481334246342466e-07	4.763922412795435e-09	0.0002409941400298	0.0002829005904539	8.003274407916776e-08	5.8078175528702857e-08
1318.5783876061314	-1.848115467473008	1738648.9642619854	3.4155307811129743	1738.0844075693249	21.3161767647091	3020937.407835611	454.379391864324	1314.3970775707348	-0.8264804324587658	0.6830699052372285	1727639.6775264884	1403.0990811956008	1146.4700807485224	1.239132	26.057091	0.10729829222782	0.0564012225760755	-0.0376150918	0.1571369553	0.0434040361	0.1642850339	0.0977227505	-0.1039988573	-0.1104553312	0.0044095328	0.116383074	-0.0529578108	0.0794739381	0.0066880597	-0.0782960292	0.0599520468	-0.0174073966	-0.0375293755	0.132725103	0.0577784022	-0.1000891031	-0.1201252547	-0.1709967009	0.0728258565	0.1914142239	-0.0242012124	0.1740417861	-0.176474162	0.05332688	0.2605399524	-0.009842592	0.2522079147	0.0048479549	-0.0333481365	0.1627763712	-0.0414039162	0.0493630765	-0.0279792542	0.0671191017	-0.1391618462	0.1373445951	0.0145117002	0.0461977925	0.0702986593	0.2579329352	0.0240810191	0.0652668897	-0.2688429516	0.0647632819	0.0901411119	0.0139131221	-0.1172826474	0.0769664802	0.1382399563	0.0273316684	-0.2705142313	-0.0287543994	-0.1268669353	-0.0040461648	0.1653594439	0.0527411591	-0.0544695348	0.0906075974	0.0046896755	0.2058709506	-0.0413960287	0.0328993277	0.186966763	0.1126338361	0.1118618229	0.0724463479	0.1230393981	0.1153668972	-0.06486376	-0.0504296751	0.0980134443	-0.097060426	0.2187063994	-0.1041022495	-0.026720054	0.0392444906	-0.1333121588	0.0105557757517971	0.0049962696277675	2.4962710193352e-05	0.0001114244017222	0.050050923239894	0.0328672299071968	0.0025050949171657	0.0010802548017725	-0.1266046458110423	-0.0318375523792511	0.0010136297415015	0.0160287363409394	0.0005840115119916	0.0004080197238618	3.410694461387148e-07	1.6648009506025953e-07	-0.0001709597849786	-0.0002399809586341	5.759086050698594e-08	2.9227248079929153e-08	0.0001370500162537	-0.0001039441237761	1.08043808675812e-08	1.878270695513943e-08
1315.6420316666556	-2.9363559394757885	1730913.9554879651	8.62218620329474	1719.991133953892	-18.093273615432963	2958369.500879995	327.3665501229226	1309.9664908744194	-4.4305866963154585	19.63009847356753	1716012.2072138402	1397.3223407514945	1143.8818431397085	1.234485	25.95937	0.1156238330206185	0.0625105167876639	0.0353742265	-0.086845687	-0.1306338453	-0.0866635768	0.0071990925	-0.0614824771	0.0772160273	0.0106313246	-0.1011535249	0.0778513899	0.092127634	0.1829884515	-0.2317594353	0.1838765433	-0.0363144095	0.0141769257	-0.0182989411	0.1829367379	-0.0538687162	0.1070245579	0.1084864738	0.1240873415	-0.0525611205	-0.1276481915	-0.0643386854	0.0367398854	-0.0535666763	0.1055353524	0.0177283922	0.0455274184	-0.0688112356	0.198826894	-0.1326924548	0.020993255	-0.025586822	0.0025923071	0.1309186952	-0.0225225191	-0.3089012258	0.0043036483	0.022264013	0.0702578656	0.2618447814	0.0880667091	0.0376775906	-0.0005400844	-0.1741312314	-0.0564983483	-0.0411334057	0.145412275	0.1004448948	-0.0202910418	0.1386946183	0.0017285191	0.0321101767	0.0224983803	0.1787046139	-0.0209695482	-0.0886430933	0.1391066673	-0.1385536012	0.0314318535	0.1695257702	0.1319240197	-0.0118533399	0.2010295492	-0.0059148768	0.0947414851	-0.0886087598	-0.0253277885	-0.029092004	-0.0092458408	-0.053621247	-0.030600229	0.1558742107	0.1271855722	-0.0299723168	-0.0888099188	0.0337382312	-0.1385517956	0.0029847813787995	-0.0075709943729976	5.731995579596132e-05	8.908919879228245e-06	0.0327417355316725	-0.0173091877082215	0.0010720212456259	0.0002996079791184	-0.0785104743754914	0.0480941714355509	0.0023130493260721	0.0061638945866646	0.0002569965183911	-0.0003270149936005	6.604721046514702e-08	1.0693880603953505e-07	-2.903171920642933e-05	0.0001419280657721	2.0143575853829608e-08	8.428407200809576e-10	-0.0002469965144506	-0.0003840465307043	1.4749173774600884e-07	6.100727815074545e-08
1318.2655939712315	2.6235623045758985	1737824.176248324	6.8830791659916	1720.1943113682637	0.2031774143717939	2959068.468863735	0.0412810617108076	1310.2474556587838	0.2809647843644143	0.0789412100529418	1716748.395060317	1396.6918364044805	1136.8906230064647	1.150377	24.190706	0.0798615047465319	0.0477732527941164	0.0711976442	0.0166239487	0.1103889886	-0.0074836744	-0.0701733009	0.1437180105	-0.0272053603	0.0296333483	-0.0414782377	-0.1963103753	0.0340217913	0.0539276602	-0.1720348558	-0.1033720896	0.1760319513	-0.1279994849	0.0199113237	0.0662282548	-0.0729135355	-0.0740236689	0.1002742657	-0.1418822828	-0.1606579087	0.072736497	-0.0356952699	-0.1431333816	-0.0359898719	0.0187057505	-0.07555388	0.0926041274	0.0679195879	0.1056876183	0.035269705	0.0088385602	-0.1953816813	0.0799018219	-0.0538956493	-0.0359036196	0.1167909431	0.2425013251	0.2061990497	0.0274897961	0.1938275763	0.065666346	-0.0220627513	-0.0778619733	-0.003718785	-0.038399327	-0.1009114828	0.0241616611	0.0721173111	0.1240128335	0.0389047423	0.2323217719	0.1246769408	-0.0279639401	-0.0882482019	0.1996678553	0.0546972651	-0.0010443794	0.0543364844	-0.0020237442	0.2141549273	0.1329875852	-0.0209471459	0.0233351755	0.0643228058	0.1056655582	-0.136001161	-0.0458263853	-0.1736518148	0.246113984	0.0678170925	-0.0492140934	0.0647511386	-0.0402749249	-0.1239218258	0.0935131269	0.0281858894	-0.1430347106	0.0081018492472821	0.0051170678684826	2.6184383570657064e-05	6.563996122568554e-05	0.0531006271358336	0.0203588916041611	0.0028196766022188	0.0004144844673499	-0.1199450775414661	-0.0414346031659747	0.0017168263395218	0.0143868216264283	0.0002569859930229	-1.0525368200002116e-08	6.604180060996602e-08	1.1078337574561578e-16	-0.000189019006864	-0.0001599872876575	2.5595932212026264e-08	3.5728184955852884e-08	-0.0001479754853181	9.90210291325e-05	9.805164210459413e-09	2.1896744255127232e-08
1321.257123758666	2.991529787434501	1745720.3870830229	8.949250469107914	1705.890963107179	-14.303348261084691	2910063.9780107387	204.5857714778745	1314.0912996034365	3.84384394465269	14.775136270843152	1726835.9436934486	1397.676174005086	1161.112947649478	1.20856	25.414213	0.0889729821107316	0.0483224214686742	0.1773104802	0.0168618579	-0.1736007425	-0.1756191552	0.0592266191	0.0260113839	-0.1489847315	0.0246440594	0.0389432605	0.1378750741	0.1660466548	0.0650099841	-0.0367984672	0.1996293808	0.0106288456	0.0986518756	0.097900977	0.0257141495	0.0570172107	0.0421985681	0.1749107415	0.0443608829	-0.1471081997	0.1607598516	-0.0412635148	0.002156054	-0.0519432451	0.1309288382	-0.1381331727	-0.1046302822	-0.0810594326	0.0781552978	-0.1662328143	-0.1209928612	-0.1079819461	-0.221077656	-0.0407193871	0.028371868	-0.1732506695	0.0195922596	0.0562482455	0.013225746	0.1031329466	-0.0778088274	-0.0709498624	0.0760209975	-0.0425145573	-0.0414393731	-0.0772811118	0.1181283026	-0.1906764216	0.0056638458	-0.0183762318	0.0423525563	0.1340100766	-0.0689583228	0.2119561315	-0.1151857199	-0.0865851098	0.1432067988	-0.0086023297	0.0485494422	0.1651873092	0.0506271383	-0.0055525712	-0.0928754797	-0.0150340294	0.2597277312	-0.0918610982	-0.0160539356	-0.1695703329	-0.0277226021	0.0430617862	-0.1526857327	-0.0404423213	0.2317799701	0.0146003923	-0.0106558816	0.022595049	-0.1467364196	0.0095522725189169	0.0014504232716347	2.103727666899794e-06	9.1245910275655e-05	0.0144468358452627	-0.0386537912905709	0.0002087110659399	0.001494115581135	-0.109925480665403	0.0100195968760631	0.0001003923215588	0.0120836112995198	-4.600219555426368e-05	-0.0003029881885771	2.116201995812717e-09	9.180184241727089e-08	8.399878506692993e-05	0.0002730177919309	7.453871471084054e-08	7.05579589272029e-09	5.3001947623064026e-05	0.0002009774329411	4.0391928551620094e-08	2.809206451838022e-09
1325.109458580007	3.8523348213409454	1755915.0772181991	14.84048357571598	1733.9787714898923	28.08780838271332	3006682.379977596	788.9249797440207	1315.1953769993138	1.1040773958773116	1.218986896087226	1729738.8796803672	1403.0978706513474	1172.2372538298662	1.256514	26.422615	0.0481583850653484	0.0206075915470796	0.1932944542	0.1452304878	0.1091303598	0.0916557064	-0.16308845	0.0856591489	-0.1833685816	-0.0169219461	0.1396462692	-0.0431628812	0.0860659942	0.0608892306	0.0890522677	0.1225218125	0.1223896215	0.0287275192	0.0570126932	-0.0701718608	0.0635382496	-0.0383647897	-0.0048669962	-0.0025758752	-0.0895453459	-0.0591708722	0.0966215615	0.0158845523	-0.0563348357	0.0319179881	-0.0773971236	0.1191597551	-0.0011896645	-0.0817031161	0.1469203917	0.0353567058	-0.1458767975	-0.1645607956	0.0759532339	0.0226941207	0.0685193523	0.0812862573	0.0886596477	0.0198565576	-0.0733067689	-0.1520141447	0.0292871807	0.0807801684	0.0225146711	-0.0154719224	-0.0284511345	-0.1183123535	-0.0135150771	-0.0261325599	0.2050384343	-0.0924922912	0.2034663256	-0.0851532251	-0.1123108846	0.0305806966	-0.0998684068	-0.0003781942	0.2219213361	-0.0380318307	0.1909781405	-0.0816995197	-0.053561634	-0.0795557248	-0.0332945395	0.0540072018	-0.0617887521	-0.0541084453	-0.0479177021	0.0367456709	-0.0907103443	-0.0504361009	0.1181422786	0.0091141331	-0.033261604	0.1273331196	0.0169733466	-0.1496367051	0.0045315542162143	-0.0050207183027025	2.520761227509287e-05	2.05349836144896e-05	0.0265008420203827	0.01205400617512	0.0007022946277892	0.0001452990648698	-0.0990417816567656	0.0108836990086374	0.0001184549041106	0.0098092745137464	6.999742512957651e-05	0.0001159996206838	4.899639524770669e-09	1.3455911998794806e-08	-9.800227995304668e-05	-0.0001820010650199	3.3124387668405756e-08	9.604446875995336e-09	-5.299659825088825e-05	-0.0001059985458739	1.1235691727392364e-08	2.808639426166052e-09
1323.410974839618	-1.6984837403890651	1751416.6083259478	2.884847016366029	1744.9241977842514	10.945426294359097	3044760.456013013	119.80235676524748	1317.3151684735271	2.1197914742133435	4.49351589414758	1735319.2530904373	1406.5875877841206	1178.0619844612766	1.217402	25.600142	0.1044967059564238	0.0504950992668895	0.1741576841	-0.0252827886	-0.0407423795	0.029657921	-0.1273979988	-0.1701105136	-0.099862135	0.1417645381	0.1349589801	0.1146313241	0.1725537948	0.1077869167	0.066538517	-0.0391945159	0.0623154228	0.0885821147	-0.0961006261	-0.149186136	0.0607484856	0.1319413156	-0.175276051	0.1713987556	0.0378239972	0.1105074524	-0.0175231209	-0.0332905765	-0.0037654323	-0.0482660418	-0.0087597799	0.1196003631	-0.1251494177	-0.0509952556	0.0043909216	0.1024965704	0.1075207282	-0.165908827	-0.0564225308	-0.1289093025	-0.2066742133	-0.0394530959	-0.0487266761	0.2465950702	-0.0977758593	-0.194366615	-0.0082432267	-0.0755617176	0.1402651391	-0.0290746158	-0.0422882281	-0.1703847787	0.056665906	0.0720991713	0.087581297	0.0796452337	0.1169254562	0.0616920326	0.1126718504	-0.1533810278	0.0430246881	0.2481567639	0.0691815205	-0.114911616	0.1084597313	-0.200130615	-0.0400536716	0.0225412111	0.2418979362	-0.0317722423	-0.0416334239	-0.1202763237	-0.0674689299	0.1011281562	-0.0741272829	0.1347408821	-0.0590407638	-0.0813836304	-0.030274891	0.0384560985	0.0113284606	-0.1517197269	0.0051808680057234	0.000649313789509	4.2160839724666773e-07	2.684139329272836e-05	0.0044916292710723	-0.0220092127493104	2.017473350875348e-05	0.0004844054458444	-0.0570977449375078	0.0419440367192577	0.0017593022163064	0.0032601524769486	0.0006029881434796	0.00053299071835	3.6359470117697467e-07	2.840791058472741e-07	-7.90897926965517e-05	1.8912487256494983e-05	3.5768217422708514e-10	6.255195308783522e-09	-0.0002989762466113	-0.0002459796483604	6.050598740751183e-08	8.938679603778089e-08
1318.5131942719795	-4.897780567638392	1738477.0434692989	23.988254488736253	1748.535095645883	3.610897861631656	3057374.9807053576	13.038583367136068	1313.0930779534417	-4.22209052008543	17.82604835979526	1724213.4313692434	1402.927163798697	1148.193452651468	1.226578	25.793093	0.0491224769891419	0.0236196384980525	-0.0261002477	0.1586045276	0.0966195063	0.2234155613	0.014696134	-0.0833729147	-0.0266178603	-0.0040581859	0.1194692889	-0.1874529898	-0.0108533998	0.0474714205	0.0181233228	0.1841716916	-0.0365874531	-0.1669989215	-0.0351186799	-0.1106433851	0.0941285868	-0.1036229805	-0.0291056221	0.0166082026	-0.1187135814	-0.0439518266	-0.0861793521	0.0491422249	0.1215871077	-0.0489788912	-0.0568131143	0.1219899139	-0.0578108379	0.0626633231	0.2009068953	-0.0154956556	0.0357048041	-0.0279093159	0.1404926353	-0.0003648788	-0.0893010693	0.1143216769	-0.0804760751	0.1227642842	0.0722616549	-0.0949905829	-0.0436126505	0.1472421398	-0.0536471048	0.1602687875	0.077404006	0.0717970198	0.0994524933	-0.0719996803	-0.1019991627	0.1364091241	0.0400621826	-0.1531435437	-0.0829307997	-0.0277960323	-0.1453659948	0.0778275752	0.0974317744	-0.1295319349	0.041320372	-0.0005255799	-0.0460369391	0.0879078483	0.093759994	-0.071511054	0.057716077	-0.012731797	-0.0522697066	-0.1425210003	-0.1174153348	-0.1251788806	-0.1296710894	-0.011288705	0.0955186817	0.0504724704	0.0056681013	-0.1529741081	0.0093176676991078	0.0041367996933843	1.7113111703185263e-05	8.681893135099683e-05	-2.9820171789651795e-05	-0.0045214494428619	8.892426455643446e-10	2.044350506435665e-05	-0.0752661910553555	-0.0181684461178476	0.0003300924343371	0.0056649995159812	0.0004089957421304	-0.0001939924013492	1.6727751708079667e-07	3.76330517812291e-08	-0.0001060151105276	-2.692531783104831e-05	7.24972740302968e-10	1.1239203660179243e-08	-7.397833109058964e-05	0.0002249979155207	5.062406198866472e-08	5.4727934709489015e-09
1314.5496419593746	-3.963552312604861	1728040.76117552	15.709746934755342	1723.556533037606	-24.97856260827712	2970647.122576612	623.9285899756197	1312.8359898747624	-0.2570880786793168	0.0660942801990226	1723538.3363104472	1400.204521967741	1122.6051065486165	1.266129	26.624786	0.1096409326633318	0.0501788257666619	-0.0426207674	-0.1488620386	-0.0848532425	-0.0865832085	-0.0296668999	-0.1375402974	0.1372107724	0.0391033201	-0.1004719474	0.0159634098	0.0438073902	0.0099547263	-0.1023695095	0.0250085889	0.1205315657	0.0168609462	-0.076340346	0.1024461301	0.100726036	0.0266438277	0.1903151215	0.0531939089	-0.0463794629	-0.033392573	0.1587024552	-0.1084113877	0.3927965205	-0.0886182928	0.0074574722	-0.0536697583	0.1027973562	0.2022874945	-0.1374324002	0.050735039	0.0752115587	0.0318439847	0.0268658788	0.0596127759	-0.0883690893	0.1212491968	-0.0168775981	0.1384686921	-0.0712081175	0.1676372012	-0.0964165047	0.0813199431	0.1433757659	0.1060036921	0.0092890739	-0.026491271	0.2326278291	0.1889772601	-0.0721270557	-0.0113478591	-0.0319804981	0.1446279135	0.0873703879	0.0015697455	-0.0886571733	0.0442642094	0.0722320384	-0.2517803485	0.0261360739	0.0550861798	-0.0384394093	0.0173307701	0.1523637516	-0.113475842	-0.0690445804	-0.2113778969	0.0196553746	-0.0028303505	-0.0691257111	0.0041968318	0.0509001702	0.0930229487	-0.1295917517	0.0030583369	0.0	-0.1533929978	-0.0007150340588282	-0.010032701757936	0.0001006551045636	5.112737052843298e-07	0.0276666180527058	0.0276964382244954	0.0007654417544743	0.0007670926903232	-0.0401308800385606	0.0351353110167948	0.0012344900802469	0.0016104875326693	0.0009040002777475	0.0004950045356171	8.172165021675571e-07	2.450294902815009e-07	-4.470581629334447e-06	0.0001015445288982	1.0311291349170688e-08	1.998610010454264e-11	6.500223767615495e-05	0.0001389805687667	1.931559849472782e-08	4.225290902907338e-09
1314.1433636135348	-0.4062783458398371	1726972.780129495	0.1650620942983543	1716.359661037639	-7.196871999967016	2945890.486037239	51.79496658390923	1311.6838738518793	-1.1521160228830922	1.3273713301839538	1720514.5849230727	1399.6605429425335	1114.05254344528	1.189172	25.006506	0.0856186242753737	0.0451860565771319	-0.1446754299	0.105594659	0.023387998	0.0837224087	0.1554189406	0.0669182492	0.0477612204	0.1365198315	0.0151555041	-0.1829313081	-0.0043967523	-0.0523564312	-0.0443896934	-0.0778323585	0.1992283862	0.0010700744	-0.038153033	-0.0568194588	0.1513476062	0.1398830443	0.0359739484	-0.0120067637	0.0286150715	-0.1398483107	0.0190342534	-0.0254487888	0.0498491229	0.0273834716	-0.0800165423	0.0260469575	0.1407475059	-0.0542526209	0.0933275246	-0.1135606588	0.0575953606	0.1107902478	-0.0619943281	0.0390551503	-0.0608609299	0.0348174745	0.0555825377	0.1456388806	-0.1739945148	-0.0814970568	-0.0182307737	0.1221841068	-0.0112415746	-0.0677947663	0.0130438106	0.1819830041	0.1150245012	-0.1491328651	-0.0868164096	-0.1929766162	-0.0718307315	-0.1571011075	-0.0177861416	-0.0291102845	0.0610240525	0.1345239973	-0.0009732017	-0.1902218869	-0.0131225292	0.0564539304	-0.0409227885	-0.1412623617	0.1118109254	-0.0073661616	0.1009090101	-0.0959584919	0.0444937117	-0.0865675381	-0.0097273658	0.1076765555	-0.0589680895	0.0089252477	0.0202875761	-0.0378480336	-0.0056681013	-0.1529741081	0.0087518122282119	0.0094668462870401	8.962117862244495e-05	7.659421727787934e-05	-0.0048964953947461	-0.0325631134474519	2.397566715076977e-05	0.0010603563573916	-0.0689215648183179	-0.0287906847797573	0.0008289035300873	0.0047501820970055	0.0007330039072984	-0.000170996370449	5.372947281147214e-07	2.923975870676583e-08	-0.0001259777561908	-0.0001215071745614	1.4763993469910458e-08	1.5870395054868646e-08	6.154618746423055e-05	-3.4560502119243964e-06	1.1944283067342666e-11	3.787933191382211e-09
1314.932735975755	0.7893723622200923	1729048.1001406843	0.6231087262369286	1719.2750511384954	2.9153901008564844	2955906.701467276	8.499499440171983	1313.109697249129	1.4258233972498149	2.0329723601450027	1724257.0770096995	1401.67835509025	1118.2661987128567	1.155328	24.294809	0.0395654822178932	0.0209288539538258	-0.0400631984	-0.1494764982	0.0193118039	-0.0676639029	-0.0991227251	0.0193923617	0.0980526572	-0.1225372399	0.0373287326	-0.0002847935	0.1268615043	0.0781637878	-0.2402359884	-0.0952577225	0.100151675	0.1783897759	0.0916463767	0.098164998	0.0262184011	0.1785527259	-0.0436205494	-0.0355918931	-0.0322691741	0.1014568181	-0.0204917343	0.0676526149	0.2438060405	-0.0458599563	0.077375874	-0.0401428649	0.165206912	-0.0869051052	-0.0616113833	0.1116646781	0.0059017619	0.0277122362	0.0548020798	0.0430738667	-0.0497664134	-0.113934365	0.1271663398	0.2547048094	-0.0721057806	0.0416555851	0.0336373564	-0.0217876121	0.1283228957	-0.2757654309	0.1370136572	0.0165140595	0.0686234897	0.0620610155	-0.1018114253	-0.0558889695	-0.0179939348	0.1235063244	-0.0102680304	-0.0548597158	-0.1684054278	0.1063963628	-0.0730436984	-0.1180647388	-0.0379884704	-0.0391283844	-0.0297978576	-0.0552784607	0.0440551527	-0.1877456998	0.1861616514	-0.0343676353	0.1893335509	0.0814861941	0.0854529652	-0.0382056248	0.02698677	-0.0836047602	0.1427825125	0.0844587723	-0.0113284606	-0.1517197269	0.0023823482283376	-0.0063694639998743	4.057007164569472e-05	5.675583081063302e-06	2.0499771196114125e-05	0.0049169951659422	4.202406190930303e-10	2.4176841461899105e-05	-0.0536673524854904	0.0152542123328275	0.0002326909938949	0.0028801847228018	0.0005819991330414	-0.000151004774257	3.387229908609412e-07	2.2802441848407542e-08	-9.500485219859912e-05	3.097290399220087e-05	9.593207817100922e-10	9.025921941277663e-09	-1.6972348671552377e-05	-7.851853613578293e-05	6.165160516906249e-09	2.8806061942874577e-10
1312.9042404244426	-2.028495551312289	1723717.5445244827	4.1147942016937495	1732.951412653519	13.676361515023473	3003120.5986178266	187.04286428961515	1313.0514505747203	-0.0582466744087923	0.0033926750796838	1724104.1118563772	1402.7797638144268	1107.8291082307258	1.183794	24.893415	0.1240112492300863	0.0633699419591618	-0.1841871335	0.0587501806	0.0781038064	0.1343064558	0.1089278399	0.0129695869	0.1100654303	-0.0380266039	0.0498474963	-0.1417540202	-0.0564504063	-0.115063169	-0.0156770425	-0.0381413214	-0.0281124746	-0.0778445896	-0.2089142549	-0.1097618319	0.0609113246	-0.1461605838	-0.1565508308	-0.0339082627	0.158270632	0.1003261476	-0.0081116263	0.13146425	0.0771986261	-0.0209096832	-0.0354364056	-0.2261421809	-0.0116466289	0.0079224982	0.1339289392	-0.0336427634	0.1181540398	0.1504243667	-0.0314524126	-0.07573335	0.0765640148	0.0607090039	0.063083676	-0.0193529596	-0.0620956883	-0.1221008197	-0.1359031512	0.0309601515	0.1671246602	0.0753070568	0.194781528	-0.0210885282	-0.0901727423	-0.0618980541	-0.0783941371	0.2076295866	-0.1037318989	-0.0745679743	-0.0694533113	0.1451837294	0.0627870401	-0.0483678328	0.0740592104	-0.2050474907	-0.1168711433	0.1389354856	-0.038800784	0.0048581726	0.1104099859	0.0038921769	0.1071102494	0.0471694958	0.0899236459	-0.1945818617	0.0037839335	-0.1074660678	-0.1330265487	-0.0346001464	0.1148107233	0.0204490215	-0.0169733466	-0.1496367051	-0.0008545545992006	-0.0032369028275382	1.0477539914924795e-05	7.302635630148982e-07	0.0314875999575292	0.031467100186333	0.0009914689510853	0.0009901783941367	-0.1060781121796878	-0.0524107596941973	0.0027468877317229	0.0112525658836064	0.0004230530195092	-0.0001589461135322	1.7897385731585153e-07	2.5263867006991014e-08	-0.0003659385154235	-0.0002709336632249	7.340504986846401e-08	1.3391099707035514e-07	0.0002910776050117	0.0003080499536832	9.489477396425394e-08	8.472617213934726e-08
1310.5070582258154	-2.397182198627206	1717428.7496596808	5.746482493415166	1704.0145514536712	-28.936861199847726	2903665.591565856	837.3419360992528	1311.0605867128115	-1.9908638619087924	3.9635389166543913	1718879.8620317415	1396.4227621398516	1102.0495487730254	1.176839	24.747166	0.1228460979436381	0.0554695633059055	-0.1394667302	-0.1323192866	-0.1545193787	-0.1419314168	0.0924654965	0.0118028362	0.2088821693	-0.0026790524	-0.0816586515	0.0699466519	0.0100930676	-0.0400218226	-0.1002804227	7.83985e-05	0.0800407224	0.1065239359	-0.1967580061	-0.1074644345	0.0552374421	0.1228823734	-0.0469621838	-0.0962670997	0.0250343026	0.0051453717	-0.0806705923	0.0071420965	-0.0531483541	-0.0299631135	-0.0985324556	0.0512059151	-0.0111271448	-0.06009057	-0.1448392851	-0.081513406	0.0863572686	0.1367090609	0.0548020313	0.0638102812	-0.162811552	-0.0175751067	0.0562269592	-0.0222299349	-0.1215380709	-0.0817485258	-0.0290142632	-0.0455793889	-0.0553881106	0.0348592343	0.0755859738	-0.1516954885	-0.0678360661	0.1152861952	0.0844131032	0.1110613439	-0.1312056718	0.0443717794	0.1300098508	-0.0409982357	-0.0775012375	0.0989975428	-0.0968153642	-0.1114690664	-0.2350105991	0.1502261328	-0.0687563705	-0.0124492488	-0.0575454507	0.1592846644	0.059585727	0.0148873852	-0.0085806298	0.0365346397	0.026948296	-0.0537843977	0.0128997539	-0.0875264926	-0.0938718698	0.1531169207	-0.022595049	-0.1467364196	0.003162320450059	0.0040168750492596	1.6135285161364317e-05	1.0000270628861358e-05	-6.0869707084521e-05	-0.0315484696646137	3.7051212405553855e-09	0.000995305938179	-0.0638471102093589	0.0422310019703288	0.0017834575274179	0.004076453482086	0.0008960059498843	0.0004729529303751	8.028266622280667e-07	2.236844743503942e-07	-8.493569343848151e-05	0.000281002821985	7.896258596354399e-08	7.214072019875711e-09	0.0001440383321831	-0.0001470392728286	2.1620547753963475e-08	2.0747041138089062e-08
1314.227875651118	3.720817425302585	1727194.9091384504	13.844482312435352	1711.4249683099952	7.410416856323991	2928975.422154868	54.91427798449074	1312.0420201482	0.9814334353884532	0.9632115880983814	1721454.2626345695	1396.8229907554269	1094.0469217431569	1.153201	24.250097	0.0578861856498579	0.0280128121903273	-0.0996359498	-0.0829620575	0.1437097934	-0.0387404018	-0.0800304815	0.174231948	0.1708486938	-0.0478326468	-0.0720201924	-0.0803687562	-0.1474698215	0.0215462652	0.1392501251	-0.1283939399	0.2445150747	0.0907151029	0.0741723623	-0.0231828916	0.1615812291	-0.1591212842	0.1361201562	0.1527725014	0.0336976054	0.0953348326	0.1987409304	0.0622035246	-0.0498007155	-0.1285081854	-0.0933016718	-0.0035875298	-0.0592583628	-0.217159137	0.0092025582	0.0530648912	-0.1447965439	0.1541623459	-0.0863488861	0.133537933	0.0777901612	0.0891397873	0.0777681286	-0.003924217	-0.2394949398	-0.0914007364	-0.1488746681	-0.0224505742	-0.02152472	0.2006051815	0.0236602331	-0.0928317942	-0.1076144288	-0.01003448	-0.0752122148	-0.1830109387	-0.0147397444	0.0549457554	-0.1790019814	0.1181077538	-0.0182772338	-0.0033825099	0.0634872309	-0.0530491464	-0.1622057549	0.0815208378	-0.083456997	-0.1954565859	-0.0926328866	0.152361379	-0.0116058269	-0.0729518187	0.0220979154	0.0884062282	0.2317281677	0.0101009424	0.04860168	0.0919176709	-0.0107715115	0.1042071412	-0.0281858894	-0.1430347106	0.0037490226547589	0.0005867022046999	3.4421947699972334e-07	1.4055170865895472e-05	0.0085204878854909	0.0085813575925754	7.259871380679718e-05	7.363969813165182e-05	-0.0829164148145906	-0.0190693046052316	0.0003636383781271	0.0068751318457052	0.0004580146873446	-0.0004379912625397	2.097774538233717e-07	1.918363460611204e-07	-0.0001029356306982	-1.7999937259718487e-05	3.2399774135380187e-10	1.0595744067236214e-08	0.0002810235573307	0.0001369852251476	1.8764951908738676e-08	7.897423977480124e-08
1315.3196126892665	1.0917370381484943	1730065.683525042	1.191889760465247	1702.2642764506368	-9.160691859358394	2897703.66688001	83.91827534211515	1317.169211887669	5.127191739469026	26.28809513327942	1734934.7327447832	1401.7017465476222	1115.0057248188612	1.22088	25.673285	0.1010070492715917	0.047040303969387	-0.0563394066	-0.0476291551	-0.1902102557	-0.1392934036	0.1242842355	0.0044585284	0.0240368519	-0.0090724855	0.0767287854	0.1788754031	0.0914474368	-0.1157531197	-0.0252138662	-0.1029705953	0.0144881254	0.1003776786	-0.0647561791	0.0119430397	-0.08017231	0.1430060645	-0.2025275319	-0.1182278181	0.0668504461	-0.0045228379	0.0318866637	-0.0001335187	-0.0632567867	0.0671368506	-0.0288694982	-0.1973329918	-0.0602470377	-0.0843150919	-0.1036838483	-0.1040812354	0.131433208	-0.0365573153	-0.09362995	-0.0846218874	-0.0340127267	-0.0760647939	0.1518639367	-0.1102703878	-0.0963985587	-0.1007772853	-0.0219962026	-0.1790982657	-0.0686597599	-0.1195927094	0.0753401808	-0.109401734	-0.2095224412	0.0211220873	-0.0075464977	0.1053275273	-0.0882906226	0.0119462625	0.1760992051	-0.0521512428	0.0213559327	0.1244709225	-0.0197623441	-0.0201005596	-0.2057489729	0.0201134288	-0.0830732754	-0.1015710034	-0.172917893	0.1683445321	0.1700995248	-0.0150474881	0.080849646	-0.0320829388	0.0194860479	-0.02228379	0.0513985176	0.0461461053	-0.0093951731	0.0466514308	-0.0337382312	-0.1385517956	0.0194160141792565	0.0156669915244976	0.0002454546234286	0.000376981606609	-0.0251160792522568	-0.0336365671377476	0.0006308174370056	0.0011314186488122	-0.1061246749012667	-0.0232082600866761	0.0005386233362508	0.0112624466228995	0.0006179978648104	0.0001599831774657	3.819213609102134e-07	2.5594617072053647e-08	-4.802287537120087e-05	5.491275532699913e-05	3.015410697602871e-09	2.3061965589178907e-09	-7.398512032990694e-05	-0.0003550086776606	1.2603116121433274e-07	5.47379803023081e-09
1318.8687244242562	3.549111734989765	1739414.7122644647	12.59619410744206	1725.7586986304675	23.494422179830732	2978243.085898725	551.9878735641224	1316.460583166174	-0.7086287214949607	0.5021546649275825	1733068.467030223	1402.1601793532404	1125.4301455484626	1.242126	26.120054	0.0734564941351905	0.0386564577168856	-0.0301592612	0.0319846033	0.1336114675	0.1045448106	-0.0674797532	0.1299908041	-0.0462204871	-0.1783594302	0.1800500032	-0.1530064777	-0.009256446	0.03118049	0.0755818628	0.0269490028	-0.1339709526	0.1322708629	-0.1838594032	-0.058855718	0.1902219412	-0.0552893031	-0.000457448	-0.2666711853	0.0934648086	0.1751295739	0.0225913782	0.1860132176	0.0243446403	-0.1402454466	-0.0024161174	0.0552968766	-0.0798181611	0.1645169406	0.1679597452	0.0359328188	-0.0706750544	-0.039691824	0.0960455283	0.02474983	0.0192966942	-0.0333924002	0.1273557342	-0.1029205133	-0.1245324161	-0.0009112776	-0.1009666614	0.1122297873	0.0585839501	-0.013456007	0.2051921712	0.1119023142	-0.0476368157	0.0705911377	0.1290135269	0.0107006925	0.022285392	-0.0580941012	-0.1866432057	0.0377911846	-0.1242409041	0.0122254441	0.0750564047	0.0298000412	-0.1028778384	0.0277417967	-0.158707251	-0.1218600667	-0.1448273105	-0.0110425242	-0.0095617925	-0.0097454514	0.1105692322	0.0739875267	0.0048913246	-0.0197756199	0.0042002889	-0.1185942277	0.0881239721	0.0441412449	-0.0392444906	-0.1333121588	0.0070412561799173	-0.0123747579993392	0.0001531346355422	4.9579288591223565e-05	-0.01767471956488	0.0074413596873767	0.0003123957116971	5.537383399691654e-05	-0.0730304427935024	0.0330942321077643	0.0010952281988025	0.005333445574615	0.0005460108497912	-7.19870150192e-05	2.981278480897083e-07	5.182130331374525e-09	-0.0001079438272086	-5.992095183739914e-05	3.590520469099907e-09	1.1651869832440097e-08	0.0002050297996277	0.0002790149199576	7.784932555894981e-08	4.203721873537481e-08
1319.5515260222817	0.6828015980254349	1741216.2298277323	0.4662180222660876	1726.7713310112388	1.0126323807712652	2981739.229602325	1.0254243385864803	1315.5688998660526	-0.8916833001214854	0.795099107715543	1730721.5302947755	1403.8936101516622	1143.0175529285125	1.172135	24.648249	0.1198252399363995	0.063470971258873	0.0321716249	-0.1080902944	-0.0847306021	-0.0781940012	-0.0451560752	-0.1256304896	0.0433896182	0.0812221724	-0.0519774055	0.1061165067	0.0165073575	-0.0310356625	-0.0534488506	-0.1180875089	-0.1321570162	0.0245603231	-0.0967003219	0.1632432776	-0.1226842491	0.2034663667	0.0156827253	-0.0448041509	-0.0237064151	0.013446108	0.0163477949	0.0928474096	-0.0274662078	-0.1582805698	0.0938478122	-0.1062491188	0.0990482297	-0.1294318879	-0.130191038	0.0426519089	0.1067835665	0.0003737543	-0.068606253	-0.1258359188	-0.0541645916	-0.1031737934	-0.0285167787	-0.0050199633	-0.0400858315	0.2780019473	0.0335721484	0.001602916	0.1112441145	-0.1186072927	0.0545672168	0.0003576701	0.1261540937	-0.0373833785	0.0268475963	0.0920098929	-0.0538531235	0.1408772286	0.1316242396	0.0383563273	0.0700917809	0.062941752	0.0363548651	-0.0138252876	-0.0892255164	-0.0579032149	-0.1240642477	0.072747326	-0.0898819527	-0.2082014182	-0.1001985279	0.0006438851	0.0585697737	-0.044341383	-0.0206242342	0.1248326617	-0.0421727601	-0.0418406695	-0.0677850715	-0.0449210268	-0.0446971468	-0.1273444172	0.0151231493881738	0.0080818932082564	6.531699782966252e-05	0.000228709647417	0.0123211494370565	0.0299958690019365	0.0001518107234502	0.0008997521571813	-0.1159082529289392	-0.0428778101354368	0.0018385066020105	0.0134347230970389	0.0009740126095183	0.0004280017597271	9.487005635006484e-07	1.831855063294943e-07	-0.0003259642183166	-0.000218020391108	4.75328909388853e-08	1.0625267162275209e-07	7.365859864740459e-05	-0.0001313712009802	1.725839244700517e-08	5.425589154699433e-09
1315.6936131565	-3.8579128657816	1731049.683700806	14.883491679963198	1740.2669291523216	13.495598141082835	3028528.984701252	182.1311691855985	1313.13805814176	-2.430841724292577	5.90899148856171	1724331.5597403122	1401.3977989657612	1128.1410740550702	1.218797	25.62948	0.0776851170834127	0.0534807206322509	-0.1049085131	0.0699975159	0.1176610816	0.1539985963	-0.0004298561	0.0228539425	0.0368843533	-0.1280839157	-0.0440112578	-0.0546389666	-0.0571920214	0.003712167	0.0286509088	-0.0007569275	-0.1086292325	0.1013304328	0.0908747065	0.1425945243	-0.0575762868	-0.1265323603	-0.1138186594	-0.0761041516	0.187823588	-0.0021330075	-0.015394084	0.0796473745	-0.0659189936	0.0542310152	-0.117914492	0.0201603923	-0.1959502315	0.0476732363	0.1362965158	0.0324140874	-0.0429230276	0.054063307	0.1696407452	0.0395485519	-0.0326620939	-0.0090765405	0.0448807751	-0.0552919163	-0.0549333416	0.0641811492	-0.0153376277	-0.3010840456	-0.0029496682	0.10131081	0.0389562778	0.1376745231	-0.1237937828	-0.0704661941	-0.07389763	0.0437139997	-0.0361606035	-0.0606555553	-0.1548258109	0.0760420616	-0.1172706879	-0.0066433169	0.0604191533	0.0185748403	-0.1555033431	0.0101366491	-0.0396176966	0.0563717161	-0.0183115747	0.0724744769	-0.1343275664	0.0656258219	0.1457446194	-0.0591349415	0.012199359	0.0316416621	-0.1130459623	0.0321515964	0.0619827677	-0.0709777722	-0.0500887521	-0.1206811645	0.0145816045817497	-0.000541544806424	2.9327077736491497e-07	0.0002126231921785	0.009278445083467	-0.0030427043535895	8.608954316691296e-05	9.258049783352496e-06	-0.0657045174000998	0.0502037355288394	0.0025204150610496	0.00431708360678	0.0008670647042458	-0.0001069479052725	7.518012013488566e-07	1.1437854442175634e-08	-0.0005208919902985	-0.0001949277719818	3.799683628982758e-08	2.713284655571326e-07	0.0002497255692842	0.0001760669706367	3.099957814921817e-08	6.236285995431776e-08
1315.7495573256997	0.0559441691996198	1731196.897602775	0.0031297500674356	1706.7528283932788	-33.514100759042776	2913005.2172284573	1123.1949496872717	1315.0808322390994	1.942774097339452	3.7743711932931223	1729437.5953226823	1399.7134393269585	1111.3393475658063	1.303874	27.41851	0.055969728050794	0.0410931955407666	-0.0347011709	-0.1536448305	-0.1637465363	-0.1830023372	0.0641880348	-0.0552183441	0.1039358756	0.1768651576	-0.0781368668	0.0935973574	0.0281133919	0.0428497767	-0.0182787278	-0.1597892578	0.1286649466	-0.0239017659	-0.0759489486	-0.0770984772	-0.1096500044	-0.0928585745	0.0366715729	-0.0249707309	-0.0548976577	-0.1782484237	0.1603157145	-0.05901786	-0.0644328089	0.1331730352	0.0974702895	-0.0283450295	-0.0649242274	0.0340766084	-0.2076972378	-0.0204198202	0.0558595281	0.0670632925	-0.0495010972	-0.0681843004	-0.0650246037	0.0376719579	0.1466947695	-0.0697441303	-0.1134778009	-0.0435253008	-0.0874346187	0.0526091728	-0.1163125661	0.0346925441	-0.0737254183	0.0192880936	0.1184579661	-0.0209359857	-0.0617303755	-0.1090469349	-0.1093158697	0.1189130602	0.1463154053	0.0542497182	0.043130367	0.0445775358	0.0055877275	0.0464840555	-0.1537561249	0.1108653227	-0.0714511717	-0.0506469456	-0.1586870857	-0.0314973338	-0.1886788205	0.1222265914	0.031551457	-0.0108908018	-0.1087510489	0.0980489209	-0.0038102658	0.2068343125	0.0316810346	-0.0992370625	-0.0554119421	-0.1133587932	0.0205860701003217	0.006004465518572	3.605360616372012e-05	0.0004237862821753	0.009259085315179	-1.935976828800097e-05	8.57306608737634e-05	3.74800628165088e-10	-0.1061005283044238	-0.040396010904324	0.0016318376969822	0.0112573221064778	0.0008100998546752	-5.696484957060002e-05	6.562617745447802e-07	3.244994086601089e-09	-0.0005208442099273	4.778037120004106e-08	2.2829638720137134e-15	2.712786910147933e-07	0.0003837107765346	0.0001339852072504	1.795203576193265e-08	1.4723396002878577e-07
1320.451536625454	4.7019792997543846	1743592.260576523	22.10860933531873	1735.8897796458443	29.136951252565492	3013313.327078898	848.961928294378	1314.797286574905	-0.2835456641944347	0.0803981436834631	1728691.904784733	1402.3464407492004	1142.559124465073	1.296373	27.260777	0.0937629194885804	0.0500315276967543	0.0286281744	0.0448043883	0.1445190519	0.1031984543	-0.1216415662	0.1525517555	-0.0153985391	-0.0455325967	0.0570346398	-0.1181400278	0.0137131655	0.0504237822	0.1248099324	0.0550420755	-0.1036245465	0.1166295865	-0.1293114538	-0.0974465357	-0.1411192134	-0.0936466504	0.2400563911	-0.0736304172	-0.0261462802	-0.0976376115	-0.085390294	0.0066943104	-0.0291596243	-0.1350698358	-0.0322749256	0.0020640066	0.0279899603	-0.2309997527	0.1185319023	-0.005101842	-0.1529612834	-0.0771671433	0.006452448	0.0398600156	-0.1326179577	-0.0400645948	0.1068521229	-0.2180978866	-0.1678542628	0.0448682584	0.0798058086	0.1459270201	-0.0109584673	-0.003682893	0.0765704448	0.0386560621	0.033857856	-0.112789232	0.1635015288	-0.0257583426	0.0423189217	-0.0579412813	-0.1691271441	-0.0095680206	-0.107849184	0.1112109483	0.065530729	0.1402228576	-0.1011738353	-0.0301079254	-0.0784901365	-0.0770833503	-0.1703531528	-0.0487595251	-0.0505380161	0.0008056653	0.062439824	0.1259719585	-0.000651855	0.0753548703	-0.026644062	-0.0174597427	-0.0032687352	0.0715100081	-0.0606594461	-0.1054172954	0.0202308005916194	-0.0003552695087023	1.2621642381357424e-07	0.0004092852925778	-0.0157841574897048	-0.0250432428048838	0.0002491396276598	0.0006271640101843	-0.0717139853077029	0.0343865429967209	0.0011824343392653	0.0051428956887134	0.0008560024264565	4.590257178130005e-05	7.327401540994157e-07	2.1070460961374037e-09	-1.889213366013109e-05	0.0005019520762671	2.519558868689217e-07	3.5691271423225816e-10	0.0002520081410176	-0.000131702635517	1.734558420212375e-08	6.350810313914658e-08
1321.6899240796906	1.2383874542365447	1746864.2554137784	1.5336034868104702	1714.524233888098	-21.365545757746304	2939593.3485895693	456.4865455263511	1317.001421706741	2.204135131835983	4.858211679393626	1734492.744777577	1403.2406718209286	1148.1327685148167	1.23536	25.977779	0.1486833183669544	0.0924457456551348	0.0708991469	-0.0771836897	-0.1551163014	-0.1606658542	0.0069492875	-0.1411827729	-0.0010574548	0.0989354559	-0.0361719679	0.0695420227	0.1549846151	-0.0350286365	-0.0848139272	-0.1459668714	0.0040991707	-0.1716818501	-0.166913685	-0.0335469011	-0.0317247635	-0.0086692003	0.1264165426	-0.0832281605	-0.0773941727	0.1165258438	-0.0433611857	0.0069588812	-0.1777375256	-0.0299548868	0.0193099325	-0.0089021421	-0.2702215384	-0.1185358839	-0.1629590481	-0.0051732444	0.1106248811	-0.0160888923	-0.0745794632	-0.1545099082	0.0064324093	0.0167670039	0.138011992	-0.1177168706	-0.0663850886	0.1071849467	0.101769818	0.1093616452	0.0892178774	-0.0775077906	-0.0683350622	0.1196016513	-0.0146089135	0.0249289837	0.1353502948	0.1070738828	-0.0435428148	0.0972721688	0.2008189648	0.1045769124	0.0781901038	-0.0086752308	0.1226470628	0.0991986204	-0.0616935966	-0.008422211	-0.0483714064	0.057890961	-0.2458919001	-0.1799220852	-0.0395143925	0.2663076611	-0.0545417218	-0.182088635	-0.0328599909	0.1374433148	0.1180083137	0.0346208691	-0.0749102061	-0.0794262504	-0.0658240966	-0.096900045	0.0140236331205585	-0.0062071674710609	3.852892801379657e-05	0.0001966622859	0.009446611624341	0.0252307691140458	8.92384711811345e-05	0.0006365917100862	-0.1560355082618372	-0.0843215229541343	0.0071101192333045	0.0243470798385298	0.0010310570323464	0.0001750546058899	1.0630786039509654e-06	3.064411504326821e-08	-0.0002052170035962	-0.000186324869936	3.471695715669299e-08	4.211401856500276e-08	0.0005491058417459	0.0002970977007283	8.826704377804251e-08	3.0151722543947336e-07
1320.0618132607126	-1.6281108189780298	1742563.1908291604	2.650744838873311	1735.1092352570788	20.585001368980784	3010604.058274405	423.7422813609408	1314.322671178869	-2.678750527871898	7.175704390573973	1727444.0839747577	1402.7272346445377	1145.1286537829926	1.219751	25.64953	0.1414328920368308	0.0921248742053326	0.0165092727	0.025287627	0.1346274754	0.0855907683	-0.067911837	0.058661539	0.0195959574	-0.0817434624	-0.0454290082	-0.045645678	-0.0143497654	0.1864638587	0.0736273713	-0.1144966425	0.0494939371	0.2043004845	0.0296344363	0.0144920038	-0.1088132579	-0.1208317637	-0.019820766	-0.1613262033	0.0219483562	-0.2283446309	-0.1681142747	-0.0393832596	0.0092317336	0.1968852942	0.070402742	-0.1842839698	-0.1549588663	-0.0714038759	0.0840146671	0.0802810127	-0.1115179169	-0.0284420446	0.0731819866	-0.0481085774	-0.0750377214	-0.0773524372	0.0528683689	-0.2113907927	-0.1555576288	0.0416017835	0.1146263816	-0.2878551308	-0.1136347861	-0.0372306514	-0.1064840275	0.0519530315	0.0753924283	-0.0162473296	-0.0496994083	-0.0473442203	0.0858319813	0.0104582675	-0.1579790476	0.0381063711	-0.1273266802	0.0718423504	0.0604904808	0.1125722347	-0.0888338739	-0.045073817	0.1393940582	0.0873869089	-0.125609961	0.0399460221	-0.0647495897	0.0030261267	-0.0297847769	-0.080122399	0.1433315598	0.0996229952	0.0545679372	-0.0113226641	-0.098889801	-0.1682490111	-0.0708988393	-0.0878535601	0.0161092729256182	0.0020856398050597	4.349893396449469e-06	0.000259508674192	-0.0030681212793837	-0.0125147329037247	9.41336818500707e-06	0.0001566185396515	-0.0746962356563329	0.0813392726055043	0.0066160772679925	0.0055795276212264	0.000712998808251	-0.0003180582240954	5.083673005673463e-07	1.0116103391471968e-07	-0.0002390030673788	-3.37860637826e-05	1.1414981059219155e-09	5.7122466216475214e-08	-8.914804826943375e-06	-0.0005580206465728	3.1138704200157426e-07	7.94737451024929e-11
1319.3964354081338	-0.6653778525787857	1740806.95376769	0.4427276867023562	1712.5420603779075	-22.56717487917126	2932800.308563409	509.2773820270984	1316.9173165811076	2.594645402238484	6.7321847633573055	1734271.218711185	1401.9694994215995	1136.5454411984426	1.2613	26.523245	0.1183008516360165	0.0748799675741445	-0.0436692259	0.064841978	-0.1880139118	-0.1039759121	0.1256790852	-0.0648447838	-0.0629561466	-0.0003973354	-0.0760372902	0.1388804177	0.0481533372	-0.13574787	0.0608795391	0.0033371391	-0.0480970282	-0.220365588	0.0195073395	-0.1181746217	0.0154649233	0.0804874343	0.178866105	-0.0135821368	0.0307811151	-0.0525602486	-0.058535505	-0.2502122166	0.020932313	0.0479028869	-0.0720191442	-0.115587491	0.0443430214	0.0565127475	-0.1046164387	-0.1551600204	0.1015123669	-0.0142669852	-0.0243067669	-0.1153664762	0.0884478926	0.0963901058	-0.0768846287	-0.1889809189	-0.0049833442	-0.0846658945	0.1643488014	0.163716019	0.0098387893	-0.013061503	-0.1841242581	0.0556863356	-0.0621994359	0.0288229487	-0.0538903662	-0.07209586	-0.0753215722	-0.0741572213	0.172150733	0.1441614892	0.1033904188	-0.0166773353	0.0618324081	0.0376831539	-0.086908235	-0.0554481004	0.2591431303	-0.088256073	-0.0061812848	-0.1204582495	-0.1178791229	0.1461966577	-0.0005050969	0.0129941097	-0.0530011607	-0.0091320718	0.1440880219	-0.1941484628	0.1855266961	0.0016830597	-0.0758767427	-0.0783272495	0.0194660175872058	0.0033567446615875	1.1267734723096843e-05	0.0003789258407054	0.0094394382757059	0.0125075595550896	8.910299496086159e-05	0.0001564390460241	-0.1381236199799005	-0.0634273843235675	0.0040230330821295	0.0190781343963519	0.0011250205932468	0.0004120217849957	1.265671335229382e-06	1.6976195131112522e-07	-0.0005209565956705	-0.0002819535282916	7.949779211613845e-08	2.713957745725968e-07	7.729314380099117e-05	8.620794862793454e-05	7.431810406636601e-09	5.974230078640699e-09
1320.545544153873	1.1491087457391131	1743840.5341846484	1.3204509095341177	1731.887805141298	19.345744763390485	2999435.3695971426	374.2578404502504	1312.1931984566354	-4.72411812447217	22.31729205396645	1721850.990075855	1400.6218713133128	1150.448356628418	1.234336	25.956228	0.1019668122098149	0.0623184200011721	0.074410339	-0.0824418933	0.0706837379	0.0068516508	-0.1068281502	0.1030519582	-0.044676564	-0.0948817427	-0.1321391637	0.0117831077	0.077605399	0.109768129	-0.0432563368	0.0646982333	-0.0327333153	0.0047343983	0.1198354179	0.1037982973	-0.0049325883	-0.2041892448	-0.0679627514	-0.0194388947	0.1943639894	0.0428675474	-0.1071727991	0.0671696432	-0.1102462626	-0.1756830981	0.0252577773	0.0954207213	-0.055635866	0.0727718612	-0.0610677978	0.1052501566	-0.1386442103	0.0310518378	0.0938996066	-0.0213611926	0.0143851179	-0.0460953609	-0.0490767428	0.0771388705	0.0298551958	-0.0127983431	0.1672099331	-0.114349962	0.2190963157	0.0773802941	-0.071148992	0.124553748	-0.1567982536	-0.1572224304	-0.165797125	-0.0158023855	0.0966183812	0.1064819415	-0.0240333109	0.0288959811	-0.1308513781	0.0787140205	-0.0926708005	0.0703801126	0.0475790711	-0.0732964452	0.2523502618	0.0412393229	-0.0305695801	-0.1455906397	0.0496793417	0.0180891052	-0.0636597486	-0.0921146875	0.2282349025	-0.0545356598	-0.1154488757	-0.0328869883	0.0567649112	-0.1905214382	-0.0807510076	-0.0683731426	0.0046213397704377	-0.0148446778167681	0.0002203644594836	2.1356781273829174e-05	0.0065190607876814	-0.0029203774880245	4.249815355348524e-05	8.52860467256029e-06	-0.0894872278626977	0.0486363921172028	0.0023654986381783	0.0080079639505503	0.0007129424979595	-0.0004120780952873	5.082870053967316e-07	1.6980835661560912e-07	-0.0005215786516459	-6.220559754000236e-07	3.869536365308748e-13	2.720442898527551e-07	-0.0002213140006927	-0.0002986071444936	8.916622674267619e-08	4.897988690260842e-08
1320.0235485793546	-0.5219955745183142	1742462.1688040318	0.2724793798167049	1740.143888311871	8.256083170572992	3028100.752029157	68.1629093194186	1317.3646589949324	5.171460538296969	26.74400409916278	1735449.6447688343	1405.0145895324297	1143.971846095237	1.087925	22.877443	0.1004006985605156	0.0567795300697063	-0.0253893431	0.0680862454	0.1010944614	0.1348877647	0.0023240235	0.045010302	0.0116932958	0.0526581256	0.0885216408	-0.1666069578	0.0963137338	-0.02006197	-0.073058147	0.0284938117	-0.1100147189	-0.0916980533	-0.0175872883	0.2128831277	-0.0582904768	0.0263323131	-0.0654027433	-0.1174991292	-0.0689040268	-0.0077384289	0.0950981483	0.0041874126	-0.0980828951	-0.0238269543	0.1462640738	-0.2313768104	-0.1100998843	-0.018151327	0.1222181238	0.0071061221	-0.0543037867	0.0317991997	-0.0351357294	-0.183706368	0.0516979765	0.1765865631	0.0815873318	-0.037453298	0.1449857714	0.1642539111	-0.055124168	0.0346637556	0.0197246529	-0.1531185141	0.0298648323	0.0766984259	-0.1308841415	-0.0471640022	-0.0014752806	0.0964357585	0.0311057769	-0.0481372408	-0.0594494408	0.1794192458	0.1349359035	0.0082581126	0.0360625141	-0.0392807775	0.0129783416	0.025149803	0.2118434299	0.1323770884	-0.0311609814	-0.1048422526	-0.012660172	0.2734649165	0.0036002803	0.2313560919	-0.0170676265	-0.2124882057	-0.1032936163	0.0058882864	-0.1267518962	-0.0526670611	-0.0855149763	-0.0580456054	0.0210466380892455	0.0164252983188077	0.0002697904248618	0.0004429609748596	0.0272071612905762	0.0206881005028948	0.0007402296254914	0.0004279975024178	-0.1350886768596808	-0.045601448996983	0.0020794921506244	0.0182489506156992	0.0007130342193028	9.172134330000249e-08	5.084177978967534e-07	8.412804816756911e-15	-0.0005209531677339	6.254839119999639e-07	3.912301241707785e-13	2.7139220297198496e-07	0.0001316858088886	0.0003529998095813	1.2460886556443405e-07	1.734115226264488e-08
1319.2265214676945	-0.7970271116600998	1740358.6149437537	0.6352522167212411	1713.0285182457185	-27.115370066152536	2934466.704323122	735.243293824401	1311.828235688081	-5.536423306851475	30.65198303264822	1720893.319948503	1399.0882132920642	1150.234329748247	1.130761	23.778204	0.0943245131613167	0.0468253562243406	0.0077853061	0.0918987846	-0.1673655128	-0.1141024995	0.1168697056	0.011260111	-0.1241629061	-0.1562115664	-0.2589654037	-0.0594561371	0.1105267114	0.0005411091	0.0849155605	0.2095105549	-0.0232571375	-0.0887898599	0.1253943914	-0.1354537688	-0.2314333143	0.06251979	0.0825004404	-0.0485567094	0.156061374	-0.1055446309	0.0226868864	0.0065944719	-0.0035905848	-0.0980727469	0.2927262836	-0.0712455782	0.032347877	-0.1595499179	-0.0914165613	-0.1328438458	-0.1205769583	0.0059968786	0.2385590467	-0.0739439283	0.0136233643	0.1455880775	-0.1260406438	-0.1150475828	0.0156646242	0.0806122215	0.246044641	0.0530495088	-0.0582158727	-0.0871539205	-0.0803774545	-0.1885390467	-0.0458421978	-0.2416663687	-0.0564348671	-0.133490306	0.0659436795	-0.0861834214	0.0892489966	0.1233624956	-0.1768972678	-0.1646299357	-0.0556322571	0.0072980156	-0.0917361778	-0.016611761	0.3088950763	-0.1135729065	0.0925967917	0.0060864147	-0.1040939851	-0.0790326126	-0.1084180347	0.0693002982	0.0133365275	-0.0454200218	-0.0565257387	0.0080562139	0.0032035864	-0.1967541978	-0.0901621419	-0.0474010431	0.0070894000442507	-0.0139572380449948	0.0001948044938446	5.025959298742184e-05	0.0155415405088774	-0.0116656207816988	0.000241539481389	0.0001360867082224	-0.1072181796293776	0.0278704972303031	0.0007767646158643	0.0114957380430374	0.0003029808860193	-0.0004100533332835	9.179741729304005e-08	1.681437361369091e-07	-0.0003520157940013	0.0001689373737326	2.8539836243668172e-08	1.2391511922636568e-07	-0.0001059466261817	-0.0002376324350702	5.6469174197440346e-08	1.122468759928488e-08
1322.6576457890058	3.431124321311245	1749423.247964115	11.772614108293553	1714.342070498709	1.3135522529905757	2938968.734681801	1.7254195213366172	1316.5838955441036	4.755659856022703	22.616300666185875	1733393.154006087	1400.552678746985	1151.035615624988	1.272675	26.762457	0.0591245549051151	0.0306733319191981	0.1672388457	-0.0755427103	0.0351535162	-0.1033406145	-0.0263901591	0.1608004552	-0.0826327428	0.2633056079	-0.1037398986	-0.0030589983	0.00052919	-0.0225490452	0.151779586	-0.1807822648	-0.0913586226	-0.0369945969	-0.0415931982	-0.0530004597	-0.1341796103	-0.149489529	0.1873825579	0.3038679452	-0.0031797256	-0.1627472336	-0.0578345779	0.0096649165	-0.0165717971	-0.0682253284	-0.0043472187	0.1527319277	0.0160071028	0.1059195182	-0.1160957375	-0.0101030931	-0.1558483842	0.0538207315	-0.2189551342	-0.1373739143	-0.0261917924	-0.0518476839	-0.1120372418	-0.0398059711	-0.0150837964	0.0055353353	0.0851671024	0.1799160801	-0.0429390564	0.328815637	-0.0658576915	-0.0856243341	0.0329589116	-0.182873605	0.0598617743	-0.0384886297	0.1308482037	0.0775712876	0.0301089668	0.0185320206	0.2475035986	0.0910138705	-0.0960914609	-0.0001619024	-0.038838807	-0.0075519701	0.1644478786	-0.2436362291	0.0199894948	-0.0739048147	0.0241364679	0.0303460998	-0.2645349512	0.0027301245	-0.1691531436	-0.1081313215	-0.2185342981	-0.0139583788	-0.0934200558	-0.0376448726	-0.0946861568	-0.0364975928	0.0194488279210958	0.0123594278768451	0.0001527554574429	0.0003782569075043	0.0071270127888567	-0.0084145277200207	5.079431129252696e-05	7.080427675099678e-05	-0.131269756998904	-0.0240515773695264	0.0005784783739623	0.0172317491025513	0.000298007063109	-4.973822910299983e-06	8.880820966285152e-08	2.473891434302499e-11	-0.0002369910774946	0.0001150247165067	1.3230685407446704e-08	5.61647708120515e-08	6.003527317575836e-05	0.0001659818993574	2.754999091430943e-08	3.604234025287931e-09
1328.5317908358973	5.874145046891499	1764996.7192616365	34.50558003191993	1725.1903358933616	10.848265394652572	2976281.69505985	117.68486207281651	1319.0628949139568	2.478999369853227	6.145437875732697	1739926.9207387883	1404.702729746159	1191.4314497252578	1.297501	27.284496	0.0672854848245708	0.0273158800890202	0.1841909257	0.2141072549	-0.0482753585	-0.0124295458	-0.0078652371	0.0640974267	-0.3004356449	-0.1166709463	0.154317903	0.0518089714	0.10589439	-0.027120616	0.131185006	-0.0434847622	-0.1271711327	0.0955709139	0.0918921891	-0.0441290207	-0.0581971155	0.0254106645	0.1609342928	0.0263364215	0.0381955651	0.0058108272	-0.2041154637	-0.1732121196	-0.0607421611	-0.1682403795	-0.1347875106	-0.1521104569	0.0551453906	0.1840751531	0.0332092192	-0.1316440511	-0.1159792338	-0.2788220589	-0.0026061524	0.0718829107	0.0169939209	-0.1827973815	0.0158012059	-0.0337398227	-0.0632619175	0.1090375008	0.1012135699	0.1005160729	0.0560609828	0.1203014864	-0.1603565012	-0.1049020854	-0.084234731	0.0478833021	-0.0977419103	0.1810674278	0.1490884474	-0.1750682653	0.0440560985	-0.056429339	-0.0962124162	-0.0136808861	-0.0020651644	0.1026560967	-0.0265189781	-0.2016838789	0.0785248661	-0.1249803019	-0.0627085468	-0.2374630952	-0.040671292	-0.1493940811	-0.0627676177	-0.0223970595	0.0196427464	-0.0273592064	0.1610356625	0.0356748729	-0.0050197395	0.0887996191	-0.0990808418	-0.0253948054	0.0258973852193946	0.0064485572982988	4.158389122944276e-05	0.0006706745612017	-0.0086988457532726	-0.0158258585421293	7.566991743922876e-05	0.0002504577985954	-0.1123060057138474	0.0189637512850566	0.0003596238628014	0.0126126389193987	0.0005259818975198	0.0002279748344108	2.7665695651852944e-07	5.1972525124631696e-08	-0.0003730254470502	-0.0001360343695556	1.850534970038956e-08	1.3914798414700158e-07	-9.690187683956402e-05	-0.0001569371500153	2.4629269054931802e-08	9.389973735030037e-09
1326.0312505618388	-2.500540274058494	1758358.877466594	6.252701662188529	1742.3812658450024	17.190929951640783	3035892.475567633	295.52807260222016	1318.4153176797404	-0.6475772342164419	0.4193562742754164	1738218.9498925707	1407.3115904532824	1176.9924744004586	1.233846	25.94594	0.0867225371219448	0.0450304418927003	0.1783934577	-0.0083366804	0.1101314002	0.0732634427	-0.1593219389	-0.0702302743	-0.0822931124	0.0021597178	-0.020381467	0.0735640185	0.066917897	0.0208529824	0.1435857274	-0.062448371	-0.0143664128	-0.2406541278	0.1631969197	0.1000215761	0.1324316936	-0.0734019679	-0.0122459644	0.0856787184	0.1481198057	0.0858485996	0.07891547	-0.1023277308	-0.1247389461	0.1492581174	-0.0538278698	-0.1364017991	0.0490533032	0.1071316134	0.0575421203	0.1656932484	0.0388211891	-0.0669849462	0.0813099294	-0.1780818013	0.1060668168	-0.0257366285	-0.2293590868	0.0101695205	-0.0567300267	-0.120184104	-0.0234991583	0.0781849543	0.1723200903	0.1160667772	-0.1606513042	0.2463614333	-0.2130520465	0.202679697	-0.0845654137	-0.0720614462	0.1571835329	0.1329163997	-0.0300469879	0.0997274148	0.042591242	-0.0419075364	0.0634574133	-0.0659221416	-0.0431173069	-0.2873057774	0.030763997	0.0133580843	0.0048724453	-0.1029317642	0.1239033139	-0.1028415131	-0.1361839356	-0.3154237914	-4.96492e-05	-0.0483364792	-0.010066004	0.0482881229	-0.0184491301	0.129990413	-0.1033401944	-0.0141533203	0.0242067625025015	-0.0016906227168931	2.8582051708750176e-06	0.0005859673508525	0.0257115945085644	0.034410440261837	0.0006610860921728	0.0011840783990134	-0.1192986546963439	-0.0069926489824965	4.889713979240941e-05	0.0142321690123574	0.0008760092290053	0.0003500273314855	7.673921693024602e-07	1.225191327868601e-07	-0.0001129275120372	0.000260097935013	6.765093579802677e-08	1.2752622974911952e-08	0.0001655493598763	0.0002624512367158	6.88806516536865e-08	2.740659055545269e-08
1320.385975716828	-5.645274845010817	1743419.1248696798	31.86912807571191	1755.1553183517888	12.774052506786347	3080570.191538569	163.17641744613456	1316.894442996463	-1.5208746832772704	2.3130598022337376	1734210.9739949647	1406.2743921881554	1152.462111002804	1.235976	25.990725	0.078086255780496	0.0455000342520214	-0.0501206051	0.1216231083	0.0973488298	0.2487054567	0.0518215239	-0.0867450744	0.0479086963	0.1193607488	0.0380582572	-0.1553849069	0.0886759049	-0.0226605202	-0.0815193767	-0.1737130283	0.0849073188	-0.2076340041	0.0289395351	-0.0351596003	0.2135462755	0.163029216	0.0028320677	0.104971561	-0.0080652738	0.0930724454	0.0155062773	-0.0893794124	-0.0650581926	0.0517564143	0.0726266838	0.0995079532	0.0092770341	-0.2059695923	0.1752581647	0.0083951268	0.0965984313	0.1141406494	0.0025534761	-0.2443774166	-0.0662956027	0.0294380448	-0.0782845703	0.161103781	-0.0292082101	-0.003377227	-0.1465456237	0.0549497524	0.0178296701	-0.1474483014	-0.1670049901	0.0277232823	0.0823619581	0.0388772624	-0.0081305127	-0.0845360407	-0.0060704423	-0.1356903369	-0.0112643691	0.1210953592	0.128609918	0.086400674	0.0097787889	-0.1495798807	0.0140195883	-0.1219644086	-0.1264819613	0.2437125572	0.0423615303	-0.0395946126	0.1878750225	0.0204653909	0.0162178832	0.0519295809	-0.1108587686	-0.1526716055	0.1582329786	-0.0053500084	0.0082058945	-0.145210549	-0.1074583966	-0.0028345346	0.0208484396736423	-0.0033583228288591	1.127833222283684e-05	0.0004346574368255	0.0136327454081879	-0.0120788491003765	0.0001858517473644	0.0001458985955896	-0.1170159079941086	0.0022827467022353	5.210932506566137e-06	0.0136927227236856	0.0016400503797881	0.0007640411507827	2.689765248243091e-06	5.837588800895052e-07	-0.000520835430021	-0.0004079079179838	1.6638886955387855e-07	2.7126954516516e-07	0.0002009270340902	3.53776742139e-05	1.2515798327848448e-09	4.037167302828439e-08
1315.510370679665	-4.875605037163041	1730567.5353657494	23.771524478409617	1715.438218628619	-39.71709972316967	2942728.28193173	1577.448010420204	1311.340124181799	-5.554318814664157	30.850457494932243	1719612.921289136	1397.1976042677093	1138.0739809796946	1.252536	26.338953	0.059627283695094	0.0363091006227068	-0.088940298	0.0172947688	-0.189406415	-0.1106118295	0.1296343137	-0.0188273735	0.0727653279	-0.1693987548	-0.2315334254	-0.0856138774	0.0804763177	-0.0199542764	0.0555875191	0.2294324097	0.012478842	0.03489659	-0.0209825202	-0.1616828173	0.0775346472	0.0344752216	-0.2457558238	0.1646110808	0.0071832625	-0.2643860759	0.1348147945	0.029172475	0.0250677814	0.0598541983	0.1079737189	-0.0417228157	-0.0776642618	0.0060410458	-0.085560929	-0.1512851888	-0.0608248785	0.0926048049	0.2630611539	0.04079948	-0.1067628806	0.1559484089	-0.1650873207	-0.0146809212	-0.0184824149	-0.1898683516	-0.0444282594	-0.1149844048	0.0201823973	-0.1167845228	-0.1029790303	-0.1620336325	-0.0016344832	-0.0475224959	-0.0846844594	0.0709747966	0.0092792443	-0.0638177756	0.1156366549	0.1826195968	-0.2050405358	-0.1660669252	-0.14712739	-0.0881152914	-0.1318775881	0.0363392742	-0.0447099142	0.0738971127	0.1216395058	0.1091746528	0.1490521519	-0.1297995631	-0.2262079245	0.1859682836	-0.1004245305	0.1546716402	0.1502371565	-0.1869437894	0.1840909646	-0.2413724797	-0.1114298236	0.0084997322	-0.0047946432814569	-0.0256430829550992	0.000657567703442	2.2988604196419788e-05	0.0198599191278106	0.0062271737196226	0.0003944163877631	3.87776925343596e-05	-0.1160951906801415	0.0009207173139671	8.477203722387983e-07	0.0134780932990584	0.0011790347421528	-0.0004610156376353	1.3901229232033195e-06	2.1253541814428221e-07	-0.0005209259959608	-9.056593980002244e-08	8.202189451861288e-15	2.7136389326775146e-07	0.0001253070435372	-7.5619990553e-05	5.718382971235809e-09	1.5701855160033737e-08
1318.1952228265702	2.684852146905314	1737638.6454827911	7.208431050742074	1707.110748549639	-8.327470078980014	2914227.107813709	69.3467579163074	1310.8247256717166	-0.5153985100823775	0.2656356241951345	1718261.461432331	1396.6437311569316	1128.0232520899744	1.28368	26.993862	0.0905783215942249	0.04353594915845	0.060025773	-0.1285176922	0.0536124559	-0.1443292082	-0.0078874886	0.1853731166	0.0611650159	0.2036872325	-0.2814953505	-0.1450129133	-0.0284845568	-0.0737731632	0.0686764094	-0.0787545851	0.0682904077	0.1155850428	0.03523794	0.0535553505	0.0325053164	0.005601216	-0.0489753	0.0241356084	-0.0337344925	-0.0160733664	0.0583292781	0.1039173649	-0.0524326658	-0.0426329607	0.036654543	-0.1357061084	0.1469161081	0.2251500256	-0.1543706541	-0.0231389252	-0.1856968518	0.2208684739	-0.1552194531	-0.0436382249	0.0677591188	0.052904906	-0.1692683535	0.0449938464	-0.0386914324	0.0158423183	-0.1186961468	-0.1020445014	-0.1328761576	0.0857621356	0.0636956309	-0.0098455816	-0.0230663007	-0.0424010087	0.0028659172	0.040138133	0.1230130589	0.0997207185	-0.0072602778	0.1308642773	0.1845672753	-0.0393927416	-0.2210158119	-0.0349204252	-0.0841990619	0.0597240733	0.0262408983	-0.0086547411	-0.0306358199	0.0265502277	0.2670898188	0.0115167025	-0.0908343874	0.1211200475	-0.0039111868	-0.1338961593	-0.0205844049	0.0167019551	-0.0520785303	0.120737436	-0.1152490509	0.0197875765	0.0095465878048486	0.0143412310863055	0.0002056709090708	9.1137338715684e-05	0.0252497590124676	0.005389839884657	0.0006375503301876	2.9050373982239397e-05	-0.1442044916446789	-0.0281093009645374	0.0007901328007149	0.0207949354105002	0.0004790348142106	-0.0006999999279421	2.294743532257841e-07	4.899998991190851e-07	-0.0004119588120639	0.0001089671838969	1.1873847166420837e-08	1.697100628370997e-07	0.0001710989248726	4.57918813354e-05	2.096896396235355e-09	2.9274842092559623e-08
1324.5824826827743	6.387259856204082	1754518.753430062	40.797088470676194	1710.5288423010186	3.4180937513795016	2925908.920343663	11.683364893219592	1315.623718096759	4.798992425042343	23.030328295613785	1730865.7676187402	1399.571904862167	1172.7042135302352	1.252647	26.341297	0.1258692649999848	0.0715804526186461	0.1113536346	0.1689767188	-0.045135021	-0.0747883042	0.1072365918	0.192190528	-0.2667132062	0.002667916	-0.0709962161	-0.0952324198	0.0828312103	-0.1208190267	0.1162324739	-0.0736836836	-0.046084399	0.0907789968	-0.0490808846	0.3143696172	-0.037025768	0.1523904923	-0.1277744077	0.1257113432	-0.0940590177	0.046493297	0.1091157461	-0.0963547074	0.1811460905	-0.0816394239	-0.0470742711	0.0155918057	-0.1057770162	-0.0229603124	-0.0127536425	-0.2011929959	-0.2700492845	-0.0808575829	-0.0939886007	0.0273249358	0.0110298993	-0.1060606013	-0.1117002032	0.0517736498	-0.0097218953	0.2148112845	-0.1843617183	-0.0776655193	0.0932760608	-0.0841731657	0.1554813085	-0.0565983413	-0.0666128624	0.2448290597	-0.0808280978	0.017612952	0.183501011	-0.201113404	0.0486410012	-0.0551914734	0.0393644601	-0.0954178128	-0.2791046619	0.1000669058	-0.0410222375	0.0753058641	-0.0823140426	0.0274894174	-0.0572524801	-0.1783945754	0.0477169912	-0.0471196006	0.1274976182	0.1815068129	0.0605753703	0.019995648	0.1681109895	0.1864513137	-0.0673348307	0.0698803525	-0.1189108618	0.0309673479	0.0083148330385967	-0.0012317547662519	1.5172198041842736e-06	6.913644845973922e-05	-0.0168347447109624	-0.04208450372343	0.0002834086294832	0.0017711054536473	-0.121215296673192	0.0229891949714869	0.000528503085437	0.0146931481475699	-0.0003690166854196	-0.0008480514996302	1.3617331411806801e-07	7.191913460250311e-07	-0.0005209884998016	-0.0001090296877376	1.1887472808180364e-08	2.7142901692552174e-07	-6.309611853582106e-05	-0.0002341950434084	5.4847318357072235e-08	3.981120174286381e-09
1328.022251193218	3.439768510443628	1763643.0996643023	11.832007405439574	1715.3841542389434	4.855311937924853	2942542.7966140555	23.57405401455559	1315.5271130536053	-0.0966050431536587	0.0093325343627202	1730611.5851791531	1402.939753139419	1185.3038212714357	1.263705	26.573832	0.1261917253132943	0.055373285837595	0.2905482224	-0.0199530532	0.0280685644	-0.158910375	-0.1302073999	-0.0036486207	-0.2004072337	-0.0417250399	-0.0526041183	0.0630006129	0.0543512839	0.0835966662	0.1807687364	-0.0665176181	-0.0458331671	0.0573978329	0.1055280563	-0.0869528418	0.0504551156	0.0393681622	-0.0031855073	-0.0825527382	-0.2387137155	0.0072234477	-0.209087603	0.1611900726	0.0644686656	-0.0949811088	-0.0396576309	0.1460889701	0.1703778595	-0.0559860448	-0.0944913248	0.0827615033	-0.1905419078	-0.1316156097	0.0451437577	-0.0531929644	0.2689574004	-0.0600939589	-0.1092422107	0.0842302359	-0.0614959599	0.0117432837	-0.0296824755	0.0492633543	-0.1942438259	-0.0025648088	0.1114046522	0.0201866774	0.062219168	0.0474187447	0.1109953439	0.0610443306	0.3217765157	0.0961139428	0.0154422452	0.0460595259	0.0771818621	-0.2842606228	-0.1362834874	0.0596740754	-0.0340584758	0.0304526657	-0.1186147421	0.0143762563	-0.0272614237	0.1235439327	0.0757897121	-0.0414994694	0.1560426197	-0.218569825	-0.2248561366	-0.0628250824	-0.0780885265	-0.0169847124	-0.0697709743	0.0732818322	-0.1224102548	0.0419779864	0.0061846425537055	-0.0021301904848912	4.537711501921005e-06	3.824980351710488e-05	0.0170481218164155	0.0338828665273779	0.0002906384574673	0.0011480486441121	-0.1592761832141462	-0.0380608865409541	0.0014486310842833	0.0253689025392662	-0.0007459709221272	-0.0003769542367076	5.564726166593051e-07	1.4209449657180936e-07	-0.0002051068520618	0.0003158816477397	9.978121537881106e-08	4.206882076270112e-08	0.0002864236322182	0.000349519750754	1.2216405616715306e-07	8.20384970930667e-08
1327.0821991275936	-0.940052065624286	1761147.16324133	0.8836978860844872	1724.9418919450145	9.557737706071066	2975424.530586846	91.3503500580526	1316.8944359031884	1.3673228495831609	1.8695717749922152	1734210.9553127768	1403.2632936618472	1198.998674241405	1.238148	26.036404	0.0663987876055665	0.0422294642511272	0.1716643474	0.236241179	-0.0848672301	0.0116614901	0.1043570829	-0.0207833059	-0.2005965916	0.0660329458	-0.0951130753	-0.1105768579	0.0778551205	-0.1546792698	0.2322195516	0.114006489	-0.1120089376	-0.1288368338	-0.0537101565	0.1279041872	-0.0135423872	-0.0341365761	-0.1427506742	0.0378396111	-0.0916487727	0.1551500866	-0.0938438229	-0.0185079282	-0.1707598414	0.0338795467	-0.0126469988	0.0635986529	0.0327374491	0.0975186851	0.028898695	-0.173861544	-0.0764546755	-0.0650894337	-0.064599646	-0.1194950389	0.0941550071	0.0279913874	-0.3344552256	-0.0509198084	0.0693390354	0.0200806411	-0.0198652533	-0.0603849807	0.1468957665	-0.1317391738	0.0863686786	0.0636689605	0.1564680687	-0.0432843752	0.1342796725	-0.0147465113	0.1781208042	-0.1592452987	0.1325784323	-0.0030790698	0.1612614805	-0.2267025463	-0.0277208732	0.0454553257	-0.05926405	-0.0720988749	-0.0628320713	0.1827905532	0.0091297109	-0.0835090322	-0.1367370892	-0.2587690965	0.173915723	0.0392115614	0.1744536417	0.1835438154	-0.0299550089	0.1448732993	-0.0614996342	0.1546811681	-0.1257424501	0.0527593557	0.0084903324993774	0.0023056899456719	5.316206125572493e-06	7.20857459499841e-05	0.0136966820629993	-0.0033514397534162	0.0001875990995348	1.1232148420778445e-05	-0.1597038741086933	-0.0004276908945471	1.8291950127850842e-07	0.0255053274053253	-2.50114262527638e-05	0.0007209594958744	6.255714431974421e-10	5.197825946915212e-07	-0.0003359988722473	-0.0001308920201855	1.7132720948241336e-08	1.1289524215145746e-07	-6.800419196049018e-05	-0.0003544278241786	1.2561908255204053e-07	4.624570124199197e-09
1325.237317688214	-1.8448814393796056	1756253.9481934523	3.403587525367365	1731.3764157914843	6.434523846469801	2997664.2931589666	41.40309713078853	1315.5486638661978	-1.3457720369906383	1.811102375545932	1730668.2870001383	1402.3111505700438	1189.4189437536454	1.184232	24.902622	0.1695417095931093	0.1025056334459471	0.2128782205	-0.0023041826	0.0772881193	-0.0005445469	-0.1513672003	0.0880469563	-0.0915753035	-0.0058695255	-0.1117540889	-0.0105999682	-0.0356608227	0.1154005182	0.191013305	-0.0550570469	-0.0305380094	-0.0245505127	0.0489351306	0.0297552933	-0.0321746647	0.0529251441	0.1123071576	-0.0998938608	-0.1295083325	0.0267469369	-0.0203077567	0.0260143978	-0.0109657823	0.082787612	-0.366744071	0.0280853065	0.0079742863	-0.1672840877	-0.0030561367	0.1220263094	-0.1748707237	-0.0424568337	-0.0556221788	0.0022834585	-0.089995718	-0.0368232426	-0.2421208724	-0.0476339558	-0.0054769089	-0.0329152592	0.0321352852	-0.0555700027	-0.0886049982	0.1324383672	-0.01200423	0.1186788006	0.1007835461	0.1814680125	0.1581816606	0.2559014293	0.2291731251	0.0042585907	-0.0448931207	-0.2141817589	0.0191523018	0.0423974951	-0.0927409527	0.0565063635	-0.1965027593	0.0352905147	-0.0865344154	0.1244524655	0.0619526443	0.1469327023	-0.1216002467	-0.006387784	0.1411405662	0.0873361862	-0.1559690578	0.0625913004	-0.4063592885	-0.1186691157	0.0394496304	-0.1184448883	-0.1289028963	0.0632525717	0.0137708586433404	0.005280526143963	2.7883956357076757e-05	0.0001896365477748	-0.04394927506209	-0.0576459571250893	0.0019315387784832	0.0033230563728676	-0.072536350870628	0.0871675232380653	0.0075981771074586	0.0052615221976268	0.0002469889617524	0.0002720003880051	6.100354722752851e-08	7.398421107495967e-08	-0.0002420111009973	9.398777125e-05	8.833701144542327e-09	5.856937300592534e-08	-9.097009442516122e-05	-2.2965902464671035e-05	5.274326760167832e-10	8.275558079722748e-09
1327.752149796894	2.5148321086799115	1762925.7712902734	6.32438053484745	1736.3618642516055	4.985448460121233	3014952.523627311	24.854696348525177	1317.9018871822873	2.353223316089497	5.537659975387252	1736865.3842386345	1405.1380880880677	1184.022623095859	1.120845	23.569698	0.1503466213358792	0.0742398512960827	0.2097983417	-0.0216453277	-0.0405634687	-0.102752606	-0.1753835823	-0.150920036	-0.1727711418	0.133939887	0.1650191814	0.1983966906	-0.0687159588	0.1116449735	0.0663357497	0.225085083	0.0580847465	-0.032662498	-0.2970480535	0.2789339693	0.1617644769	-0.2375094909	0.0369584991	0.0434997228	-0.0735666537	0.0247464072	0.0714083741	-0.2007874214	-0.1248133655	-0.0454955619	-0.0048284239	-0.1651078004	0.1503904927	0.0435930554	-0.0937810577	0.1011510936	-0.0091703188	-0.2815716645	-0.1809387746	0.1259867256	-0.1113225321	0.2094637931	0.0587739536	-0.205333582	0.3152638518	-0.1198664687	-0.3708202833	-0.1035265221	0.2639894456	-0.0106978773	-0.0781150973	-0.0845877612	-0.0651407228	-0.0705846301	-0.0949140736	-0.1836382052	0.105438614	0.0922014053	0.0788626379	-0.102731661	0.0827254664	-0.0285280483	0.3037839049	0.2677540495	-0.1215335511	0.2087336495	-0.2602814006	-0.1291938792	0.5746864987	-0.1020644409	0.0193155885	0.2283092864	-0.0279778218	-0.0678650692	0.2525524977	-0.0712018579	0.1652235878	-0.1286383413	-0.158888232	-0.0857281163	-0.1318872767	0.0734003241	0.0249588900461645	0.0111880314028241	0.0001251720466705	0.0006229461923365	-0.0121271519477943	0.0318221231142957	0.0001470678143648	0.0010126475195013	-0.1094297669277537	-0.0368934160571257	0.0013611241483641	0.0119748738898624	0.0009849944367792	0.0007380054750267	9.702140404859732e-07	5.446520811695326e-07	0.0002970206450381	0.0005390317460354	2.90555223233972e-07	8.822126357884902e-08	4.085369974531251e-05	0.0001318237941704	1.7377512709499422e-08	1.6690247828801474e-09
1326.8506497233534	-0.9015000735405464	1760532.6466712852	0.8127023825936107	1751.826855761857	15.464991510251366	3068897.3325684736	239.16596241214685	1319.317321612384	1.4154344300966386	2.003454625902996	1740598.1951064744	1410.8400007619157	1184.8168947186125	1.125483	23.667227	0.0571622567451395	0.0346466384297416	0.1375469073	0.0836792386	-0.1350112142	0.069723043	-0.0101856615	-0.3369807304	-0.1386350994	0.0938652358	0.1705633981	0.2396584131	-0.0309807634	-0.1654868786	0.0766342985	0.1126944387	0.1940772162	-0.0839553444	-0.1220646933	0.0164566993	-0.0579000625	0.0511854751	0.0944436324	0.0572189782	-0.055439472	-0.0501323412	0.0862032286	0.3657665455	0.1400139813	0.217906377	-0.0337355222	0.112721873	-0.2144556625	0.1111803735	0.0249880828	0.0181695733	0.2527633624	-0.2557102102	-0.1575508182	0.0485250682	-0.060308659	0.1598641763	-0.0906558123	-0.0380790035	0.0421169583	-0.1888716893	0.0697408832	-0.1176134324	-0.2933188052	0.0365875868	0.268045646	0.2833435407	0.0928943062	-0.035601708	0.1120783926	-0.0939029108	-0.0009710841	-0.0282763985	0.1673394399	-0.2143881175	0.0774280021	0.0223574822	0.2346889247	0.1523420411	-0.0154132191	0.0110021492	0.0704449047	0.098046585	-0.0519100176	0.2629573006	0.063332274	-0.1591733453	-0.0175267064	-0.1132323124	0.0156352536	-0.1611899962	0.0682873685	0.0269955509	0.3424437406	-0.1567621583	-0.1346915149	0.0831471893	0.0250310670941757	7.217704801119884e-05	5.209526259610903e-09	0.0006265543198731	-0.0328898642375037	-0.0207627122897094	0.0010817431695614	0.0004310902216252	-0.1095477937976383	-0.0001180268698845	1.3930342014753517e-08	0.0120007191259298	0.0012359223125505	0.0002509278757713	1.5275039626601755e-06	6.296479883909699e-08	0.0002973171175726	2.964725344999715e-07	8.78959637128368e-14	8.839746840167926e-08	0.0005138161621902	0.0004729624624448	2.2369349088193165e-07	2.64007048527866e-07
1321.214056463222	-5.636593260131349	1745606.5829960022	31.771183580158148	1760.988348664537	9.161492902680038	3101079.9641322526	83.93295220585671	1317.2443827861064	-2.07293882627755	4.297075377488947	1735132.7639815502	1408.4758994288093	1161.456199810875	1.275609	26.824154	0.0408733990711332	0.022661798864621	-0.0131217913	0.0947206101	0.1544104005	0.2529549722	-0.1394530063	-0.0943843038	0.0072653161	-0.0263992406	0.2135497424	-0.1291474557	-0.0997251553	0.0946033604	0.1491899649	0.0466335427	0.0119327163	0.0490248365	-0.0546263321	0.0151283425	-0.0405074261	0.0269018392	0.1482129252	-0.1099009265	0.1719917876	-0.0985969057	0.02968032	-0.0379216534	0.144720949	0.0298487501	0.1004886161	-0.0075258727	0.0836298762	-0.0339208833	0.221457622	0.133863988	0.0517186374	-0.0643058854	0.0596084971	0.1014447824	-0.0851705249	0.1955834829	0.032214265	-0.1666970392	-0.1131634816	0.2069972681	0.021272321	0.108148979	-0.0398471574	0.066944463	-0.0055421834	-0.123041822	0.0631384603	0.000280901	-0.060548202	-0.082217655	-0.0142296582	-0.0615549882	-0.1614194349	-0.1145262687	-0.0545829102	-0.0866707772	0.2337992622	0.0925084698	-0.0176332021	0.1048299185	0.0570823011	0.1629060454	-0.0201216474	-0.0675171224	0.0926217715	0.0915919718	-0.0699368193	0.1354700719	-0.0388381838	-0.0121852814	-0.1321235572	0.1326861112	0.2300499601	0.2107789234	-0.1373117808	0.0924399334	0.0292794732307868	0.0042484061366111	1.8048954701594856e-05	0.0008572875526723	-0.0312347353617923	0.0016551288757114	0.0009756086931211	2.739451595213688e-06	-0.0929875538924065	0.0165602399052317	0.0002742415457188	0.0086466851788932	0.0012459978755328	1.00755629822999e-05	1.5525107058322509e-06	1.0151696941029203e-10	2.037083635642034e-05	-0.0002769462812161	7.669924267947127e-08	4.149709738600567e-10	0.0005949868010633	8.117063887310002e-05	6.5886726150672174e-09	3.54009293439539e-07
1315.1363878402572	-6.077668622964893	1729583.7186215194	36.93805589057198	1724.866311283435	-36.12203738110202	2975163.791800524	1304.8015845617315	1313.0760746311496	-4.168308154956776	17.374792874679162	1724168.7777687483	1399.9219100030475	1127.6030335416965	1.324937	27.861444	0.0573576287759236	0.028011535120507	-0.0830354774	-0.1638248696	-0.1263724496	-0.0761473763	0.0104552093	-0.1436247293	0.2073864364	0.0899533116	-0.07305319	0.1501183566	-0.1988641473	-0.0256067331	-0.1122147879	0.0893717926	0.0849102844	-0.0769882863	-0.0494185492	0.0039185692	0.0447291772	0.0776319373	0.0379414447	-0.078448652	0.0903725641	0.0587129099	-0.1024339816	0.0565559488	0.1098959792	0.0892987313	-0.0978052942	0.0008484696	0.0595778792	-0.0346663427	-0.1177317456	0.0388374862	0.1549762641	0.0798824692	0.0393754308	0.1807806759	-0.0895860171	0.1700489477	-0.0463821376	-0.0236897001	0.0940408767	0.1239308688	0.0184609555	0.0121650167	-0.0194652406	0.0952691319	0.1056129589	0.0754520269	-0.0421723461	0.1437133531	0.0699511974	0.0925158098	-0.1293376293	0.1556107712	0.0849741949	-0.0872361778	-0.0044612905	-0.1187545689	0.1896700702	-0.0525101013	0.0054560484	0.2530266203	0.0957363126	0.1538483775	-0.0207469129	-0.0252351431	-0.0961459626	-0.1013715694	-0.0899725253	0.0342797382	-0.1045099321	0.0643412169	0.0353837797	0.2333993403	0.0618345826	0.0194939507	-0.1397444952	0.1012278027	0.0253951236896057	-0.003884349541181	1.5088171358073812e-05	0.0006449123072103	-0.0110960258769523	0.02013870948484	0.0001231217902619	0.0004055676197147	-0.0746024550848432	0.0183850988075632	0.0003380118581638	0.005565526304686	0.0013970209989764	0.0001510231234436	1.9516676715810185e-06	2.2807983814660873e-08	-6.203890523326372e-05	-8.240974158968406e-05	6.7913655088785035e-09	3.848825762541876e-09	0.0006605433548768	6.555655381349998e-05	4.297661747902318e-09	4.363175236718982e-07
1316.58905515739	1.452667317132864	1733406.740160229	2.1102423342659926	1714.2872785147974	-10.57903276863749	2938780.8732776707	111.9159343199058	1313.6799012880067	0.6038266568571089	0.3646066315312327	1725754.883048067	1400.9370321184197	1118.4017593743524	1.191176	25.048641	0.0932499311198357	0.0556980582099922	-0.1217879129	0.0326414608	0.0749250261	0.0585932567	0.0962222533	0.1285533542	0.0916801158	0.1395173174	-0.0154462426	-0.1173319531	-0.2200600852	-0.1636841814	-0.0148605581	0.1153417553	0.2092229403	0.110435041	-0.0564354031	0.0858406908	-0.2290363683	-0.0432057939	0.0413498317	-0.0078667633	0.0729320104	0.0445360541	-0.1493626591	0.0891740466	-0.0143731582	0.0922345905	0.0148593587	0.0141514637	-0.1587910499	0.0309279344	0.0937876639	-0.0675683404	-0.0349521722	0.0642329652	-0.1818108436	0.2939499423	-0.0430918234	0.1127836295	0.065371798	-0.0067110207	-0.0331842632	0.116365316	0.2842354596	-0.1030360961	0.0867759066	-0.0643693172	0.0420968272	0.1119968794	-0.0319470766	-0.1418099888	-0.1187073188	-0.0017376095	-0.1018290631	-0.0775946181	-0.1103684505	-0.1588675276	0.1301469879	0.0577461966	0.1030558739	-0.0040284391	0.0669195038	0.2194620295	0.0987022028	-0.0906824997	-0.0851400854	0.0082336201	0.1712136388	-0.0612122375	0.0017132842	0.1586591991	0.0307097891	0.1196805273	-0.0170361364	-0.0318052635	-0.017150551	-0.026173728	-0.1419863355	0.1094628008	0.029282560081512	0.0038874363919063	1.5112161701117474e-05	0.0008574683249273	-0.0637070312529459	-0.0526110053759936	0.0040585858310638	0.0027679178866728	-0.0732572884949505	0.0013451665898926	1.8094731545635529e-06	0.0053666303176324	0.001637932707422	0.0002409117084456	2.682823554042763e-06	5.80384512661778e-08	0.000258420476118	0.0003204593813512	1.0269421509603467e-07	6.67811424770538e-08	0.0005137879894328	-0.0001467553654439	2.1537137286601986e-08	2.639780980853991e-07
1321.386706321273	4.797651163883074	1746062.8276425824	23.017456690308617	1721.9364442986955	7.64916578389807	2965065.1182040344	58.50973718955697	1318.4204165896854	4.74051530167867	22.47248532544961	1738232.3948805197	1405.7635116884371	1145.731854511853	1.19871	25.207066	0.0850447625027752	0.0421433776996054	0.0454198281	-0.138813996	-0.041410433	-0.1137426139	-0.141190247	-0.0966798731	0.0219550868	-0.1107771484	0.16334657	0.2610857409	-0.0612116102	0.097353011	-0.1321710572	0.135841924	0.0683270323	-0.0479716329	0.0416547725	0.1343332176	0.0294506537	0.0525255805	-0.0948347387	-0.0270708138	0.0290785085	-0.071512532	0.023473297	0.0476028123	-0.0406016092	-0.0860918257	0.1311895656	0.0325365398	0.0571741172	-0.0946309069	-0.1018922883	0.185758846	0.0868927854	-0.1682739805	0.0576110831	0.1750179872	0.0837551386	-0.0345354212	0.1160025419	0.0942880068	0.0697759972	0.0149111027	0.0595404869	0.0231389368	0.0213026008	-0.0997083771	0.0385889567	0.0421282879	-0.0980037471	-0.019182144	0.0302183711	-0.0474751975	-0.0147603156	0.1436629663	0.0087044898	-0.125356397	-0.1627895035	-0.0763686408	0.1006594275	0.0016501683	0.2127440381	0.0916406637	0.0451725657	-0.1582092596	-0.1204175975	-0.1226071137	0.1224798518	-0.0164520385	0.0046818753	0.0977244117	0.0204416195	0.1120988551	-0.2586730757	-0.0299178376	-0.0495354362	-0.0621811759	-0.1440342395	0.1170999511	0.0283804633311746	-0.0009020967503374	8.137785469692999e-07	0.0008054506988921	-0.032433734790402	0.0312732964625439	0.0010519471524541	0.0009780190716341	-0.0970159616188794	-0.0237586731239289	0.0005644745486097	0.0094120968088358	0.0012059760772909	-0.0004319566301311	1.4543782989979463e-06	1.8658653031421605e-07	0.0001083096418366	-0.0001501108342814	2.2533262568657933e-08	1.1730978514772576e-08	0.0005139344483396	1.4645890679995232e-07	2.145021138103712e-14	2.6412861719012897e-07
1321.4433249046429	0.0566185833697545	1746212.4609350376	0.0032056639827978	1742.412819124211	20.47637482551545	3036002.4322483805	419.2819259950029	1320.2130084475957	1.792591857910338	3.213385569046438	1742962.387674251	1409.796800672288	1143.6716487936983	1.227779	25.818357	0.0849006400906766	0.0428952995469046	-0.083324832	0.1099944705	0.0773846634	0.1917496899	0.0744744656	-0.0913116701	-0.0201291465	0.1260988121	0.3093302663	-0.0480037972	0.0213170756	-0.0712531181	-0.101260926	0.0284351905	0.0529455211	-0.0732865882	0.085742678	-0.0700302962	-0.2370805529	-0.053681293	-0.0715338636	0.1341954104	0.055870067	-0.0568173979	-0.0563864889	-0.1041900729	0.0413458448	-0.0379836483	-0.0459394305	0.0327515143	0.1191940738	-0.0437646431	0.2120095822	-0.0388706423	0.1746868405	-0.0917163246	-0.1060419029	-0.0667439264	0.026653027	-0.0152086102	0.1098423571	0.1599493589	0.0977653939	-0.0101522057	0.1530917223	0.0746024429	0.0326402143	0.1300388999	-0.0517250996	-0.1563236599	-0.0172616497	-0.0043197911	-0.0816647095	-0.0242204389	-0.1111262732	-0.1140785045	-0.0653203385	-0.0916954242	0.1171557569	0.0781207128	0.1338115325	-0.1050744412	0.1295017311	0.0138203272	0.1415416712	0.0208996745	-0.0322935171	-0.0712776625	0.0724102736	-0.068294947	0.1393999491	-0.0514769074	-0.1010589906	0.0603438279	0.0580915672	-0.0902693204	-0.0929651335	-0.0439581381	-0.1458854101	0.124097542	0.0453477265902364	0.0169672632590618	0.0002878880225023	0.0020564163069028	-0.02580903687182	0.006624697918582	0.0006661063842509	4.38866225124647e-05	-0.0842132797698766	0.0128026818490028	0.0001639086625267	0.0070918764895995	0.0018970473683069	0.000691071291016	3.598788717600135e-06	4.775795292665211e-07	-0.0001700120461565	-0.0002783216879931	7.74629620073285e-08	2.890409583831989e-08	0.0005146614106111	7.26962271500051e-07	5.284741441845139e-13	2.648763675722073e-07
1318.1747529557144	-3.268571948928411	1737584.6793298589	10.683562585321672	1738.0872401005804	-4.325579023630553	3020947.2542004525	18.710633889672646	1316.337807897619	-3.8752005499766256	15.01717930253914	1732745.2245007092	1405.5591121391965	1154.4289440012633	1.145477	24.087658	0.064333094947481	0.042197277056864	-0.0671613283	-0.0573570401	-0.1257009994	-0.0020259352	-0.0217985075	-0.1495220577	0.1377599736	-0.1853677943	-0.0008104672	0.0435739363	-0.0117828527	-0.0082546165	-0.166435715	0.0802625341	-0.1279530411	0.0344475027	0.0471787066	-0.2115031532	-0.066620072	0.0933820323	-0.0167252399	-0.1736169018	0.0931460156	0.1405855285	0.1012597679	-0.1649471969	0.1149409344	-0.2223279463	0.0293073184	0.1436359359	-0.060573803	0.1228347298	-0.0370443143	0.051892515	0.1672911282	0.0295294929	0.2220829855	0.0544847587	-0.0781820827	0.0516640839	0.0387516782	-0.0010933429	0.0801827863	0.0866553353	0.119192926	0.1043268883	-0.0067531451	0.0014094229	0.1052130041	-0.2920556954	0.0585908207	0.1795735694	-0.0030279107	0.0750670592	-0.1310005206	0.0425197084	0.0806718591	-0.1193986993	-0.2189523629	0.0383507786	0.0447110837	-0.0588917796	0.0315053132	0.0572557865	0.136658155	0.0696983336	-0.0573239857	0.0134166088	0.0493068636	0.0113519747	0.0450854518	-0.0390879828	-0.1605469328	0.0036806974	0.1439478019	-0.1863502565	-0.2355668637	0.1959903956	-0.1475373187	0.1304173552	0.0331592395525746	-0.0121884870376618	0.0001485592162672	0.001099535167705	-0.0290239260433082	-0.0032148891714882	0.0008423882829674	1.033551238495209e-05	-0.0427826117718055	0.041430667998071	0.0017165002507663	0.001830351870017	0.0020420479381471	0.0001450005698401	4.169959781690822e-06	2.1025165253982698e-08	-0.0001749749177406	-4.962871584100016e-06	2.4630094360267397e-11	3.0616221838329745e-08	0.000514678983992	1.7573380899993732e-08	3.088237162562645e-16	2.648944565630374e-07
1315.9588264846925	-2.2159264710219304	1731747.633002969	4.910330124975706	1727.4016546044645	-10.685585496115891	2983916.4763302417	114.1817373948023	1315.6960550669078	-0.6417528307113116	0.4118466957259813	1731056.1093186236	1402.1919504460072	1110.9987956123878	1.133206	23.829617	0.1118982976194965	0.0592357865237785	-0.1083924931	-0.1454771769	0.1171902171	0.020439036	-0.0357940975	0.0087038472	0.2170992945	0.032891656	0.0185279911	-0.021660318	-0.1825651779	-0.0429683689	-0.1025815718	-0.0231474218	0.1687096211	-0.1227014386	0.1261686112	-0.0925049408	-0.0627821659	0.0237379122	0.0640034295	-0.1092291224	0.0609987789	-0.0829799805	0.1769527836	0.0524444745	-0.100837584	-0.1247926885	-0.1090943494	-0.0882676083	-0.0113082827	-0.0678054985	0.0198786715	0.0965200778	0.0587047671	0.1796454087	-0.050669673	0.0459080782	0.0211952303	0.1261093037	0.0718125942	0.0888111741	0.0026208547	-0.0881587903	0.0574619522	-0.0194594683	-0.1929728889	0.1076982293	-0.0872832188	-0.040442577	-0.214816836	0.0145991159	-0.0221435432	0.0392243264	-0.0638643427	0.1393314831	-0.1356102873	0.038558396	0.0306174686	0.0209192398	0.0107044151	-0.1069700835	0.0811477274	0.0216113294	0.0873831563	-0.0831575172	-0.0410180889	0.1340504028	0.0523781659	-0.0460429658	-0.1909408998	-0.1364824932	0.1785727467	0.0185821295	0.1029664753	0.0400610012	-0.1249691759	0.2621931473	-0.1489877092	0.136024874	0.0453838979207006	0.012224658368126	0.0001494422722173	0.0020596981904765	-0.005612148551009	0.0234117774922992	3.1496211358592417e-05	0.0005481113253489	-0.0971398345051568	-0.0543572227333513	0.0029547076632831	0.0094361474476892	0.0016460572313798	-0.0003959907067673	2.709504408977732e-06	1.5680863984606577e-07	-0.0002170769395368	-4.210202179619999e-05	1.772580239327699e-09	4.7122397678663524e-08	0.0005146789320411	-5.195090007053399e-11	2.6988960181386085e-21	2.648944030869672e-07
1317.1216877390743	1.1628612543818235	1734809.5403126276	1.352246296942468	1717.4286999891033	-9.972954615361232	2949561.3395462614	99.4598237600549	1314.925549646326	-0.770505420581685	0.5936786031457594	1729029.2011126927	1401.4891630236734	1118.550567746865	1.125077	23.658674	0.0702701179796062	0.0338036830714893	-0.1677337292	0.0719079812	0.0065796333	0.0582168212	0.1901484172	0.0988342969	0.0375100152	0.0465471463	0.0183178356	-0.0549253699	-0.0455562479	-0.0899250544	-0.215754556	-0.0299504231	0.0575066821	0.0684597426	-0.0497728462	0.0291202272	0.1229388702	-0.1418803347	-0.0833838699	0.2238888605	-0.2039973536	-0.055879879	-0.2060467041	-0.0996766198	0.0719853683	-0.0917605223	-0.0052806004	-0.0390798941	-0.1107663939	-0.1002260208	0.0498676671	-0.142548679	0.0387208709	0.0754924116	-0.1108301216	0.1034911138	-0.0143054732	-0.1330135886	0.1757218943	0.1334905036	0.0417485671	-0.1063047126	-0.0460665572	-0.0360892204	0.1554581629	-0.0194640826	-0.1260504108	0.1371284701	0.1060824826	-0.1325239974	0.0643931771	0.0837840859	-0.144796418	-0.1337531324	-0.0408780293	-0.0048182527	0.0738572369	0.1130588473	-0.0906029149	-0.1007195195	0.1415380602	-0.0581735666	-0.0326594564	-0.1225004208	-0.04382648	0.0326822276	0.0807229879	0.0033224426	0.0198532539	-0.0594109578	0.0004904875	0.0861607642	0.0661232815	0.0734472532	-0.0251645164	-0.1680500836	-0.1502346003	0.1408894722	0.0351148543520736	-0.0102690435686269	0.0001054532558143	0.0012330529961673	-0.0205528452921726	-0.0149406967411635	0.0004224194496039	0.0002232244191114	-0.0969869291103862	0.0001529053947705	2.3380059749953013e-08	0.009406464418263	0.0021451577375515	0.0004991005061717	4.6017017189770695e-06	2.491013152608471e-07	-0.0004732957521849	-0.0002562188126481	6.564807995480218e-08	2.240088690362703e-07	0.0006575090587222	0.0001428301266811	2.0400445087739078e-08	4.323181623017534e-07
1320.7241045011094	3.602416762035091	1744312.1602102574	12.977406527391388	1721.1774898895435	3.748789900440215	2962451.951702469	14.05342571764256	1318.3348818392367	3.409332192910597	11.62354600161658	1738006.8606740742	1405.7136127241506	1135.5783809594416	1.249748	26.280331	0.0553307657027145	0.0245297591975839	-0.0044533953	-0.1614451809	-0.0318811183	-0.1008814474	-0.1390975204	0.0052577349	0.041977422	-0.21982089	0.0009345579	0.203216655	0.0797557567	0.1191347186	0.0248578057	-0.1052649437	-0.1271976495	-0.0120851725	0.1375543096	-0.1685033912	0.0361778207	-0.0958102684	-0.072752184	-0.0424659865	-0.0965682442	0.0677839376	0.1349054685	-0.0356570809	0.167314815	0.0274268863	-0.124223685	-0.059444364	0.0264498303	-0.0534957824	-0.1071036123	0.1345397293	0.0400914063	-0.0905679123	0.1501059161	-0.0262214428	0.1875810618	-0.2328478273	0.1241239207	0.0186405238	-0.0640698282	-0.1265466046	-0.052827723	0.0959249261	0.0058900356	0.0676003103	-0.0292743035	-0.0586661834	0.0140820228	0.0526007471	-0.0814479876	0.1493396323	-0.0548962497	0.1586738313	0.013236136	0.015667385	-0.2042841474	0.002318244	-0.0726893502	-0.0096952707	0.1784708175	-0.1911060634	-0.146035134	-0.0008626906	-0.0627304879	-0.0376593106	0.0104716673	0.163206404	0.0438069742	0.073227168	0.0915250717	-0.0756408464	-0.089878664	-0.041726727	-0.0806673533	-0.1005117068	-0.151276289	0.1449845808	0.0295595723724773	-0.0055552819795962	3.086115787282737e-05	0.0008737683188437	-0.005518820097123	0.0150340251950495	3.0457375264408723e-05	0.0002260219135653	-0.1019222295481299	-0.0049353004377437	2.4357190410793216e-05	0.0103881408760616	0.0018970729105739	-0.0002480848269775	3.598885628033329e-06	6.154608137650567e-08	-0.0002680121831655	0.0002052835690194	4.214134370934277e-08	7.183053032513752e-08	0.0005147542929127	-0.0001427547658094	2.037892316132517e-08	2.6497198207205377e-07
1319.1629210422132	-1.5611834588962663	1740190.8122526242	2.4372937923313107	1751.427755926962	30.25026603741844	3067499.184231354	915.0785953345916	1318.4468514932169	0.111969653980168	0.0125372034124385	1738302.1002123766	1407.8208492816696	1135.726388410407	1.199278	25.219019	0.1001197996087261	0.056245699678776	-0.1129755612	0.0308991314	0.1239657764	0.1718156587	-0.037458094	-0.0520905904	0.0859517004	0.0327144007	0.1101081132	-0.0408287907	0.0764133787	0.1593677589	-0.0430143447	-0.2172264796	-0.097599139	-0.0159452475	0.0243870069	-0.0271752769	0.0024903639	0.2179599927	-0.1573489555	-0.1887314925	-0.0437729807	-0.1652523042	0.0005599025	0.0522751424	-0.1354434786	0.1210673049	0.0662652479	0.0736479914	-0.0148254989	0.186597721	0.1200637324	0.0801533758	0.1171758171	0.0784364968	0.0135807077	-0.2591659912	0.0154970157	-0.1517293182	0.0220655587	0.0139772918	-0.037381212	0.0361427687	-0.0542494166	-0.087948209	-0.2397085864	-0.2455772217	-0.0512664534	-0.0480058451	0.021678158	-0.0654545793	-0.0085527254	0.0090773827	-0.1060471854	-0.0070744985	-0.1040183157	0.1274833322	0.0966491309	0.0898429116	-0.0237230588	-0.0762861784	0.0201422832	-0.182085728	-0.060094397	0.1600619236	-0.0456819099	0.14743736	-0.2762081596	0.1278186548	-0.0773472189	-0.0652440789	0.1713642213	0.0051014174	0.0356938084	-0.0290508135	0.0700707198	-0.0361060736	-0.1521113526	0.148287834	0.0452341889755416	0.0156746166030643	0.000245693605653	0.002046131852275	0.0128654466398927	0.0183842667370157	0.0001655197172439	0.0003379812634577	-0.116621356181966	-0.014699126633836	0.0002160643237975	0.0136005407177209	0.0027181299421834	0.0008210570316095	7.388230382593934e-06	6.741346491554035e-07	-0.0004733005553492	-0.0002052883721837	4.2143315753833336e-08	2.2401341569386118e-07	0.0005156446818157	8.903889030000001e-07	7.927923985855435e-13	2.658894378848145e-07
1312.9469802996855	-6.215940742527664	1723829.7730780628	38.63791931461537	1720.6341536354885	-30.793602291473466	2960581.8906569136	948.2459420854397	1314.023171007311	-4.423680485905834	19.568949041384077	1726656.8939441089	1401.0985902517434	1116.0128626214498	1.133605	23.838022	0.0991944898564806	0.0647162652876673	-0.2297304382	0.0642559117	-0.0259473973	0.0364468967	0.1814905574	0.0238501099	0.0940896881	-0.3341843877	-0.10627122	-0.0737754953	0.0488367912	-0.002979534	-0.1064556755	0.057425819	-0.1958822546	0.001708741	-0.0751498607	-0.0412665663	0.2909540978	-0.0925269998	-0.0448609972	0.0178945372	0.1980891488	0.0780070651	0.0828732915	0.1845638251	0.0685647426	0.1354751815	-0.0888234473	-0.0092629763	0.1316864184	-0.0891436512	0.0560248517	-0.1233765128	0.0354819997	0.157759417	0.3092921663	-0.0173433612	-0.010570061	-0.1177929406	-0.0334290546	-0.0308992272	0.0527505921	-0.1163060787	-0.199502427	0.021748523	0.0574417781	0.0549417348	0.1593603428	-0.0080488865	-0.0510886251	-0.044437823	0.0714354727	-0.0070042062	-0.1513829695	-0.100462128	-0.0267918091	0.0690797024	-0.2396926715	-0.017334172	-0.1993960666	-0.0458107096	0.0141103575	-0.0750418612	-0.0993056497	0.0513264257	0.2079532178	0.1595437012	-0.1283184465	0.152813498	-0.1117912929	-0.0614063235	-0.0815854854	0.1521333768	-0.1443967188	0.011361541	-0.0714271972	0.1279724948	-0.1527386503	0.1507811905	0.0305506082650879	-0.0146835807104537	0.0002156075424804	0.0009333396653668	0.0108691264117908	-0.0019963202281019	0.0001181379089554	3.985294453128827e-06	-0.0587369179615109	0.057884438220455	0.0033506081880976	0.0034500255316172	0.0024561813025105	-0.0002619486396728	6.032826590802177e-06	6.861708982648271e-08	-0.0004730840665787	2.1648877050002482e-07	4.6867387752612416e-14	2.2380853405063986e-07	0.0007460825673217	0.000230437885506	5.310161907647638e-08	5.566391972613391e-07
1314.5760376728429	1.629057373157366	1728110.1588236317	2.653827925038377	1702.017547521214	-18.61660611427442	2896863.732070128	346.57802321403966	1313.4131702319996	-0.6100007753113914	0.3721009458804986	1725054.1557388715	1398.1412940518169	1090.8867367330374	1.328964	27.946123	0.0822363706781727	0.0440326528403231	-0.098675211	-0.2457542981	0.0129291767	-0.1810386313	0.0132549707	0.1175282273	0.1616799865	0.0863872683	-0.1322443941	-0.023633381	-0.0325716774	0.1018143872	0.0049504468	-0.0794415726	0.0397903565	0.1811249619	0.0832213829	0.0538539707	0.1429697151	0.0583119802	0.0177207866	-0.0100115953	-0.0619761142	0.0126620727	0.0071173257	-0.1660354012	0.007521908	-0.0020148758	0.0552682636	0.1255111034	-0.0441497148	0.1514823303	-0.1641324349	0.0227328437	-0.0540501735	0.1851515494	-0.037280411	0.057088846	0.0128222238	-0.0893653631	0.0388245209	0.085044415	-0.1028006761	-0.0191937023	-0.1153828288	-0.0586507562	-0.0603775039	-0.0485121496	-0.095316647	0.0278494045	0.1243931945	0.0130415131	0.044610262	-0.1895395933	-0.080928651	0.183319708	-0.0403739377	0.0997236797	0.0259892853	0.0232255655	-0.1738442163	-0.0240447907	0.075971847	-0.0820349901	-0.129654768	-0.1756803308	0.1009136981	0.0557016998	-0.2298020961	-0.0472028248	0.0648078313	0.0067334529	0.0743803358	-0.1748846932	0.0308972756	0.0175151283	0.2494495038	0.0090258556	-0.1531573254	0.1524510324	0.0324345625719644	0.0018839543068765	3.549283830398514e-06	0.0010520008492346	0.0107609682817724	-0.0001081581300183	0.0001157984383613	1.1698181089076984e-08	-0.0993116831629237	-0.0405747652014128	0.0016463115711497	0.0098628104126529	0.0019910952245701	-0.0004650860779404	3.964460193305857e-06	2.1630505989398402e-07	-0.0003759882973146	9.709576926410002e-05	9.42758840898735e-09	1.4136719971753204e-07	0.0005148745537289	-0.0002312080135928	5.3457145549528424e-08	2.65095806077534e-07
1319.9530460022158	5.377008329372984	1742276.0436505275	28.912218574146447	1715.2589744955806	13.241426974366505	2942113.3495876305	175.3353883174809	1318.1366345379804	4.7234643059807695	22.31111504987439	1737484.187311113	1402.469603345218	1129.2839918305224	1.291482	27.157932	0.0884120950207086	0.0446432581981935	-0.0967485458	0.0973070742	0.0152018632	0.034225962	0.1355871685	0.1665596308	-0.0729587781	0.061353152	0.0316626144	-0.0837413651	-0.0134788947	-0.0635822623	-0.159284805	-0.0525699353	-0.0760699044	0.1368895722	0.0371695535	-0.1484194123	-0.0836745362	-0.0276506193	0.1126197737	0.1971236785	-0.0838031026	0.252274369	-0.0420810567	0.0105275467	-0.1229019685	0.1133246273	0.3006968976	0.1123307812	0.059085886	-0.0301211986	0.0662471097	-0.1555586593	-0.055791233	0.0702526562	-0.1389965282	0.0433565588	0.0386674272	-0.182906201	0.1668050365	0.072477132	0.063124252	0.0394400471	0.0548539231	0.1131403643	0.0883000138	-0.0886569322	-0.018432114	-0.0601884713	0.1194805751	-0.0042619455	0.0316664071	-0.1639738999	-0.108165454	-0.1483054283	-0.0199998542	-0.021470426	0.0675784119	0.1276085538	-0.1386115065	0.0434168903	0.1113724709	-0.0531282401	-0.1243871486	-0.1366889188	-0.0013241076	-0.0005643691	-0.1317563406	-0.0523643606	0.1855881965	-0.0468330849	-0.1069459169	-0.1030148508	0.1558687381	-0.0330694793	0.0122563997	0.0323887897	-0.153366806	0.1532882396	0.0345394346947358	0.0021048721227713	4.430486653220171e-06	0.0011929725490319	-0.0246891156837278	-0.0354500839655002	0.0006095524332444	0.001256708453161	-0.0816502537396317	0.017661429423292	0.0003119260892739	0.0066667639357462	0.0025041313457878	0.0005130361212177	6.270673796957019e-06	2.6320606167410264e-07	-0.0004167184161256	-4.073011881100005e-05	1.6589425783581794e-09	1.7365423833822874e-07	0.0006250225038831	0.0001101479501542	1.2132570923172129e-08	3.906531303602998e-07
